sample_id,sample,ground_truth_id,ground_truth_label,predicted_id,predicted_label,raw_generation,correct
0,how do i locate my card?,0,card_arrival,-1,card_location, card_location,False
1,"i still have not received my new card, i ordered over a week ago.",0,card_arrival,7,card_delivery_estimate, card_delivery_estimate,False
2,i ordered a card but it has not arrived. help please!,0,card_arrival,0,card_arrival, card_arrival,True
3,is there a way to know when my card will arrive?,0,card_arrival,0,card_arrival, card_arrival,True
4,my card has not arrived yet.,0,card_arrival,0,card_arrival, card_arrival,True
5,when will i get my card?,0,card_arrival,0,card_arrival, card_arrival,True
6,do you know if there is a tracking number for the new card you sent me?,0,card_arrival,7,card_delivery_estimate, card_delivery_estimate,False
7,i have not received my card,0,card_arrival,0,card_arrival, card_arrival,True
8,still waiting on that card,0,card_arrival,7,card_delivery_estimate, card_delivery_estimate,False
9,is it normal to have to wait over a week for my new card?,0,card_arrival,7,card_delivery_estimate, card_delivery_estimate,False
10,how do i track my card?,0,card_arrival,7,card_delivery_estimate, card_delivery_estimate,False
11,how long does a card delivery take?,0,card_arrival,7,card_delivery_estimate, card_delivery_estimate,False
12,i still don't have my card after 2 weeks. what should i do?,0,card_arrival,7,card_delivery_estimate, card_delivery_estimate,False
13,still waiting on my new card,0,card_arrival,7,card_delivery_estimate, card_delivery_estimate,False
14,i am still waiting for my card after 1 week. is this ok?,0,card_arrival,7,card_delivery_estimate, card_delivery_estimate,False
15,"i have been waiting longer than expected for my bank card, could you provide information on when it will arrive?",0,card_arrival,0,card_arrival, card_arrival,True
16,i've been waiting longer than expected for my card.,0,card_arrival,7,card_delivery_estimate, card_delivery_estimate,False
17,why hasn't my card been delivered?,0,card_arrival,7,card_delivery_estimate, card_delivery_estimate,False
18,where is my new card? i have been waiting a week!,0,card_arrival,7,card_delivery_estimate, card_delivery_estimate,False
19,my card still hasn't arrived after 2 weeks. is it lost?,0,card_arrival,0,card_arrival, card_arrival,True
20,"i did not get my card yet, is it lost?",0,card_arrival,7,card_delivery_estimate, card_delivery_estimate,False
21,status of the card i ordered.,0,card_arrival,7,card_delivery_estimate, card_delivery_estimate,False
22,how long should my new card take to arrive?,0,card_arrival,0,card_arrival, card_arrival,True
23,i ordered my card 2 weeks ago and it still isn't here? what do i do?,0,card_arrival,7,card_delivery_estimate, card_delivery_estimate,False
24,"my card has not arrived yet, where is it?",0,card_arrival,0,card_arrival, card_arrival,True
25,what is the tracking number for my card that was mailed?,0,card_arrival,7,card_delivery_estimate, card_delivery_estimate,False
26,i think something went wrong with my card delivery as i haven't received it yet.,0,card_arrival,7,card_delivery_estimate, card_delivery_estimate,False
27,"i'm still waiting for delivery of my new card, why is it taking so long?",0,card_arrival,7,card_delivery_estimate, card_delivery_estimate,False
28,"i ordered a card a week ago, and it's still not here. what do i do?",0,card_arrival,7,card_delivery_estimate, card_delivery_estimate,False
29,i want to track the card you sent,0,card_arrival,0,card_arrival, card_arrival,True
30,my card hasn't arrived yet.,0,card_arrival,0,card_arrival, card_arrival,True
31,i was expecting my new card and am wondering why i haven't received it yet?,0,card_arrival,7,card_delivery_estimate, card_delivery_estimate,False
32,how do i know when my card will arrive?,0,card_arrival,0,card_arrival, card_arrival,True
33,i'm still waiting on my card to be delivered.,0,card_arrival,7,card_delivery_estimate, card_delivery_estimate,False
34,does the card you sent have a way to track to it?,0,card_arrival,7,card_delivery_estimate, card_delivery_estimate,False
35,i ordered a card and i still haven't received it. it's been two weeks. what can i do?,0,card_arrival,7,card_delivery_estimate, card_delivery_estimate,False
36,"i'm starting to think my card is lost because it still hasn't arrived, can you help?",0,card_arrival,7,card_delivery_estimate, card_delivery_estimate,False
37,is there tracking info available?,0,card_arrival,7,card_delivery_estimate, card_delivery_estimate,False
38,what is the tracking number for the card you sent?,0,card_arrival,7,card_delivery_estimate, card_delivery_estimate,False
39,where is the tracking number for the card you sent me?,0,card_arrival,7,card_delivery_estimate, card_delivery_estimate,False
40,why won't my card show up on the app?,1,card_linking,0,card_arrival, card_arrival,False
41,i would like to reactivate my card.,1,card_linking,71,activate_my_card, activate_my_card,False
42,where do i link the new card?,1,card_linking,1,card_linking, card_linking,True
43,"i have received my card, can you help me put it in the app?",1,card_linking,1,card_linking, card_linking,True
44,how do i link a card that i already have?,1,card_linking,1,card_linking, card_linking,True
45,"i received my new card, but i don't see it in the app anywhere. what do i do?",1,card_linking,0,card_arrival, card_arrival,False
46,how do i re-add a card to the app?,1,card_linking,1,card_linking, card_linking,True
47,how do i add the card to my account?,1,card_linking,1,card_linking, card_linking,True
48,can i put my old card back into the system? i just found it/,1,card_linking,9,card_not_working, card_not_working,False
49,"i have one of your cards already, how do i link it?",1,card_linking,1,card_linking, card_linking,True
50,how do i link a new card?,1,card_linking,1,card_linking, card_linking,True
51,can i link an existing card?,1,card_linking,1,card_linking, card_linking,True
52,how do i link one your card if i have one already?,1,card_linking,1,card_linking, card_linking,True
53,how do i add a card to the app?,1,card_linking,1,card_linking, card_linking,True
54,can i link my new card?,1,card_linking,1,card_linking, card_linking,True
55,"hello, i found the card i misplaced and i need to reactive it, how do i do that?",1,card_linking,71,activate_my_card, activate_my_card,False
56,can you tell me how to link one of your cards that i already have?,1,card_linking,1,card_linking, card_linking,True
57,how do i view the card i received in the app?,1,card_linking,0,card_arrival, card_arrival,False
58,where on the website do i go to link my card?,1,card_linking,1,card_linking, card_linking,True
59,"i found my card, can i add it to the app?",1,card_linking,1,card_linking, card_linking,True
60,how do i link to my credit card with you?,1,card_linking,1,card_linking, card_linking,True
61,i've received my card so now i need to know how to sync it to the app.,1,card_linking,1,card_linking, card_linking,True
62,"i found my card, i would like to reactivate it.",1,card_linking,71,activate_my_card, activate_my_card,False
63,how do i link this new card?,1,card_linking,1,card_linking, card_linking,True
64,can i reactivate my lost card that i found this morning in my jacket pocket?,1,card_linking,11,lost_or_stolen_card, lost_or_stolen_card,False
65,how do i link an already existing card?,1,card_linking,1,card_linking, card_linking,True
66,the app doesn't show the card i received.,1,card_linking,0,card_arrival, card_arrival,False
67,how do i link a card i already have?,1,card_linking,1,card_linking, card_linking,True
68,i would like to link my card. how do i do it?,1,card_linking,1,card_linking, card_linking,True
69,can you please show me where i can find the location to link my card?,1,card_linking,1,card_linking, card_linking,True
70,where do i go if i want to link my new card?,1,card_linking,1,card_linking, card_linking,True
71,is there a way to make my old card usable with the app?,1,card_linking,71,activate_my_card, activate_my_card,False
72,can i reactivate a card i thought i lost?,1,card_linking,11,lost_or_stolen_card, lost_or_stolen_card,False
73,how do i link my card,1,card_linking,1,card_linking, card_linking,True
74,where do i need to go in the app to enter my card info?,1,card_linking,1,card_linking, card_linking,True
75,i have found my lost or stolen card. is there a way i can link the card with my account through my app again?,1,card_linking,11,lost_or_stolen_card, lost_or_stolen_card,False
76,"could you help me reactivate my card? it was previously lost, but i found it this morning in my jacket.",1,card_linking,11,lost_or_stolen_card, lost_or_stolen_card,False
77,"i already have one of your cards, how do i link them?",1,card_linking,1,card_linking, card_linking,True
78,how do i link my replacement card?,1,card_linking,1,card_linking, card_linking,True
79,can i link another card to my account?,1,card_linking,1,card_linking, card_linking,True
80,i need to know your exchange rates.,2,exchange_rate,2,exchange_rate, exchange_rate,True
81,what exchange rates do you offer?,2,exchange_rate,2,exchange_rate, exchange_rate,True
82,how did you come up with your exchange rates?,2,exchange_rate,2,exchange_rate, exchange_rate,True
83,where do you guys acquire your exchange rate?,2,exchange_rate,2,exchange_rate, exchange_rate,True
84,how do i find the exchange rate?,2,exchange_rate,2,exchange_rate, exchange_rate,True
85,what are your international exchange rates?,2,exchange_rate,2,exchange_rate, exchange_rate,True
86,how often do your exchange rates change,2,exchange_rate,2,exchange_rate, exchange_rate,True
87,please advise what is the exchange rate,2,exchange_rate,2,exchange_rate, exchange_rate,True
88,how are exchange rates calculated?,2,exchange_rate,2,exchange_rate, exchange_rate,True
89,what are exchange rates based on,2,exchange_rate,2,exchange_rate, exchange_rate,True
90,what are exchange rates,2,exchange_rate,2,exchange_rate, exchange_rate,True
91,what are the most current exchange rates?,2,exchange_rate,2,exchange_rate, exchange_rate,True
92,can you explain your exchange rate policy to me?,2,exchange_rate,2,exchange_rate, exchange_rate,True
93,is it a good time to exchange?,2,exchange_rate,2,exchange_rate, exchange_rate,True
94,what is the exchange rate like on this app?,2,exchange_rate,2,exchange_rate, exchange_rate,True
95,do you have a list of exchange rates?,2,exchange_rate,2,exchange_rate, exchange_rate,True
96,can you tell me where you get your exchange rates?,2,exchange_rate,2,exchange_rate, exchange_rate,True
97,will i get a curreng foreign exchange rate?,2,exchange_rate,2,exchange_rate, exchange_rate,True
98,what currencies is an exchange rate calculated in?,2,exchange_rate,2,exchange_rate, exchange_rate,True
99,where do you get your exchange rates from?,2,exchange_rate,2,exchange_rate, exchange_rate,True
100,what is the base of the exchange rates?,2,exchange_rate,2,exchange_rate, exchange_rate,True
101,what exchange rate do you use?,2,exchange_rate,2,exchange_rate, exchange_rate,True
102,the exchange rates are?,2,exchange_rate,2,exchange_rate, exchange_rate,True
103,what do you base your exchange rates on?,2,exchange_rate,2,exchange_rate, exchange_rate,True
104,what foreign exchange rate will you use?,2,exchange_rate,2,exchange_rate, exchange_rate,True
105,how much will i get with the exchange rate?,2,exchange_rate,2,exchange_rate, exchange_rate,True
106,the exchange rate would be?,2,exchange_rate,2,exchange_rate, exchange_rate,True
107,what is the exchange rate like?,2,exchange_rate,2,exchange_rate, exchange_rate,True
108,how do your exchange rates work?,2,exchange_rate,2,exchange_rate, exchange_rate,True
109,what is the exchange rate?,2,exchange_rate,2,exchange_rate, exchange_rate,True
110,where did your guys exchange rates come from?,2,exchange_rate,2,exchange_rate, exchange_rate,True
111,how are you determining your exchange rates?,2,exchange_rate,2,exchange_rate, exchange_rate,True
112,i'm trying to figure out the current exchange rate.,2,exchange_rate,2,exchange_rate, exchange_rate,True
113,from where are you getting your exchange rates?,2,exchange_rate,2,exchange_rate, exchange_rate,True
114,can you tell me the foreign exchange rate?,2,exchange_rate,2,exchange_rate, exchange_rate,True
115,why do your exchange rates change,2,exchange_rate,2,exchange_rate, exchange_rate,True
116,what kind of foreign exchange rate will i get when i exchange my money?,2,exchange_rate,2,exchange_rate, exchange_rate,True
117,what is my foreign exchange rate?,2,exchange_rate,2,exchange_rate, exchange_rate,True
118,when does the rate get determined,2,exchange_rate,2,exchange_rate, exchange_rate,True
119,what is the current exchange rate for me?,2,exchange_rate,2,exchange_rate, exchange_rate,True
120,i purchased something in a foreign currency but the rate applied is wrong,3,card_payment_wrong_exchange_rate,2,exchange_rate, exchange_rate,False
121,i made a currency exchange and think i was charged more than i should of been.,3,card_payment_wrong_exchange_rate,2,exchange_rate, exchange_rate,False
122,the card payment exchange rate is wrong,3,card_payment_wrong_exchange_rate,3,card_payment_wrong_exchange_rate, card_payment_wrong_exchange_rate,True
123,the exchange rate was wrong when i bought something outside the country.,3,card_payment_wrong_exchange_rate,2,exchange_rate, exchange_rate,False
124,the exchange rate on my purchase is wrong.,3,card_payment_wrong_exchange_rate,2,exchange_rate, exchange_rate,False
125,this rate is too low. are you sure your using the right exchange rate.,3,card_payment_wrong_exchange_rate,2,exchange_rate, exchange_rate,False
126,"i bought something, but the exchange rate looks wrong.",3,card_payment_wrong_exchange_rate,2,exchange_rate, exchange_rate,False
127,the rate applied to my foreign purchase was incorrect,3,card_payment_wrong_exchange_rate,2,exchange_rate, exchange_rate,False
128,i bought something in a foreign currency but the rate applied is wrong!,3,card_payment_wrong_exchange_rate,2,exchange_rate, exchange_rate,False
129,my exchange went wrong. i swapped russian ruble for uk pounds and was charged too much.,3,card_payment_wrong_exchange_rate,2,exchange_rate, exchange_rate,False
130,you did not apply the correct exchange rate for an item that i bought.,3,card_payment_wrong_exchange_rate,2,exchange_rate, exchange_rate,False
131,the rate of exchange for my card payment is incorrect,3,card_payment_wrong_exchange_rate,2,exchange_rate, exchange_rate,False
132,the rate for a currency exchange was wrong when i bought something.,3,card_payment_wrong_exchange_rate,2,exchange_rate, exchange_rate,False
133,why is the exchange rate wrong when i purchase something abroad?,3,card_payment_wrong_exchange_rate,2,exchange_rate, exchange_rate,False
134,i bought an item and noticed the exchange rate was not correct.,3,card_payment_wrong_exchange_rate,2,exchange_rate, exchange_rate,False
135,i bought something overseas and the wrong exchange rate is on my statement.,3,card_payment_wrong_exchange_rate,2,exchange_rate, exchange_rate,False
136,the exchange rate for my transaction last saturday seems to have been wrong i got charged extra. please fix.,3,card_payment_wrong_exchange_rate,2,exchange_rate, exchange_rate,False
137,why is your exchange rate for my card payment wrong,3,card_payment_wrong_exchange_rate,2,exchange_rate, exchange_rate,False
138,why am i being charged more ?,3,card_payment_wrong_exchange_rate,70,top_up_by_card_charge, top_up_by_card_charge,False
139,i purchased an item and the exchange rate i was given was incorrect.,3,card_payment_wrong_exchange_rate,2,exchange_rate, exchange_rate,False
140,i don't think my card payment exchange rate is correct.,3,card_payment_wrong_exchange_rate,2,exchange_rate, exchange_rate,False
141,"when i made a purchase last saturday, i was charged extra. did i receive the right exchange rate?",3,card_payment_wrong_exchange_rate,2,exchange_rate, exchange_rate,False
142,they charged me wrong for a currency exchange on a purchase.,3,card_payment_wrong_exchange_rate,2,exchange_rate, exchange_rate,False
143,i believe my card payment exchange rate is incorrect.,3,card_payment_wrong_exchange_rate,2,exchange_rate, exchange_rate,False
144,"hi, i have been overcharged for my payment last saturday. i guess exchange rate was wrong.",3,card_payment_wrong_exchange_rate,2,exchange_rate, exchange_rate,False
145,the exchange rate seems off on this transaction,3,card_payment_wrong_exchange_rate,2,exchange_rate, exchange_rate,False
146,"the exchange rate given to me wasn't correct, after i purchased an item",3,card_payment_wrong_exchange_rate,2,exchange_rate, exchange_rate,False
147,"hi, i don't think your exchange rate is right. i need you to check the official interbank exchange please.",3,card_payment_wrong_exchange_rate,2,exchange_rate, exchange_rate,False
148,i'm pretty sure something went wrong with my exchange. i changed russian ruble to uk pounds and was charged way too much!,3,card_payment_wrong_exchange_rate,2,exchange_rate, exchange_rate,False
149,i wasn't applied the correct exchange rate for an item i bought,3,card_payment_wrong_exchange_rate,2,exchange_rate, exchange_rate,False
150,the conversion value for my card payments is incorrect.,3,card_payment_wrong_exchange_rate,2,exchange_rate, exchange_rate,False
151,the wrong exchange rate was used when i bought something with a foriegn currency.,3,card_payment_wrong_exchange_rate,2,exchange_rate, exchange_rate,False
152,i paid for something in foreign currency but noticed the exchange rate is incorrect.,3,card_payment_wrong_exchange_rate,2,exchange_rate, exchange_rate,False
153,the incorrect rate was used in my foreign purchase,3,card_payment_wrong_exchange_rate,2,exchange_rate, exchange_rate,False
154,why was the exchange rate incorrect for an item i recently bought?,3,card_payment_wrong_exchange_rate,2,exchange_rate, exchange_rate,False
155,why is my exchange rate wrong for an item i bought?,3,card_payment_wrong_exchange_rate,2,exchange_rate, exchange_rate,False
156,how can i check the exchange rate applied to my transaction?,3,card_payment_wrong_exchange_rate,2,exchange_rate, exchange_rate,False
157,your exchange rate is totally wrong for my card payment,3,card_payment_wrong_exchange_rate,2,exchange_rate, exchange_rate,False
158,the wrong rate was applied to an item i bought in a currency different from mine. can this be changed?,3,card_payment_wrong_exchange_rate,2,exchange_rate, exchange_rate,False
159,i go the wrong exchange rate applied to my purchase in a foreign country.,3,card_payment_wrong_exchange_rate,2,exchange_rate, exchange_rate,False
160,my statement has a dollar i have been charged showing up on it.,4,extra_charge_on_statement,2,exchange_rate, exchange_rate,False
161,why is there a fee for an extra pound in my statement?,4,extra_charge_on_statement,2,exchange_rate, exchange_rate,False
162,i'm not okay with this fee on my statement.,4,extra_charge_on_statement,4,extra_charge_on_statement, extra_charge_on_statement,True
163,why is there an extra dollar charged to my account?,4,extra_charge_on_statement,2,exchange_rate, exchange_rate,False
164,there is a fee i don't recognize on my statement.,4,extra_charge_on_statement,4,extra_charge_on_statement, extra_charge_on_statement,True
165,i would like a refund on the extra pound i was charged.,4,extra_charge_on_statement,44,Refund_not_showing_up, Refund_not_showing_up,False
166,can you explain what this random $1 charge is?,4,extra_charge_on_statement,15,top_up_by_bank_transfer_charge, top_up_by_bank_transfer_charge,False
167,what is this $1 charge on my statement?,4,extra_charge_on_statement,2,exchange_rate, exchange_rate,False
168,why does my statement have these extra charges?,4,extra_charge_on_statement,4,extra_charge_on_statement, extra_charge_on_statement,True
169,"i do not remember purchasing anything for 1£, and it is on my statement. can you please tell me what that is about?",4,extra_charge_on_statement,20,card_payment_fee_charged, card_payment_fee_charged,False
170,i can see an extra 1£ charge on my app. why did you charge me extra?,4,extra_charge_on_statement,4,extra_charge_on_statement, extra_charge_on_statement,True
171,can you tell me why i noticed a $1 charge on my statement?,4,extra_charge_on_statement,20,card_payment_fee_charged, card_payment_fee_charged,False
172,when will the $1 transaction be credited to me?,4,extra_charge_on_statement,20,card_payment_fee_charged, card_payment_fee_charged,False
173,where did this fee come from?,4,extra_charge_on_statement,15,top_up_by_bank_transfer_charge, top_up_by_bank_transfer_charge,False
174,"i noticed an extra $1 charge on my statement, can you tell me why that is?",4,extra_charge_on_statement,4,extra_charge_on_statement, extra_charge_on_statement,True
175,there is an extra $1 charge,4,extra_charge_on_statement,4,extra_charge_on_statement, extra_charge_on_statement,True
176,i need information about an extra €1 fee in my statement.,4,extra_charge_on_statement,2,exchange_rate, exchange_rate,False
177,why is there an extra 1 pound charge on my card?,4,extra_charge_on_statement,4,extra_charge_on_statement, extra_charge_on_statement,True
178,why are there so many fees on my statement?,4,extra_charge_on_statement,20,card_payment_fee_charged, card_payment_fee_charged,False
179,what would be the reason there's an extra fee on my statement?,4,extra_charge_on_statement,4,extra_charge_on_statement, extra_charge_on_statement,True
180,where did this 1 euro fee come from?,4,extra_charge_on_statement,2,exchange_rate, exchange_rate,False
181,i got a extra €1 fee in my statement,4,extra_charge_on_statement,4,extra_charge_on_statement, extra_charge_on_statement,True
182,i have a 1 euro fee on my statement.,4,extra_charge_on_statement,2,exchange_rate, exchange_rate,False
183,why was i overcharged a pound!?,4,extra_charge_on_statement,20,card_payment_fee_charged, card_payment_fee_charged,False
184,"something went wrong, i was charged an extra pound?",4,extra_charge_on_statement,4,extra_charge_on_statement, extra_charge_on_statement,True
185,where did the extra fee on my statement come from?,4,extra_charge_on_statement,4,extra_charge_on_statement, extra_charge_on_statement,True
186,there is an extra charge on my app that i was not told about or i was aware of!,4,extra_charge_on_statement,4,extra_charge_on_statement, extra_charge_on_statement,True
187,i am seeing an extra fee on my statement what is that for?,4,extra_charge_on_statement,4,extra_charge_on_statement, extra_charge_on_statement,True
188,what is this €1 fee in my statement?,4,extra_charge_on_statement,2,exchange_rate, exchange_rate,False
189,"i am a new customer, and i happened to look at my app and there is a charge i am not familiar with. could you tell me why the extra charge is there?",4,extra_charge_on_statement,4,extra_charge_on_statement, extra_charge_on_statement,True
190,for some reason my account's been charged an extra dollar.,4,extra_charge_on_statement,20,card_payment_fee_charged, card_payment_fee_charged,False
191,there is a transaction for $1 and i don't know why it was charged.,4,extra_charge_on_statement,20,card_payment_fee_charged, card_payment_fee_charged,False
192,"can you help me with a weird charge? it's a pound charge that never goes away from the statement view on the app i'm using. it's not described as anything but ""pending"", and that status has never changed during the last two days.",4,extra_charge_on_statement,2,exchange_rate, exchange_rate,False
193,what is the purpose of the extra fee that is showing up on my statement?,4,extra_charge_on_statement,4,extra_charge_on_statement, extra_charge_on_statement,True
194,"$1 extra has been charged on my statement, why is that?",4,extra_charge_on_statement,4,extra_charge_on_statement, extra_charge_on_statement,True
195,what is the extra €1 fee in my statement,4,extra_charge_on_statement,4,extra_charge_on_statement, extra_charge_on_statement,True
196,"it's been two weeks, why has the transaction for $1.00 not been reversed?",4,extra_charge_on_statement,21,transfer_not_received_by_recipient, transfer_not_received_by_recipient,False
197,what is the €1 fee for?,4,extra_charge_on_statement,70,top_up_by_card_charge, top_up_by_card_charge,False
198,i'm quite confused as to what is going on. there is some odd extra pound charge on my statement in the app that's just listed as pending and doesn't go away since a couple days.,4,extra_charge_on_statement,4,extra_charge_on_statement, extra_charge_on_statement,True
199,can you please check why i am having this extra fee on my statement.,4,extra_charge_on_statement,4,extra_charge_on_statement, extra_charge_on_statement,True
200,my withdrawl is still pending. why?,5,pending_cash_withdrawal,5,pending_cash_withdrawal, pending_cash_withdrawal,True
201,my card was denied at an atm earlier today but the transaction is pending. please cancel it as i did not receive my money.,5,pending_cash_withdrawal,27,card_payment_not_recognised, card_payment_not_recognised,False
202,my transaction is still showing that is pending from my cash withdrawal.,5,pending_cash_withdrawal,5,pending_cash_withdrawal, pending_cash_withdrawal,True
203,"hey i tried to get some money out earlier but the machine didn't work. now just saw the transaction still seems in progress! can you please check what's going there, seems something is broken, i don't want to be charged for money that i haven't actually received!",5,pending_cash_withdrawal,39,declined_cash_withdrawal, declined_cash_withdrawal,False
204,how long does the cash withdrawal take to pend?,5,pending_cash_withdrawal,5,pending_cash_withdrawal, pending_cash_withdrawal,True
205,why is it taking so long for my cash withdrawal to no longer show as pending?,5,pending_cash_withdrawal,5,pending_cash_withdrawal, pending_cash_withdrawal,True
206,"i tried taking money from the atm but no money came out, but the transaction is still pending? how is this possible?",5,pending_cash_withdrawal,68,cash_withdrawal_not_recognised, cash_withdrawal_not_recognised,False
207,"i got some cash of an atm earlier but this shows up as pending in the app. how can this be still pending, i've got the cash already?",5,pending_cash_withdrawal,5,pending_cash_withdrawal, pending_cash_withdrawal,True
208,why is my withdrawal still pending?,5,pending_cash_withdrawal,5,pending_cash_withdrawal, pending_cash_withdrawal,True
209,are you sure when the withdrawal will show?,5,pending_cash_withdrawal,68,cash_withdrawal_not_recognised, cash_withdrawal_not_recognised,False
210,"hi! i was wondering if you can help me. i used the city centre atm to get some cash, but the machine declined my card. my account shows that transaction is still pending. i didn't receive the money, so please cancel that transaction.",5,pending_cash_withdrawal,39,declined_cash_withdrawal, declined_cash_withdrawal,False
211,why is a transaction showing as pending when i recieved cash from an atm?,5,pending_cash_withdrawal,5,pending_cash_withdrawal, pending_cash_withdrawal,True
212,my cash in the atm is still pending,5,pending_cash_withdrawal,5,pending_cash_withdrawal, pending_cash_withdrawal,True
213,my atm cash out is still pending,5,pending_cash_withdrawal,5,pending_cash_withdrawal, pending_cash_withdrawal,True
214,i am still waiting for a cash withdrawal to show,5,pending_cash_withdrawal,68,cash_withdrawal_not_recognised, cash_withdrawal_not_recognised,False
215,is my pending cash withdrawal processed?,5,pending_cash_withdrawal,5,pending_cash_withdrawal, pending_cash_withdrawal,True
216,how long til my cash out goes through?,5,pending_cash_withdrawal,5,pending_cash_withdrawal, pending_cash_withdrawal,True
217,why is my atm cash withdrawal showing up as a pending transaction?,5,pending_cash_withdrawal,68,cash_withdrawal_not_recognised, cash_withdrawal_not_recognised,False
218,"hi,i tried to get some money out but the machine was not working .the transaction still seems in progress! can you please check what's going on.i don't want to be charged for money that i did not received.",5,pending_cash_withdrawal,68,cash_withdrawal_not_recognised, cash_withdrawal_not_recognised,False
219,"hey, my card was declined at an atm in the city centre theatre. my account says the transaction is pending, though. i didn't get the money, though, so what does that mean?",5,pending_cash_withdrawal,39,declined_cash_withdrawal, declined_cash_withdrawal,False
220,why do i have a pending cash withdrawal?,5,pending_cash_withdrawal,5,pending_cash_withdrawal, pending_cash_withdrawal,True
221,i have a pending cash withdrawal,5,pending_cash_withdrawal,5,pending_cash_withdrawal, pending_cash_withdrawal,True
222,i made a withdrawal from my account but it has not posted?,5,pending_cash_withdrawal,68,cash_withdrawal_not_recognised, cash_withdrawal_not_recognised,False
223,is my cash withdrawal pending?,5,pending_cash_withdrawal,5,pending_cash_withdrawal, pending_cash_withdrawal,True
224,i'm not quite understanding why my cash withdrawal is showing as pending.,5,pending_cash_withdrawal,5,pending_cash_withdrawal, pending_cash_withdrawal,True
225,i made a cash withdrawal but the pending status is taking forever.,5,pending_cash_withdrawal,68,cash_withdrawal_not_recognised, cash_withdrawal_not_recognised,False
226,my cash withdrawal is still showing as pending.,5,pending_cash_withdrawal,5,pending_cash_withdrawal, pending_cash_withdrawal,True
227,why am i unable to take money from my card but the statement says the transaction is still pending?,5,pending_cash_withdrawal,5,pending_cash_withdrawal, pending_cash_withdrawal,True
228,why does my account have a pending cash withdrawal?,5,pending_cash_withdrawal,5,pending_cash_withdrawal, pending_cash_withdrawal,True
229,i have a pending transaction in my app. how is it still pending if i pulled the cash out from the atm earlier?,5,pending_cash_withdrawal,5,pending_cash_withdrawal, pending_cash_withdrawal,True
230,cash withdrawal still pending?,5,pending_cash_withdrawal,5,pending_cash_withdrawal, pending_cash_withdrawal,True
231,"i received cash from the atm earlier, but this shows up as pending in the app. i've got the cash already. how can this be still pending?",5,pending_cash_withdrawal,5,pending_cash_withdrawal, pending_cash_withdrawal,True
232,"i tried to take money from my card, but it didn't work. later i saw that the transaction is still in progress. what's goign on?",5,pending_cash_withdrawal,27,card_payment_not_recognised, card_payment_not_recognised,False
233,why does it say pending cash withdrawal on my statement?,5,pending_cash_withdrawal,5,pending_cash_withdrawal, pending_cash_withdrawal,True
234,how long with my cash withdrawal stay pending for?,5,pending_cash_withdrawal,5,pending_cash_withdrawal, pending_cash_withdrawal,True
235,where's accounting for my cash withdrawal?,5,pending_cash_withdrawal,68,cash_withdrawal_not_recognised, cash_withdrawal_not_recognised,False
236,my account was charged for a withdraw i tried to make that was decline.,5,pending_cash_withdrawal,39,declined_cash_withdrawal, declined_cash_withdrawal,False
237,how long does it take to post atm with drawl,5,pending_cash_withdrawal,7,card_delivery_estimate, card_delivery_estimate,False
238,why is my cash withdrawal from the atm still not yet showing as confirmed in my account?,5,pending_cash_withdrawal,68,cash_withdrawal_not_recognised, cash_withdrawal_not_recognised,False
239,"what's a pending transaction? my card was declined at an atm, but my account says it's still pending. can i cancel the payment?",5,pending_cash_withdrawal,40,pending_card_payment, pending_card_payment,False
240,"if i request that my funds be held, what currencies do you use?",6,fiat_currency_support,6,fiat_currency_support, fiat_currency_support,True
241,i want to know how many different currencies my money can be in,6,fiat_currency_support,6,fiat_currency_support, fiat_currency_support,True
242,do you support all fiat currencies?,6,fiat_currency_support,6,fiat_currency_support, fiat_currency_support,True
243,does your system support multiple currency.,6,fiat_currency_support,6,fiat_currency_support, fiat_currency_support,True
244,what currencies can i hold money in?,6,fiat_currency_support,6,fiat_currency_support, fiat_currency_support,True
245,do you support any currency?,6,fiat_currency_support,6,fiat_currency_support, fiat_currency_support,True
246,"there is an incoming payment into my account, but it is deactivated. will they still be processed?",6,fiat_currency_support,21,transfer_not_received_by_recipient, transfer_not_received_by_recipient,False
247,what currencies do you do exchanges for?,6,fiat_currency_support,6,fiat_currency_support, fiat_currency_support,True
248,"in terms of holding and exchange, what fiat currencies do you use.",6,fiat_currency_support,6,fiat_currency_support, fiat_currency_support,True
249,what fiat currencies are used for holding transactions?,6,fiat_currency_support,6,fiat_currency_support, fiat_currency_support,True
250,where can i exchange my money for eur?,6,fiat_currency_support,2,exchange_rate, exchange_rate,False
251,is it permissible to hold money in multiple currencies?,6,fiat_currency_support,6,fiat_currency_support, fiat_currency_support,True
252,can i exchange to eur?,6,fiat_currency_support,2,exchange_rate, exchange_rate,False
253,can someone assist me with the details explaining which fiat currencies that you support?,6,fiat_currency_support,6,fiat_currency_support, fiat_currency_support,True
254,do you offer additional currency options?,6,fiat_currency_support,6,fiat_currency_support, fiat_currency_support,True
255,how do i change currencies to euros?,6,fiat_currency_support,2,exchange_rate, exchange_rate,False
256,what fiat currencies are supported for holding and exchange?,6,fiat_currency_support,6,fiat_currency_support, fiat_currency_support,True
257,"when considering currency holdings and exchanges, what fiat currencies are supported?",6,fiat_currency_support,6,fiat_currency_support, fiat_currency_support,True
258,will you handle eur?,6,fiat_currency_support,2,exchange_rate, exchange_rate,False
259,can i hold money in other currencies?,6,fiat_currency_support,6,fiat_currency_support, fiat_currency_support,True
260,what options do i have for holding currencies?,6,fiat_currency_support,6,fiat_currency_support, fiat_currency_support,True
261,do you happen to do exchanges of eur?,6,fiat_currency_support,2,exchange_rate, exchange_rate,False
262,do you accept exchanges to eur?,6,fiat_currency_support,2,exchange_rate, exchange_rate,False
263,can you tell me what currency i can have?,6,fiat_currency_support,6,fiat_currency_support, fiat_currency_support,True
264,am i able to exchange currencies?,6,fiat_currency_support,2,exchange_rate, exchange_rate,False
265,what currencies are used in your exchange?,6,fiat_currency_support,2,exchange_rate, exchange_rate,False
266,which fiat currencies do you support?,6,fiat_currency_support,6,fiat_currency_support, fiat_currency_support,True
267,which country's currency do you support?,6,fiat_currency_support,6,fiat_currency_support, fiat_currency_support,True
268,i want to make a currency exchange to eu.,6,fiat_currency_support,2,exchange_rate, exchange_rate,False
269,can i exchange and hold all fiat currencies?,6,fiat_currency_support,6,fiat_currency_support, fiat_currency_support,True
270,what kind of currency can i hold money in?,6,fiat_currency_support,6,fiat_currency_support, fiat_currency_support,True
271,can i exchange currencies?,6,fiat_currency_support,2,exchange_rate, exchange_rate,False
272,do you work with all fiat currencies?,6,fiat_currency_support,6,fiat_currency_support, fiat_currency_support,True
273,can i hold money in multiple currencies?,6,fiat_currency_support,6,fiat_currency_support, fiat_currency_support,True
274,how man currencies can i hold?,6,fiat_currency_support,6,fiat_currency_support, fiat_currency_support,True
275,besides usd what other currencies can i have?,6,fiat_currency_support,6,fiat_currency_support, fiat_currency_support,True
276,how do i accept exchanges to eu?,6,fiat_currency_support,2,exchange_rate, exchange_rate,False
277,what kind of fiat currency can i used for holding and exchange?,6,fiat_currency_support,6,fiat_currency_support, fiat_currency_support,True
278,do you support the exchange of eur from my currency.,6,fiat_currency_support,2,exchange_rate, exchange_rate,False
279,what countries can i travel to and have access to their currencies?,6,fiat_currency_support,6,fiat_currency_support, fiat_currency_support,True
280,i need my card now!,7,card_delivery_estimate,7,card_delivery_estimate, card_delivery_estimate,True
281,my card was not in the mail again can you advise?,7,card_delivery_estimate,7,card_delivery_estimate, card_delivery_estimate,True
282,i need my card quick,7,card_delivery_estimate,7,card_delivery_estimate, card_delivery_estimate,True
283,how long will it take to get to me?,7,card_delivery_estimate,7,card_delivery_estimate, card_delivery_estimate,True
284,i'm just wondering when my card will get here.,7,card_delivery_estimate,0,card_arrival, card_arrival,False
285,can you get me my card fast?,7,card_delivery_estimate,7,card_delivery_estimate, card_delivery_estimate,True
286,how long will it take to deliver something to us?,7,card_delivery_estimate,7,card_delivery_estimate, card_delivery_estimate,True
287,"i live in the us, how long will it take for delivery?",7,card_delivery_estimate,7,card_delivery_estimate, card_delivery_estimate,True
288,when can i expect my card to be delivered to the us?,7,card_delivery_estimate,7,card_delivery_estimate, card_delivery_estimate,True
289,i need my card quickly,7,card_delivery_estimate,7,card_delivery_estimate, card_delivery_estimate,True
290,does delivery to the us take long?,7,card_delivery_estimate,7,card_delivery_estimate, card_delivery_estimate,True
291,how long will it take to arrive?,7,card_delivery_estimate,0,card_arrival, card_arrival,False
292,can i have my card delivered on a specific day?,7,card_delivery_estimate,7,card_delivery_estimate, card_delivery_estimate,True
293,what is the difference between standard and express delivery?,7,card_delivery_estimate,7,card_delivery_estimate, card_delivery_estimate,True
294,can it be delivered by a specific date?,7,card_delivery_estimate,7,card_delivery_estimate, card_delivery_estimate,True
295,may i choose when it's delivered?,7,card_delivery_estimate,7,card_delivery_estimate, card_delivery_estimate,True
296,i need it delivered on a certain date.,7,card_delivery_estimate,7,card_delivery_estimate, card_delivery_estimate,True
297,when should i expect my card?,7,card_delivery_estimate,0,card_arrival, card_arrival,False
298,how long does it take to get my card? can i choose when to receive it?,7,card_delivery_estimate,7,card_delivery_estimate, card_delivery_estimate,True
299,how long will it take for the card to arrive?,7,card_delivery_estimate,0,card_arrival, card_arrival,False
300,how fast can you deliver?,7,card_delivery_estimate,7,card_delivery_estimate, card_delivery_estimate,True
301,"ordered awhile back, what is the eta in the us?",7,card_delivery_estimate,7,card_delivery_estimate, card_delivery_estimate,True
302,how long should i expect for the card to arrive?,7,card_delivery_estimate,0,card_arrival, card_arrival,False
303,whats the delivery time to the united states?,7,card_delivery_estimate,7,card_delivery_estimate, card_delivery_estimate,True
304,when will the card arrive?,7,card_delivery_estimate,0,card_arrival, card_arrival,False
305,send my card as soon as you are able to.,7,card_delivery_estimate,7,card_delivery_estimate, card_delivery_estimate,True
306,when are cards delivered?,7,card_delivery_estimate,7,card_delivery_estimate, card_delivery_estimate,True
307,how long does shipping take to get to a us destination?,7,card_delivery_estimate,7,card_delivery_estimate, card_delivery_estimate,True
308,can i get my card expedited?,7,card_delivery_estimate,7,card_delivery_estimate, card_delivery_estimate,True
309,how long until my card is delivered?,7,card_delivery_estimate,7,card_delivery_estimate, card_delivery_estimate,True
310,i need my card to come as soon as possible.,7,card_delivery_estimate,7,card_delivery_estimate, card_delivery_estimate,True
311,when can i expect to receive my new card?,7,card_delivery_estimate,0,card_arrival, card_arrival,False
312,i am waiting for my card to arrive.,7,card_delivery_estimate,0,card_arrival, card_arrival,False
313,i need my card as soon as possible.,7,card_delivery_estimate,7,card_delivery_estimate, card_delivery_estimate,True
314,i need it delivered by saturday.,7,card_delivery_estimate,7,card_delivery_estimate, card_delivery_estimate,True
315,what's the u.s. delivery time?,7,card_delivery_estimate,7,card_delivery_estimate, card_delivery_estimate,True
316,when will my card arrive?,7,card_delivery_estimate,0,card_arrival, card_arrival,False
317,can i choose a date for delivery?,7,card_delivery_estimate,7,card_delivery_estimate, card_delivery_estimate,True
318,can i make sure my card is delivered on a specific day?,7,card_delivery_estimate,7,card_delivery_estimate, card_delivery_estimate,True
319,can i have it be delivered at a certain time?,7,card_delivery_estimate,7,card_delivery_estimate, card_delivery_estimate,True
320,"when traveling, can i auto top-up my card at certain times?",8,automatic_top_up,8,automatic_top_up, automatic_top_up,True
321,is there a limit when using auto top-up?,8,automatic_top_up,8,automatic_top_up, automatic_top_up,True
322,will it automatically top-up or do i need to do that manually if there isn't much cash left?,8,automatic_top_up,18,top_up_limits, top_up_limits,False
323,"i'm running out of money, can i auto top up?",8,automatic_top_up,18,top_up_limits, top_up_limits,False
324,how do i use auto top up?,8,automatic_top_up,8,automatic_top_up, automatic_top_up,True
325,can it automatically top-up money if there isn't much left?,8,automatic_top_up,18,top_up_limits, top_up_limits,False
326,if there isn't much money left can it automatically top-up?,8,automatic_top_up,18,top_up_limits, top_up_limits,False
327,"i read about the auto-top up function, but can't find it in the app.",8,automatic_top_up,71,activate_my_card, activate_my_card,False
328,can i have it add money at certain time intervals when i travel?,8,automatic_top_up,18,top_up_limits, top_up_limits,False
329,"i'm going to be away for awhile, can i have it add money automatically in certain intervals?",8,automatic_top_up,8,automatic_top_up, automatic_top_up,True
330,"where can i find the ""auto-top"" feature?",8,automatic_top_up,71,activate_my_card, activate_my_card,False
331,"i just activated auto top-up, but it is not letting me enable it. why not?",8,automatic_top_up,71,activate_my_card, activate_my_card,False
332,is there an auto top-up option?,8,automatic_top_up,8,automatic_top_up, automatic_top_up,True
333,where is theft-top option?,8,automatic_top_up,11,lost_or_stolen_card, lost_or_stolen_card,False
334,are there limits on auto top-up?,8,automatic_top_up,8,automatic_top_up, automatic_top_up,True
335,can you assist me with the auto top up ?,8,automatic_top_up,8,automatic_top_up, automatic_top_up,True
336,do you have any limit on the auto top-up?,8,automatic_top_up,8,automatic_top_up, automatic_top_up,True
337,why are there limits on auto top-up?,8,automatic_top_up,8,automatic_top_up, automatic_top_up,True
338,how can i top up automatically?,8,automatic_top_up,8,automatic_top_up, automatic_top_up,True
339,how do i make sure i don't run out of money on my card while traveling?,8,automatic_top_up,2,exchange_rate, exchange_rate,False
340,what's the limit on automatic top-up?,8,automatic_top_up,8,automatic_top_up, automatic_top_up,True
341,"if i will be traveling, is there a way to auto top-up my card on certain days?",8,automatic_top_up,8,automatic_top_up, automatic_top_up,True
342,where is the auto top-up option?,8,automatic_top_up,8,automatic_top_up, automatic_top_up,True
343,can i have a auto top-up when my account is short?,8,automatic_top_up,8,automatic_top_up, automatic_top_up,True
344,do you have an auto top-up option?,8,automatic_top_up,8,automatic_top_up, automatic_top_up,True
345,can i space out how often money is transferred along my travels?,8,automatic_top_up,51,transfer_timing, transfer_timing,False
346,will it automatically top-up money if there isn't a lot left?,8,automatic_top_up,18,top_up_limits, top_up_limits,False
347,can i have it add money automatically in certain intervals?,8,automatic_top_up,8,automatic_top_up, automatic_top_up,True
348,can i set up an automatic top-up for travel.,8,automatic_top_up,8,automatic_top_up, automatic_top_up,True
349,i've tried looking for the auto-top up option on your website and i can't seem to find it. can you help me?,8,automatic_top_up,71,activate_my_card, activate_my_card,False
350,how do i top up my money automatically,8,automatic_top_up,8,automatic_top_up, automatic_top_up,True
351,can i be topped up once i hit a certain balance?,8,automatic_top_up,18,top_up_limits, top_up_limits,False
352,will it automatically top-up if there isn't much money left?,8,automatic_top_up,18,top_up_limits, top_up_limits,False
353,is there any way to auto top-up?,8,automatic_top_up,8,automatic_top_up, automatic_top_up,True
354,can you explain where i can find the auto-top option?,8,automatic_top_up,71,activate_my_card, activate_my_card,False
355,what is the auto top up function and where can i find that at?,8,automatic_top_up,8,automatic_top_up, automatic_top_up,True
356,is there a way to top-up automatically?,8,automatic_top_up,8,automatic_top_up, automatic_top_up,True
357,"is there a top-up feature, if there isn't a lot of money left?",8,automatic_top_up,18,top_up_limits, top_up_limits,False
358,what is the highest limit for auto top?,8,automatic_top_up,8,automatic_top_up, automatic_top_up,True
359,how do i enable auto-top up?,8,automatic_top_up,71,activate_my_card, activate_my_card,False
360,i've tried my card a bunch of times and it never worked.,9,card_not_working,9,card_not_working, card_not_working,True
361,i can't get my card to work.,9,card_not_working,9,card_not_working, card_not_working,True
362,my card appears to be broken how can i fix it?,9,card_not_working,9,card_not_working, card_not_working,True
363,how do i know why my card isn't working?,9,card_not_working,9,card_not_working, card_not_working,True
364,my card broke.,9,card_not_working,9,card_not_working, card_not_working,True
365,my card won't work.,9,card_not_working,9,card_not_working, card_not_working,True
366,why is my card not working?,9,card_not_working,9,card_not_working, card_not_working,True
367,can you please identify the problem with my bank card?,9,card_not_working,9,card_not_working, card_not_working,True
368,how do i unblock my card using the app?,9,card_not_working,13,pin_blocked, pin_blocked,False
369,my card does not work,9,card_not_working,9,card_not_working, card_not_working,True
370,how can i get my physical card to work?,9,card_not_working,31,get_physical_card, get_physical_card,False
371,can someone assist me by explaining why my card is not working?,9,card_not_working,9,card_not_working, card_not_working,True
372,help me. my card doesn't work.,9,card_not_working,9,card_not_working, card_not_working,True
373,can a card stop working?,9,card_not_working,9,card_not_working, card_not_working,True
374,i think my card is broken,9,card_not_working,9,card_not_working, card_not_working,True
375,why isn't my card working?,9,card_not_working,9,card_not_working, card_not_working,True
376,my card isn't working anymore.,9,card_not_working,9,card_not_working, card_not_working,True
377,my card was declined today when eating and i need to know what's wrong.,9,card_not_working,45,declined_card_payment, declined_card_payment,False
378,my card doesn't work.,9,card_not_working,9,card_not_working, card_not_working,True
379,how can i resolve a problem where my card won't go through at all?,9,card_not_working,27,card_payment_not_recognised, card_payment_not_recognised,False
380,my actual card isn't working.,9,card_not_working,9,card_not_working, card_not_working,True
381,is my card broken?,9,card_not_working,9,card_not_working, card_not_working,True
382,i broke my card,9,card_not_working,11,lost_or_stolen_card, lost_or_stolen_card,False
383,my card stopped working,9,card_not_working,9,card_not_working, card_not_working,True
384,"my card is broke, what do i do?",9,card_not_working,11,lost_or_stolen_card, lost_or_stolen_card,False
385,"i tried using my card today and it's not working, can you help me?",9,card_not_working,9,card_not_working, card_not_working,True
386,my card stopped working when i use it,9,card_not_working,9,card_not_working, card_not_working,True
387,i can't use my card.,9,card_not_working,9,card_not_working, card_not_working,True
388,need help with my card. it's not working.,9,card_not_working,9,card_not_working, card_not_working,True
389,i cannot use my card.,9,card_not_working,9,card_not_working, card_not_working,True
390,the card i've got seems to be broken.,9,card_not_working,9,card_not_working, card_not_working,True
391,my card isn't working,9,card_not_working,9,card_not_working, card_not_working,True
392,my card suddenly quit working.,9,card_not_working,9,card_not_working, card_not_working,True
393,i have tried to use my card several times and it does not work.,9,card_not_working,9,card_not_working, card_not_working,True
394,the card i have doesn't work.,9,card_not_working,9,card_not_working, card_not_working,True
395,my card doesn't accept any transaction at all. what's wrong??,9,card_not_working,9,card_not_working, card_not_working,True
396,how can i check if my card is working?,9,card_not_working,24,card_acceptance, card_acceptance,False
397,nothing goes through on my card.,9,card_not_working,27,card_payment_not_recognised, card_payment_not_recognised,False
398,how do i find out why my card won't work?,9,card_not_working,9,card_not_working, card_not_working,True
399,"could it be that i deactivated my card, its not working?",9,card_not_working,9,card_not_working, card_not_working,True
400,may i exchange currencies with this?,10,exchange_via_app,2,exchange_rate, exchange_rate,False
401,tell me how i can exchange between different currency.,10,exchange_via_app,2,exchange_rate, exchange_rate,False
402,can i change from one currency to another?,10,exchange_via_app,2,exchange_rate, exchange_rate,False
403,how do i change gbp to aud?,10,exchange_via_app,2,exchange_rate, exchange_rate,False
404,will this app exchange currencies?,10,exchange_via_app,2,exchange_rate, exchange_rate,False
405,how do i convert currencies with the app?,10,exchange_via_app,2,exchange_rate, exchange_rate,False
406,how are currencies exchanged?,10,exchange_via_app,2,exchange_rate, exchange_rate,False
407,can i exchange currencies with this app?,10,exchange_via_app,2,exchange_rate, exchange_rate,False
408,how do i make an exchange from one currency to another?,10,exchange_via_app,2,exchange_rate, exchange_rate,False
409,how do i interconvert between aud and gbp?,10,exchange_via_app,2,exchange_rate, exchange_rate,False
410,what all currencies can be exchanged?,10,exchange_via_app,6,fiat_currency_support, fiat_currency_support,False
411,what is the best way to exchange currency between usd and gbp using your app?,10,exchange_via_app,2,exchange_rate, exchange_rate,False
412,if i wanted to make a change from gbp to aud what is the process?,10,exchange_via_app,2,exchange_rate, exchange_rate,False
413,can i get some money exchanged?,10,exchange_via_app,2,exchange_rate, exchange_rate,False
414,is it possible to change to another currency?,10,exchange_via_app,6,fiat_currency_support, fiat_currency_support,False
415,how do i exchange my gbp to aud?,10,exchange_via_app,2,exchange_rate, exchange_rate,False
416,how would i use my money in a different country?,10,exchange_via_app,2,exchange_rate, exchange_rate,False
417,"if i receive foreign currencies, am i able to exchange them on the app?",10,exchange_via_app,2,exchange_rate, exchange_rate,False
418,can i change to another currency?,10,exchange_via_app,2,exchange_rate, exchange_rate,False
419,"i need aud not gbp, how do i change it?",10,exchange_via_app,2,exchange_rate, exchange_rate,False
420,what is the best way to exchange currency?,10,exchange_via_app,2,exchange_rate, exchange_rate,False
421,if i need gbp instead of aud what do i do?,10,exchange_via_app,2,exchange_rate, exchange_rate,False
422,i was wondering whether exchanging currencies can be done on this app.,10,exchange_via_app,2,exchange_rate, exchange_rate,False
423,"i might need aud instead of gbp, how to change?",10,exchange_via_app,2,exchange_rate, exchange_rate,False
424,how do i go through the process of currency exchange?,10,exchange_via_app,2,exchange_rate, exchange_rate,False
425,change currency,10,exchange_via_app,6,fiat_currency_support, fiat_currency_support,False
426,can am i able to exchange currencies?,10,exchange_via_app,2,exchange_rate, exchange_rate,False
427,where do i go to change gbp?,10,exchange_via_app,6,fiat_currency_support, fiat_currency_support,False
428,what currency's can i exchange for?,10,exchange_via_app,2,exchange_rate, exchange_rate,False
429,what currencies will this app exchange?,10,exchange_via_app,6,fiat_currency_support, fiat_currency_support,False
430,can this app help me exchange currencies?,10,exchange_via_app,2,exchange_rate, exchange_rate,False
431,i would like to exchange some currency.,10,exchange_via_app,2,exchange_rate, exchange_rate,False
432,can i exchange between gbp and usd on the app?,10,exchange_via_app,2,exchange_rate, exchange_rate,False
433,is there currency exchange on this app?,10,exchange_via_app,2,exchange_rate, exchange_rate,False
434,can i change my currency from usd to eur?,10,exchange_via_app,6,fiat_currency_support, fiat_currency_support,False
435,"i think i want aud and not gbp, can you help?",10,exchange_via_app,2,exchange_rate, exchange_rate,False
436,how do i exchange currency?,10,exchange_via_app,2,exchange_rate, exchange_rate,False
437,can i use this app to change dollars into euros?,10,exchange_via_app,2,exchange_rate, exchange_rate,False
438,can i exchange currencies with my account?,10,exchange_via_app,2,exchange_rate, exchange_rate,False
439,i would like to exchange currencies,10,exchange_via_app,2,exchange_rate, exchange_rate,False
440,"my entire gym bag, including my wallet, was stolen out of my locker today. everything in my wallet is gone - how do i block the card to make it can't be used?",11,lost_or_stolen_card,11,lost_or_stolen_card, lost_or_stolen_card,True
441,i can't find my card and think it may have been stolen.,11,lost_or_stolen_card,11,lost_or_stolen_card, lost_or_stolen_card,True
442,"someone stole my card. i need to report it stolen. i made a police report already, but how do i report it with you?",11,lost_or_stolen_card,11,lost_or_stolen_card, lost_or_stolen_card,True
443,"i cant find my card, it's gone.",11,lost_or_stolen_card,11,lost_or_stolen_card, lost_or_stolen_card,True
444,my card is lost! what can i do?,11,lost_or_stolen_card,11,lost_or_stolen_card, lost_or_stolen_card,True
445,i lost my card,11,lost_or_stolen_card,11,lost_or_stolen_card, lost_or_stolen_card,True
446,oh no! i lost my card! help!,11,lost_or_stolen_card,11,lost_or_stolen_card, lost_or_stolen_card,True
447,"i believe my card has been stolen, what can i do about this situation? it's urgent.",11,lost_or_stolen_card,11,lost_or_stolen_card, lost_or_stolen_card,True
448,help! someone stole my card!,11,lost_or_stolen_card,11,lost_or_stolen_card, lost_or_stolen_card,True
449,help. i have a stolen card!,11,lost_or_stolen_card,11,lost_or_stolen_card, lost_or_stolen_card,True
450,"card is lost, please help",11,lost_or_stolen_card,11,lost_or_stolen_card, lost_or_stolen_card,True
451,how do i report my card stolen?,11,lost_or_stolen_card,11,lost_or_stolen_card, lost_or_stolen_card,True
452,my card is gone i think it was stolen,11,lost_or_stolen_card,11,lost_or_stolen_card, lost_or_stolen_card,True
453,is a copy of the police report necessary for completing the report process?,11,lost_or_stolen_card,11,lost_or_stolen_card, lost_or_stolen_card,True
454,i lost my wallet today with all my credit cards. will you please block the card and send a replacement?,11,lost_or_stolen_card,11,lost_or_stolen_card, lost_or_stolen_card,True
455,how do i deal with a stolen card?,11,lost_or_stolen_card,11,lost_or_stolen_card, lost_or_stolen_card,True
456,can you freeze my card it was stolen,11,lost_or_stolen_card,11,lost_or_stolen_card, lost_or_stolen_card,True
457,help! i can't find my card.,11,lost_or_stolen_card,11,lost_or_stolen_card, lost_or_stolen_card,True
458,what should i do if i lost my card?,11,lost_or_stolen_card,11,lost_or_stolen_card, lost_or_stolen_card,True
459,i need help with a lost card,11,lost_or_stolen_card,11,lost_or_stolen_card, lost_or_stolen_card,True
460,i think my card was stolen.,11,lost_or_stolen_card,11,lost_or_stolen_card, lost_or_stolen_card,True
461,"someone stole my wallet earlier today, not sure exactly when, probably on piccadilly circus. can you check if there were any attempts to use the card and obviously block it?",11,lost_or_stolen_card,11,lost_or_stolen_card, lost_or_stolen_card,True
462,i think i lost my card . i dont know how long it has been missing. can you see if maybe someone else has been using it?,11,lost_or_stolen_card,11,lost_or_stolen_card, lost_or_stolen_card,True
463,how can i freeze a stolen card?,11,lost_or_stolen_card,11,lost_or_stolen_card, lost_or_stolen_card,True
464,what should i do if my card is missing?,11,lost_or_stolen_card,11,lost_or_stolen_card, lost_or_stolen_card,True
465,my bags were stolen. i need a new card but need to cancel the stolen one.,11,lost_or_stolen_card,11,lost_or_stolen_card, lost_or_stolen_card,True
466,somehow i am missing my card. what should i do?,11,lost_or_stolen_card,11,lost_or_stolen_card, lost_or_stolen_card,True
467,my card was taken from me,11,lost_or_stolen_card,11,lost_or_stolen_card, lost_or_stolen_card,True
468,my card got lost.,11,lost_or_stolen_card,11,lost_or_stolen_card, lost_or_stolen_card,True
469,some idiot stole my card.,11,lost_or_stolen_card,11,lost_or_stolen_card, lost_or_stolen_card,True
470,how do i report my card lost or stolen?,11,lost_or_stolen_card,11,lost_or_stolen_card, lost_or_stolen_card,True
471,my card is lost! what do i do now?,11,lost_or_stolen_card,11,lost_or_stolen_card, lost_or_stolen_card,True
472,i'm in spain and my stuff has been stolen. my card was with it and i need a new one shipped and the old one frozen.,11,lost_or_stolen_card,11,lost_or_stolen_card, lost_or_stolen_card,True
473,i believe my credit card was stolen.,11,lost_or_stolen_card,11,lost_or_stolen_card, lost_or_stolen_card,True
474,how do i report a stolen card?,11,lost_or_stolen_card,11,lost_or_stolen_card, lost_or_stolen_card,True
475,"somebody has stolen my card, i need help please.",11,lost_or_stolen_card,11,lost_or_stolen_card, lost_or_stolen_card,True
476,i cannot find my credit card.,11,lost_or_stolen_card,11,lost_or_stolen_card, lost_or_stolen_card,True
477,are you able to locate my card?,11,lost_or_stolen_card,9,card_not_working, card_not_working,False
478,my card got stolen!,11,lost_or_stolen_card,11,lost_or_stolen_card, lost_or_stolen_card,True
479,help me please! my card was stolen!,11,lost_or_stolen_card,11,lost_or_stolen_card, lost_or_stolen_card,True
480,how old do i need to be to get an account for myself,12,age_limit,12,age_limit, age_limit,True
481,how young can i be to open my own account?,12,age_limit,12,age_limit, age_limit,True
482,how old do i have to be?,12,age_limit,12,age_limit, age_limit,True
483,can i open an account for a child?,12,age_limit,60,getting_spare_card, getting_spare_card,False
484,how old do we have to be?,12,age_limit,12,age_limit, age_limit,True
485,how do i go about setting up an account for my daughter?,12,age_limit,71,activate_my_card, activate_my_card,False
486,is there an age minimum?,12,age_limit,12,age_limit, age_limit,True
487,what is the youngest age in order to have an account?,12,age_limit,12,age_limit, age_limit,True
488,what age do i have to be?,12,age_limit,12,age_limit, age_limit,True
489,can my daughter open an account?,12,age_limit,71,activate_my_card, activate_my_card,False
490,what is the minimum age to open an account?,12,age_limit,12,age_limit, age_limit,True
491,what is the minimum age?,12,age_limit,12,age_limit, age_limit,True
492,i am only 17. can i make an account?,12,age_limit,12,age_limit, age_limit,True
493,could i open an account for my children?,12,age_limit,30,unable_to_verify_identity, unable_to_verify_identity,False
494,what is the age to open an account?,12,age_limit,12,age_limit, age_limit,True
495,how do i open up an account for my child?,12,age_limit,71,activate_my_card, activate_my_card,False
496,can i open a bank account for my newborn baby?,12,age_limit,60,getting_spare_card, getting_spare_card,False
497,how old do i have to be to open an account?,12,age_limit,12,age_limit, age_limit,True
498,do you offer services for children to have money saving experience?,12,age_limit,12,age_limit, age_limit,True
499,if my kids wanted to use your service how old would they have to be?,12,age_limit,12,age_limit, age_limit,True
500,can my 19 year old daughter open a savings account at the bank?,12,age_limit,12,age_limit, age_limit,True
501,how old do you have to be to get an account?,12,age_limit,12,age_limit, age_limit,True
502,what's the minimum age for opening an account?,12,age_limit,12,age_limit, age_limit,True
503,"i would like an account for my children, how do i go about doing this?",12,age_limit,60,getting_spare_card, getting_spare_card,False
504,can my children have their own account?,12,age_limit,60,getting_spare_card, getting_spare_card,False
505,is it possible to open an account for my children?,12,age_limit,60,getting_spare_card, getting_spare_card,False
506,do my kids have to be a certain age to use this service?,12,age_limit,12,age_limit, age_limit,True
507,how old do you have to be to be able to open an account?,12,age_limit,12,age_limit, age_limit,True
508,is there an age limit?,12,age_limit,12,age_limit, age_limit,True
509,what are the age requirements for opening an account?,12,age_limit,12,age_limit, age_limit,True
510,will i be able to open an account for my daughter,12,age_limit,71,activate_my_card, activate_my_card,False
511,how old do i need to be to open an account?,12,age_limit,12,age_limit, age_limit,True
512,what age can sign up for services?,12,age_limit,12,age_limit, age_limit,True
513,how old do my kids have to be to use your service?,12,age_limit,12,age_limit, age_limit,True
514,what age do my kids need to be to use your service?,12,age_limit,12,age_limit, age_limit,True
515,how old do my children need to be to open an account?,12,age_limit,12,age_limit, age_limit,True
516,how old does my kids need to be to open an account?,12,age_limit,12,age_limit, age_limit,True
517,how young can someone be in order to open an account?,12,age_limit,12,age_limit, age_limit,True
518,what is the youngest someone can be to open an account?,12,age_limit,12,age_limit, age_limit,True
519,how old does one have to be to have an account with the bank?,12,age_limit,12,age_limit, age_limit,True
520,how do i get my pin unlocked?,13,pin_blocked,13,pin_blocked, pin_blocked,True
521,where can i view my pin?,13,pin_blocked,53,change_pin, change_pin,False
522,will you reinstate my pin?,13,pin_blocked,13,pin_blocked, pin_blocked,True
523,i accidentally blocked my pin. how do i reset it?,13,pin_blocked,13,pin_blocked, pin_blocked,True
524,how do i unblock my pin after entering it wrong too many times?,13,pin_blocked,13,pin_blocked, pin_blocked,True
525,i used the wrong ping too many times and now the account is blocked. how do i unblock?,13,pin_blocked,13,pin_blocked, pin_blocked,True
526,i need help because i drunken blocked my card?,13,pin_blocked,13,pin_blocked, pin_blocked,True
527,"how do i reset my pin, i can't seem to use my card?",13,pin_blocked,13,pin_blocked, pin_blocked,True
528,"when i put the wrong pin too much, i got blocked, so can you help me unblock my pin",13,pin_blocked,13,pin_blocked, pin_blocked,True
529,"my pin was blocked, how do i make it so i can use it?",13,pin_blocked,13,pin_blocked, pin_blocked,True
530,how many tries do i have to enter my pin before i'm blocked?,13,pin_blocked,13,pin_blocked, pin_blocked,True
531,what should i do if i've tried to enter my pin too often?,13,pin_blocked,13,pin_blocked, pin_blocked,True
532,i have exceeded the number of times i can try my pin,13,pin_blocked,13,pin_blocked, pin_blocked,True
533,how can i unblock a blocked pin number for my account?,13,pin_blocked,13,pin_blocked, pin_blocked,True
534,what do i do if the bank machine won't accept my pin attempts anymore?,13,pin_blocked,13,pin_blocked, pin_blocked,True
535,can you unlock my pin? i think i entered the wrong pin too many times.,13,pin_blocked,13,pin_blocked, pin_blocked,True
536,how do i deal with a blocked pin?,13,pin_blocked,13,pin_blocked, pin_blocked,True
537,"i attempted to use my card while i was intoxicated, and i failed to input my pin, and the machine kept my card. how soon can i have it back?",13,pin_blocked,48,card_swallowed, card_swallowed,False
538,can i unblock my card using the app?,13,pin_blocked,20,card_payment_fee_charged, card_payment_fee_charged,False
539,i'v exhausted all the of times i can try my pin,13,pin_blocked,13,pin_blocked, pin_blocked,True
540,how can i unlock my pin from too many tries?,13,pin_blocked,13,pin_blocked, pin_blocked,True
541,help! i forgot my pin and have been locked out of using my card.,13,pin_blocked,13,pin_blocked, pin_blocked,True
542,"my account is blocked, how do i log in now",13,pin_blocked,30,unable_to_verify_identity, unable_to_verify_identity,False
543,why did i get blocked?,13,pin_blocked,13,pin_blocked, pin_blocked,True
544,are you able to unblock my pin?,13,pin_blocked,13,pin_blocked, pin_blocked,True
545,can you assist me with unblocking my pin? i put it in wrong too many times.,13,pin_blocked,13,pin_blocked, pin_blocked,True
546,i entered the wrong pin too many times and now i am blocked. help me unblock!,13,pin_blocked,13,pin_blocked, pin_blocked,True
547,"my pins seems to be blocked, can you unblock it please",13,pin_blocked,13,pin_blocked, pin_blocked,True
548,can you unblock my pin after too many wrong pin attempts?,13,pin_blocked,13,pin_blocked, pin_blocked,True
549,what can you do to unblock my pin?,13,pin_blocked,13,pin_blocked, pin_blocked,True
550,"my pin is blocked, what do i do?",13,pin_blocked,13,pin_blocked, pin_blocked,True
551,can i reactivate my pin?,13,pin_blocked,13,pin_blocked, pin_blocked,True
552,how do i reset my pin?,13,pin_blocked,53,change_pin, change_pin,False
553,can i unblock my pin?,13,pin_blocked,13,pin_blocked, pin_blocked,True
554,how do i unblock my pin?,13,pin_blocked,13,pin_blocked, pin_blocked,True
555,"my card's frozen, what can i do?",13,pin_blocked,20,card_payment_fee_charged, card_payment_fee_charged,False
556,how can i unlock the pin?,13,pin_blocked,13,pin_blocked, pin_blocked,True
557,"since my pin is blocked, would you help me unblock it?",13,pin_blocked,13,pin_blocked, pin_blocked,True
558,my pin is not working and i need assistance.,13,pin_blocked,13,pin_blocked, pin_blocked,True
559,where can i get my pin unblocked?,13,pin_blocked,13,pin_blocked, pin_blocked,True
560,are contactless payments enabled on my new card?,14,contactless_not_working,24,card_acceptance, card_acceptance,False
561,my contanctless has stopped working,14,contactless_not_working,14,contactless_not_working, contactless_not_working,True
562,what is required documents for new card process ?,14,contactless_not_working,62,order_physical_card, order_physical_card,False
563,"i don't know what's wrong, my contactless stopped working. tried it in a few different places today and it didn't work in any of them.",14,contactless_not_working,14,contactless_not_working, contactless_not_working,True
564,how do i get the contactless feature to work for my card?,14,contactless_not_working,14,contactless_not_working, contactless_not_working,True
565,i tried to pay contactless at the bus today and it didn't work. any ideas why?,14,contactless_not_working,9,card_not_working, card_not_working,False
566,i've been unable to pay contactless with my card for over a week now. is there a way to fix this issue?,14,contactless_not_working,14,contactless_not_working, contactless_not_working,True
567,do you know why my contactless won't work?,14,contactless_not_working,14,contactless_not_working, contactless_not_working,True
568,my contactless payments have not been completed successfully.,14,contactless_not_working,14,contactless_not_working, contactless_not_working,True
569,do i need to replace my card if it didn't work when i tried to pay contactless at the shop today?,14,contactless_not_working,9,card_not_working, card_not_working,False
570,for some reason my contactless has stopped working. i don't know what the problem is. what can i do?,14,contactless_not_working,14,contactless_not_working, contactless_not_working,True
571,"i couldn't use my contactless this morning, it wasn't accepted.",14,contactless_not_working,14,contactless_not_working, contactless_not_working,True
572,contactless isn't working for me,14,contactless_not_working,14,contactless_not_working, contactless_not_working,True
573,why wouldn't the contactless payment work when i tried to pay at the bus today?,14,contactless_not_working,14,contactless_not_working, contactless_not_working,True
574,how do i check my security settings to allow contactless pay?,14,contactless_not_working,71,activate_my_card, activate_my_card,False
575,what can i do if contactless doesn't work?,14,contactless_not_working,14,contactless_not_working, contactless_not_working,True
576,fix my contactless,14,contactless_not_working,14,contactless_not_working, contactless_not_working,True
577,how can i make my contactless work for the metro?,14,contactless_not_working,14,contactless_not_working, contactless_not_working,True
578,my contactless is not working,14,contactless_not_working,14,contactless_not_working, contactless_not_working,True
579,can you help my fix my contactless?,14,contactless_not_working,14,contactless_not_working, contactless_not_working,True
580,for some reason my contactless won't work for me.,14,contactless_not_working,14,contactless_not_working, contactless_not_working,True
581,i'm unable to use contactless payments for purchases.,14,contactless_not_working,14,contactless_not_working, contactless_not_working,True
582,"when i tried to pay for my bus ride, the contactless payment wouldn't work. how can i prevent this in the future?",14,contactless_not_working,14,contactless_not_working, contactless_not_working,True
583,the nfc payment wouldn't work on the bus today. help?,14,contactless_not_working,27,card_payment_not_recognised, card_payment_not_recognised,False
584,"i wanted to use my card contactless but it doesn't seem to be working, what could be the problem?",14,contactless_not_working,14,contactless_not_working, contactless_not_working,True
585,how do i make contactless work,14,contactless_not_working,14,contactless_not_working, contactless_not_working,True
586,what is the charges for new card?,14,contactless_not_working,0,card_arrival, card_arrival,False
587,the contactless i have won't work.,14,contactless_not_working,14,contactless_not_working, contactless_not_working,True
588,why isn't my contactless not working?,14,contactless_not_working,14,contactless_not_working, contactless_not_working,True
589,i wanted to use my contactless at the metro today but it didn't accept it!,14,contactless_not_working,14,contactless_not_working, contactless_not_working,True
590,it didnt work when i tried to pay contactless at the bus today. why?,14,contactless_not_working,27,card_payment_not_recognised, card_payment_not_recognised,False
591,i am not able to do contactless.,14,contactless_not_working,14,contactless_not_working, contactless_not_working,True
592,how do i use contactless payments?,14,contactless_not_working,24,card_acceptance, card_acceptance,False
593,help me with my contactless which isn't working.,14,contactless_not_working,14,contactless_not_working, contactless_not_working,True
594,how can i fix a problem where contactless isn't working?,14,contactless_not_working,14,contactless_not_working, contactless_not_working,True
595,how do i use contactless pay?,14,contactless_not_working,24,card_acceptance, card_acceptance,False
596,how do i enable contactless pay?,14,contactless_not_working,14,contactless_not_working, contactless_not_working,True
597,do i need to make a regular payment before a contactless one?,14,contactless_not_working,20,card_payment_fee_charged, card_payment_fee_charged,False
598,how can i find out where my contactless works?,14,contactless_not_working,24,card_acceptance, card_acceptance,False
599,should i reinstall the payment app?,14,contactless_not_working,71,activate_my_card, activate_my_card,False
600,how much do you charge to accept transfers,15,top_up_by_bank_transfer_charge,55,transfer_fee_charged, transfer_fee_charged,False
601,i would like to make a transfer. how much does it cost?,15,top_up_by_bank_transfer_charge,55,transfer_fee_charged, transfer_fee_charged,False
602,"i need to make a transfer, what will the fee be?",15,top_up_by_bank_transfer_charge,55,transfer_fee_charged, transfer_fee_charged,False
603,if i make a top-up are there charges applied?,15,top_up_by_bank_transfer_charge,70,top_up_by_card_charge, top_up_by_card_charge,False
604,can i also transfer with swift?,15,top_up_by_bank_transfer_charge,58,transfer_into_account, transfer_into_account,False
605,are swift transfers accepted?,15,top_up_by_bank_transfer_charge,51,transfer_timing, transfer_timing,False
606,i would like to refill my account using swift.,15,top_up_by_bank_transfer_charge,15,top_up_by_bank_transfer_charge, top_up_by_bank_transfer_charge,True
607,do i have to pay for topping up by transfer?,15,top_up_by_bank_transfer_charge,15,top_up_by_bank_transfer_charge, top_up_by_bank_transfer_charge,True
608,are there any sort of fees involved for top of transfers?,15,top_up_by_bank_transfer_charge,15,top_up_by_bank_transfer_charge, top_up_by_bank_transfer_charge,True
609,is it possible to get a transfer from swift?,15,top_up_by_bank_transfer_charge,58,transfer_into_account, transfer_into_account,False
610,do i have to pay any fees in order to receive money?,15,top_up_by_bank_transfer_charge,56,receiving_money, receiving_money,False
611,how much am i charged to receive money?,15,top_up_by_bank_transfer_charge,56,receiving_money, receiving_money,False
612,will you deal with swift transfers?,15,top_up_by_bank_transfer_charge,51,transfer_timing, transfer_timing,False
613,will there be any charges for money received?,15,top_up_by_bank_transfer_charge,56,receiving_money, receiving_money,False
614,will a transfer incur a fee?,15,top_up_by_bank_transfer_charge,55,transfer_fee_charged, transfer_fee_charged,False
615,are there charges for receiving a sepa transfer?,15,top_up_by_bank_transfer_charge,56,receiving_money, receiving_money,False
616,if i transfer money from my bank to top-up my account will i be charged?,15,top_up_by_bank_transfer_charge,15,top_up_by_bank_transfer_charge, top_up_by_bank_transfer_charge,True
617,will i be charged if someone needs to send me money?,15,top_up_by_bank_transfer_charge,56,receiving_money, receiving_money,False
618,what are the fees for top-ups?,15,top_up_by_bank_transfer_charge,70,top_up_by_card_charge, top_up_by_card_charge,False
619,will topping up by transfer lead to a charge on my account?,15,top_up_by_bank_transfer_charge,15,top_up_by_bank_transfer_charge, top_up_by_bank_transfer_charge,True
620,what are the charges for receiving money?,15,top_up_by_bank_transfer_charge,56,receiving_money, receiving_money,False
621,what is the fee to receive money?,15,top_up_by_bank_transfer_charge,56,receiving_money, receiving_money,False
622,how much am i charged for a sepa transfer?,15,top_up_by_bank_transfer_charge,55,transfer_fee_charged, transfer_fee_charged,False
623,how much is the fee for a sepa transfer?,15,top_up_by_bank_transfer_charge,55,transfer_fee_charged, transfer_fee_charged,False
624,what'll it charge me for a sepa transfer?,15,top_up_by_bank_transfer_charge,55,transfer_fee_charged, transfer_fee_charged,False
625,is there a charge for topping up by transfer?,15,top_up_by_bank_transfer_charge,15,top_up_by_bank_transfer_charge, top_up_by_bank_transfer_charge,True
626,do you do swift transfers?,15,top_up_by_bank_transfer_charge,51,transfer_timing, transfer_timing,False
627,should i expect to be charged for topping up by transfer?,15,top_up_by_bank_transfer_charge,15,top_up_by_bank_transfer_charge, top_up_by_bank_transfer_charge,True
628,will i be charged for a sepa transfer?,15,top_up_by_bank_transfer_charge,55,transfer_fee_charged, transfer_fee_charged,False
629,is there a fee for a transfer? if so how much will it be?,15,top_up_by_bank_transfer_charge,55,transfer_fee_charged, transfer_fee_charged,False
630,please tell me about swift transfers at this bank.,15,top_up_by_bank_transfer_charge,51,transfer_timing, transfer_timing,False
631,is there a fee for transfer top-up?,15,top_up_by_bank_transfer_charge,15,top_up_by_bank_transfer_charge, top_up_by_bank_transfer_charge,True
632,can you tell me what the transfer policy is?,15,top_up_by_bank_transfer_charge,55,transfer_fee_charged, transfer_fee_charged,False
633,is a swift transfer okay?,15,top_up_by_bank_transfer_charge,51,transfer_timing, transfer_timing,False
634,will i be charged a fee if i receive a sepa transfer,15,top_up_by_bank_transfer_charge,55,transfer_fee_charged, transfer_fee_charged,False
635,"when topping up by transfer, will i be charged?",15,top_up_by_bank_transfer_charge,15,top_up_by_bank_transfer_charge, top_up_by_bank_transfer_charge,True
636,what us the fee to transfer money from my bank?,15,top_up_by_bank_transfer_charge,55,transfer_fee_charged, transfer_fee_charged,False
637,do i get charged if i am getting money?,15,top_up_by_bank_transfer_charge,56,receiving_money, receiving_money,False
638,can you tell me the total cost of a transfer?,15,top_up_by_bank_transfer_charge,55,transfer_fee_charged, transfer_fee_charged,False
639,can i do a transfer with swift,15,top_up_by_bank_transfer_charge,58,transfer_into_account, transfer_into_account,False
640,"new customer and filling gas today, it's not working, the thing shows pending half an hour!",16,pending_top_up,27,card_payment_not_recognised, card_payment_not_recognised,False
641,my card was topped this morning but i can't see the funds. why didn't it complete?,16,pending_top_up,66,top_up_failed, top_up_failed,False
642,what would lead to my top up still pending?,16,pending_top_up,16,pending_top_up, pending_top_up,True
643,there's a delay in my top-up,16,pending_top_up,66,top_up_failed, top_up_failed,False
644,is there a reason my top up hasn't gone through,16,pending_top_up,66,top_up_failed, top_up_failed,False
645,the top-up is pending.,16,pending_top_up,16,pending_top_up, pending_top_up,True
646,could you explain why my top-up has gone through yet?,16,pending_top_up,66,top_up_failed, top_up_failed,False
647,"i've already topped up, but i cannot see the funds being available. what happened?",16,pending_top_up,66,top_up_failed, top_up_failed,False
648,what is going on? my top-up is still pending. i use your system all the time but now it is just showing as pending.,16,pending_top_up,16,pending_top_up, pending_top_up,True
649,i do not see a top-up processed.,16,pending_top_up,66,top_up_failed, top_up_failed,False
650,i topped up but it didn't complete,16,pending_top_up,66,top_up_failed, top_up_failed,False
651,"so, i am a new customer and attempted to top up for the very first time today. it's already been pending for half an hour and doesn't seem to be working. i need to please get this fixed.",16,pending_top_up,66,top_up_failed, top_up_failed,False
652,my top up is pending.,16,pending_top_up,16,pending_top_up, pending_top_up,True
653,can you look into my top up please. i made it over three hours ago and yet it's still pending.,16,pending_top_up,16,pending_top_up, pending_top_up,True
654,can you please make my top up go through as soon as possible. i really need the money and it has been pending for an hour already.,16,pending_top_up,16,pending_top_up, pending_top_up,True
655,"what's going on with the top-up? all it says is pending, pending, pending! i use your service several times a week and have never had a problem before! what's going on here?",16,pending_top_up,16,pending_top_up, pending_top_up,True
656,why hasn't my top up gone through yet,16,pending_top_up,-1,top_up_not_received_by_recipient, top_up_not_received_by_recipient,False
657,top-up is slow to process,16,pending_top_up,66,top_up_failed, top_up_failed,False
658,"is there something wrong with your website? i tried topping up my account and it's been close to two hours now and it's still at ""pending"" for some reason. i just joined with you guys and this is the first attempt at this, so maybe i'm wrong, but shouldn't this be instant?",16,pending_top_up,66,top_up_failed, top_up_failed,False
659,"i topped up by card a while ago and it's still pending, surely it should be done by now?",16,pending_top_up,16,pending_top_up, pending_top_up,True
660,why hasn't my top-up been completed?,16,pending_top_up,66,top_up_failed, top_up_failed,False
661,top up did not complete,16,pending_top_up,66,top_up_failed, top_up_failed,False
662,so i just put my top-up into the card and it hasn't changed.,16,pending_top_up,66,top_up_failed, top_up_failed,False
663,why is my top up still pending?,16,pending_top_up,16,pending_top_up, pending_top_up,True
664,"your top-up function isn't working, it still says pending even though i know my card works.",16,pending_top_up,66,top_up_failed, top_up_failed,False
665,"hi i'm a new customer and tried topping up for the first time today, seems it's not working, the thing shows up as pending since half an hour already! please fix it!",16,pending_top_up,66,top_up_failed, top_up_failed,False
666,"omg! i'm trying to load my card and it wont top up! i desperately need the money either on my card or in my bank, where is it?",16,pending_top_up,66,top_up_failed, top_up_failed,False
667,i'm attempting to top-up my account but it has been pending for an hour.,16,pending_top_up,66,top_up_failed, top_up_failed,False
668,why is my top-up still outstanding?,16,pending_top_up,66,top_up_failed, top_up_failed,False
669,what does it mean when my top up is saying still pending?,16,pending_top_up,16,pending_top_up, pending_top_up,True
670,"my top up hasn't worked, it's been stuck in pending for the last couple hours",16,pending_top_up,66,top_up_failed, top_up_failed,False
671,it doesn't look like the top-up completed.,16,pending_top_up,66,top_up_failed, top_up_failed,False
672,why does my top up say still pending when i used my card to do it.,16,pending_top_up,16,pending_top_up, pending_top_up,True
673,where is the money i topped off with?,16,pending_top_up,66,top_up_failed, top_up_failed,False
674,"hi. i'm a new customer to your system and i think something isn't working right - or maybe it is. maybe you can confirm. i tried to top up today (my first time ever) and it's been stuck at ""pending"" for over an hour now. is it supposed to do this or is there something wrong in the system?",16,pending_top_up,16,pending_top_up, pending_top_up,True
675,why is my top-up still pending?,16,pending_top_up,16,pending_top_up, pending_top_up,True
676,topping up my card is not working because i believe the top up is pending,16,pending_top_up,66,top_up_failed, top_up_failed,False
677,when will my top-up process?,16,pending_top_up,15,top_up_by_bank_transfer_charge, top_up_by_bank_transfer_charge,False
678,"the top-up has a definite problem! i regularly use your service and haven't had a problem before, but now the top-up just shows pending. please tell my why it continues to show pending.",16,pending_top_up,66,top_up_failed, top_up_failed,False
679,"i tried topping up but my funds seem to be pending. i want to buy something right now, what do i do?",16,pending_top_up,16,pending_top_up, pending_top_up,True
680,i made a transaction this morning and would like to revert it.,17,cancel_transfer,27,card_payment_not_recognised, card_payment_not_recognised,False
681,can i cancel a charge?,17,cancel_transfer,17,cancel_transfer, cancel_transfer,True
682,can i cancel my transaction?,17,cancel_transfer,17,cancel_transfer, cancel_transfer,True
683,i made a transaction but did it to the wrong account.,17,cancel_transfer,27,card_payment_not_recognised, card_payment_not_recognised,False
684,tell me how to cancel a transfer.,17,cancel_transfer,17,cancel_transfer, cancel_transfer,True
685,i need you to cancel a transfer that i made. it is the wrong account number and the app won't let me stop the transaction. please stop it!,17,cancel_transfer,17,cancel_transfer, cancel_transfer,True
686,"i need to cancel my recent transfer immediately, i made a mistake there, please help quickly before it goes through",17,cancel_transfer,17,cancel_transfer, cancel_transfer,True
687,i would like to revert a transaction i did this morning,17,cancel_transfer,27,card_payment_not_recognised, card_payment_not_recognised,False
688,if i make a transaction can i cancel it?,17,cancel_transfer,17,cancel_transfer, cancel_transfer,True
689,how can i cancel a transfer?,17,cancel_transfer,17,cancel_transfer, cancel_transfer,True
690,is there any way to cancel a transfer?,17,cancel_transfer,17,cancel_transfer, cancel_transfer,True
691,i accidentally made a transaction to the wrong account.,17,cancel_transfer,19,wrong_amount_of_cash_received, wrong_amount_of_cash_received,False
692,i want to cancel a transfer right away! can you help?,17,cancel_transfer,17,cancel_transfer, cancel_transfer,True
693,help me cancel my transaction,17,cancel_transfer,17,cancel_transfer, cancel_transfer,True
694,"this is urgent, i typed the wrong payment information for a payment i needed to make and have clicked send, i need to reverse the transaction immediately.",17,cancel_transfer,27,card_payment_not_recognised, card_payment_not_recognised,False
695,can i cancel a transfer,17,cancel_transfer,17,cancel_transfer, cancel_transfer,True
696,i want to reverse my transaction from earlier,17,cancel_transfer,-1,transfer_reverted, transfer_reverted,False
697,is there a way to revert my transaction from this morning?,17,cancel_transfer,-1,transfer_reverted, transfer_reverted,False
698,i'd like to cancel a transfer,17,cancel_transfer,17,cancel_transfer, cancel_transfer,True
699,can i cancel a transfer if is already processed?,17,cancel_transfer,17,cancel_transfer, cancel_transfer,True
700,i transferred the wrong amount and would like to cancel the transaction.,17,cancel_transfer,17,cancel_transfer, cancel_transfer,True
701,i made a mistake when i did a transfer so now what can i do to fix that?,17,cancel_transfer,44,Refund_not_showing_up, Refund_not_showing_up,False
702,i need to cancel an incorrect transaction.,17,cancel_transfer,17,cancel_transfer, cancel_transfer,True
703,how do i cancel my transfer?,17,cancel_transfer,17,cancel_transfer, cancel_transfer,True
704,i made a mistake with a transaction!,17,cancel_transfer,20,card_payment_fee_charged, card_payment_fee_charged,False
705,i submitted a transaction to the incorrect account.,17,cancel_transfer,21,transfer_not_received_by_recipient, transfer_not_received_by_recipient,False
706,the transfer i just made needs to be cancelled right now. it was my mistake. please help me cancel it before it goes through!,17,cancel_transfer,17,cancel_transfer, cancel_transfer,True
707,i want to go back on what i did this morning,17,cancel_transfer,17,cancel_transfer, cancel_transfer,True
708,can a transaction be cancelled?,17,cancel_transfer,17,cancel_transfer, cancel_transfer,True
709,how do i cancel my transaction?,17,cancel_transfer,17,cancel_transfer, cancel_transfer,True
710,my transaction needs to be canceled.,17,cancel_transfer,17,cancel_transfer, cancel_transfer,True
711,i need to make an immediate cancellation related to a transfer. this was a mistake. please assist quickly so this does not actually go through.,17,cancel_transfer,17,cancel_transfer, cancel_transfer,True
712,i made a mistake and need to cancel a transaction,17,cancel_transfer,17,cancel_transfer, cancel_transfer,True
713,i made an error in payment yesterday and i need it fixed asap because it's for my rent tomorrow.,17,cancel_transfer,20,card_payment_fee_charged, card_payment_fee_charged,False
714,cancel my last transfer,17,cancel_transfer,17,cancel_transfer, cancel_transfer,True
715,"my recent transfer needs to be cancelled immediately; it was a mistake, please can you cancel it before it goes through?",17,cancel_transfer,17,cancel_transfer, cancel_transfer,True
716,i need help cancelling a transaction.,17,cancel_transfer,17,cancel_transfer, cancel_transfer,True
717,i don't want the transaction to go through now,17,cancel_transfer,17,cancel_transfer, cancel_transfer,True
718,can i change the amount i made on a payment that i made to the payment is correct.,17,cancel_transfer,20,card_payment_fee_charged, card_payment_fee_charged,False
719,please help me! i need to cancel a transaction.,17,cancel_transfer,17,cancel_transfer, cancel_transfer,True
720,can you limit my top up?,18,top_up_limits,18,top_up_limits, top_up_limits,True
721,am i free to top-up as much as i want?,18,top_up_limits,18,top_up_limits, top_up_limits,True
722,is there a top up limit for my account?,18,top_up_limits,18,top_up_limits, top_up_limits,True
723,what is the limit to top up?,18,top_up_limits,18,top_up_limits, top_up_limits,True
724,how much money can i top up?,18,top_up_limits,18,top_up_limits, top_up_limits,True
725,what are the restrictions to top-offs?,18,top_up_limits,22,supported_cards_and_currencies, supported_cards_and_currencies,False
726,are the top-ups limited?,18,top_up_limits,18,top_up_limits, top_up_limits,True
727,what is the top up limit,18,top_up_limits,18,top_up_limits, top_up_limits,True
728,i need to find out what is the limit for top-ups.,18,top_up_limits,18,top_up_limits, top_up_limits,True
729,do you have a limit to top ups?,18,top_up_limits,18,top_up_limits, top_up_limits,True
730,what is maximum top up?,18,top_up_limits,18,top_up_limits, top_up_limits,True
731,how can i tell what the limit is to top-ups?,18,top_up_limits,18,top_up_limits, top_up_limits,True
732,is there a limit to top-up amounts?,18,top_up_limits,18,top_up_limits, top_up_limits,True
733,is there any limit to the amount i can add to a card at a time?,18,top_up_limits,18,top_up_limits, top_up_limits,True
734,i want to know if there is a maximum i can top up.,18,top_up_limits,18,top_up_limits, top_up_limits,True
735,what is the limit to a top-up?,18,top_up_limits,18,top_up_limits, top_up_limits,True
736,tell me if there are any top-up limits?,18,top_up_limits,18,top_up_limits, top_up_limits,True
737,how can i top-up my limit?,18,top_up_limits,18,top_up_limits, top_up_limits,True
738,is there a limit to top-ups?,18,top_up_limits,18,top_up_limits, top_up_limits,True
739,can i top-up as much as i want?,18,top_up_limits,18,top_up_limits, top_up_limits,True
740,can you tell me the limits for top ups?,18,top_up_limits,18,top_up_limits, top_up_limits,True
741,when i top up what are the amoutn limits.,18,top_up_limits,18,top_up_limits, top_up_limits,True
742,is there a limit on top-ups?,18,top_up_limits,18,top_up_limits, top_up_limits,True
743,what is the top-ups limit?,18,top_up_limits,18,top_up_limits, top_up_limits,True
744,are there limits to top-ups?,18,top_up_limits,18,top_up_limits, top_up_limits,True
745,is there a maximum amount of top-ups?,18,top_up_limits,18,top_up_limits, top_up_limits,True
746,do you have a top-up limit?,18,top_up_limits,18,top_up_limits, top_up_limits,True
747,what's the top up limit?,18,top_up_limits,18,top_up_limits, top_up_limits,True
748,what is the limit to top-up?,18,top_up_limits,18,top_up_limits, top_up_limits,True
749,how much can i top-up to my card at a time?,18,top_up_limits,18,top_up_limits, top_up_limits,True
750,how much can i top up?,18,top_up_limits,18,top_up_limits, top_up_limits,True
751,what is the most i can top up?,18,top_up_limits,18,top_up_limits, top_up_limits,True
752,is there a limit to how high i can top-up?,18,top_up_limits,18,top_up_limits, top_up_limits,True
753,is there an amount limit to my top-up?,18,top_up_limits,18,top_up_limits, top_up_limits,True
754,is there a limit for top-ups?,18,top_up_limits,18,top_up_limits, top_up_limits,True
755,is there a maximum i can top up?,18,top_up_limits,18,top_up_limits, top_up_limits,True
756,how can i tell if there is a top-up limit?,18,top_up_limits,18,top_up_limits, top_up_limits,True
757,do you have any restrictions to my top-up?,18,top_up_limits,22,supported_cards_and_currencies, supported_cards_and_currencies,False
758,as for limits are top ups included?,18,top_up_limits,18,top_up_limits, top_up_limits,True
759,what are the top-up limits?,18,top_up_limits,18,top_up_limits, top_up_limits,True
760,"i don't know if this is an issue with the atm or my account, but i just tried withdrawing 30 pounds from the atm i'm at now and it only gave me 10. is this a glitch or what exactly is going on?",19,wrong_amount_of_cash_received,68,cash_withdrawal_not_recognised, cash_withdrawal_not_recognised,False
761,i didn't get all the cash i requested for at the atm,19,wrong_amount_of_cash_received,68,cash_withdrawal_not_recognised, cash_withdrawal_not_recognised,False
762,how come the atm gave me less cash than what i asked for?,19,wrong_amount_of_cash_received,68,cash_withdrawal_not_recognised, cash_withdrawal_not_recognised,False
763,why did i not get my cash back after i withdrew?,19,wrong_amount_of_cash_received,68,cash_withdrawal_not_recognised, cash_withdrawal_not_recognised,False
764,i got less cash than the one i specified in the atm,19,wrong_amount_of_cash_received,19,wrong_amount_of_cash_received, wrong_amount_of_cash_received,True
765,the amount of cash i received was incorrect,19,wrong_amount_of_cash_received,19,wrong_amount_of_cash_received, wrong_amount_of_cash_received,True
766,i'm at an atm and withdrew 30 pounds and was only given 10. what should i do?,19,wrong_amount_of_cash_received,19,wrong_amount_of_cash_received, wrong_amount_of_cash_received,True
767,the atm gave me the wrong amount of cash today when i went to withdraw. the app says it was more.,19,wrong_amount_of_cash_received,68,cash_withdrawal_not_recognised, cash_withdrawal_not_recognised,False
768,the amount of cash i received was different than what i requested.,19,wrong_amount_of_cash_received,19,wrong_amount_of_cash_received, wrong_amount_of_cash_received,True
769,"hi. i just withdrew cash from an atm and received the wrong amount. however, my app shows the correct amount i withdrew. how do i get the rest of the cash?",19,wrong_amount_of_cash_received,68,cash_withdrawal_not_recognised, cash_withdrawal_not_recognised,False
770,"the wrong amount of cash came out of the atm today when i went to withdraw. when i looked at the app, it was showing it was much more.",19,wrong_amount_of_cash_received,19,wrong_amount_of_cash_received, wrong_amount_of_cash_received,True
771,i did not get as much cash as i requested at the atm.,19,wrong_amount_of_cash_received,68,cash_withdrawal_not_recognised, cash_withdrawal_not_recognised,False
772,"how can i request cash back? the atm just gave me the wrong amount, the app shows the amount that i've been actually charged though...",19,wrong_amount_of_cash_received,68,cash_withdrawal_not_recognised, cash_withdrawal_not_recognised,False
773,where is the money i pushed it's on my mobile app as being withdrawn.,19,wrong_amount_of_cash_received,68,cash_withdrawal_not_recognised, cash_withdrawal_not_recognised,False
774,why did i not get all the cash i asked for?,19,wrong_amount_of_cash_received,19,wrong_amount_of_cash_received, wrong_amount_of_cash_received,True
775,my cash withdrawal was partly declined,19,wrong_amount_of_cash_received,39,declined_cash_withdrawal, declined_cash_withdrawal,False
776,why did i only get $20 when i tried to get $100,19,wrong_amount_of_cash_received,19,wrong_amount_of_cash_received, wrong_amount_of_cash_received,True
777,i have withdrawn cash from atm but i received the wrong amount. i want cash back as in app its showing actual amount which i got. please help me in this.,19,wrong_amount_of_cash_received,68,cash_withdrawal_not_recognised, cash_withdrawal_not_recognised,False
778,"i went to withdraw some cash earlier today, but seems the atm gave me the wrong amount of cash! the amount showing up in the app is a lot more",19,wrong_amount_of_cash_received,68,cash_withdrawal_not_recognised, cash_withdrawal_not_recognised,False
779,i tried to get $100 but i just got $20,19,wrong_amount_of_cash_received,19,wrong_amount_of_cash_received, wrong_amount_of_cash_received,True
780,i have not received the amount of cash i was supposed to.,19,wrong_amount_of_cash_received,68,cash_withdrawal_not_recognised, cash_withdrawal_not_recognised,False
781,i asked for $100 cash but only got $20?,19,wrong_amount_of_cash_received,19,wrong_amount_of_cash_received, wrong_amount_of_cash_received,True
782,where is the money that i asked for? i asked for more than i got!,19,wrong_amount_of_cash_received,66,top_up_failed, top_up_failed,False
783,i withdrew money but the full amount wasn't dispensed.,19,wrong_amount_of_cash_received,68,cash_withdrawal_not_recognised, cash_withdrawal_not_recognised,False
784,something went wrong with my withdrawal. the amount of money isn't right.,19,wrong_amount_of_cash_received,68,cash_withdrawal_not_recognised, cash_withdrawal_not_recognised,False
785,i have got out the wrong amount from an atm. please tell me the process to get the cash back as in app its showing the amount i have been actually received.,19,wrong_amount_of_cash_received,19,wrong_amount_of_cash_received, wrong_amount_of_cash_received,True
786,i asked for 100 but only got 20.,19,wrong_amount_of_cash_received,19,wrong_amount_of_cash_received, wrong_amount_of_cash_received,True
787,i didn't receive the right amount of cash back,19,wrong_amount_of_cash_received,19,wrong_amount_of_cash_received, wrong_amount_of_cash_received,True
788,the atm gave me less cash than i requested,19,wrong_amount_of_cash_received,68,cash_withdrawal_not_recognised, cash_withdrawal_not_recognised,False
789,"i didn't get as much cash as i asked for from the atm, why?",19,wrong_amount_of_cash_received,19,wrong_amount_of_cash_received, wrong_amount_of_cash_received,True
790,what do i do if the atm didn't give me the correct amount i withdrew? i pulled out 30 pounds and the atm gave me 10 pounds.,19,wrong_amount_of_cash_received,68,cash_withdrawal_not_recognised, cash_withdrawal_not_recognised,False
791,"i tried to take out cash but the amount isn't right, so what do i do?",19,wrong_amount_of_cash_received,19,wrong_amount_of_cash_received, wrong_amount_of_cash_received,True
792,i didn't receive all the cash i asked for,19,wrong_amount_of_cash_received,19,wrong_amount_of_cash_received, wrong_amount_of_cash_received,True
793,i just got $20 when i tried to get $100,19,wrong_amount_of_cash_received,19,wrong_amount_of_cash_received, wrong_amount_of_cash_received,True
794,the right amount of cash was not sent to me.,19,wrong_amount_of_cash_received,19,wrong_amount_of_cash_received, wrong_amount_of_cash_received,True
795,the atm didn't give me the the withdraw amount requested.,19,wrong_amount_of_cash_received,68,cash_withdrawal_not_recognised, cash_withdrawal_not_recognised,False
796,why did i get less money than i asked for?,19,wrong_amount_of_cash_received,19,wrong_amount_of_cash_received, wrong_amount_of_cash_received,True
797,i didn't get the right amount at the atm.,19,wrong_amount_of_cash_received,68,cash_withdrawal_not_recognised, cash_withdrawal_not_recognised,False
798,did not receive correct cash upon withdrawal,19,wrong_amount_of_cash_received,68,cash_withdrawal_not_recognised, cash_withdrawal_not_recognised,False
799,will declined funds i tried to withdraw be returned to me?,19,wrong_amount_of_cash_received,39,declined_cash_withdrawal, declined_cash_withdrawal,False
800,i payed with a card and was charged an extra fee,20,card_payment_fee_charged,20,card_payment_fee_charged, card_payment_fee_charged,True
801,i was charged a fee after using my card and i shouldn't have been.,20,card_payment_fee_charged,20,card_payment_fee_charged, card_payment_fee_charged,True
802,is there a reason i was charged a fee for using my card as payment? i've never had an extra fee before.,20,card_payment_fee_charged,20,card_payment_fee_charged, card_payment_fee_charged,True
803,"i show another charge on my card from when i used it, why?",20,card_payment_fee_charged,20,card_payment_fee_charged, card_payment_fee_charged,True
804,"why do i get charged additional fees on some payments, but not others?",20,card_payment_fee_charged,20,card_payment_fee_charged, card_payment_fee_charged,True
805,i used my card for a purchase and was charged a fee,20,card_payment_fee_charged,20,card_payment_fee_charged, card_payment_fee_charged,True
806,why was i charged for card payment?,20,card_payment_fee_charged,20,card_payment_fee_charged, card_payment_fee_charged,True
807,there is an unauthorized fee.,20,card_payment_fee_charged,20,card_payment_fee_charged, card_payment_fee_charged,True
808,i would appreciate that someone let me know when there is an extra charge for payments. i was checking the app earlier and saying a charge on one of my payments that was additional that no one made me aware of before.,20,card_payment_fee_charged,4,extra_charge_on_statement, extra_charge_on_statement,False
809,why was i charged an extra fee when paying with my card?,20,card_payment_fee_charged,20,card_payment_fee_charged, card_payment_fee_charged,True
810,why did i have to pay extra because i paid with card?,20,card_payment_fee_charged,20,card_payment_fee_charged, card_payment_fee_charged,True
811,why are there fees for card usage?,20,card_payment_fee_charged,20,card_payment_fee_charged, card_payment_fee_charged,True
812,im not sure what this charge is for,20,card_payment_fee_charged,70,top_up_by_card_charge, top_up_by_card_charge,False
813,what is the fee charged with this card payment?,20,card_payment_fee_charged,20,card_payment_fee_charged, card_payment_fee_charged,True
814,when would my card be charged an extra fee for a transaction?,20,card_payment_fee_charged,20,card_payment_fee_charged, card_payment_fee_charged,True
815,why did i have to pay more when i do it with my card?,20,card_payment_fee_charged,20,card_payment_fee_charged, card_payment_fee_charged,True
816,i made a card payment and a fee is showing up?,20,card_payment_fee_charged,20,card_payment_fee_charged, card_payment_fee_charged,True
817,i have been charged a fee for paying with card,20,card_payment_fee_charged,20,card_payment_fee_charged, card_payment_fee_charged,True
818,what is the fee on my card payment?,20,card_payment_fee_charged,20,card_payment_fee_charged, card_payment_fee_charged,True
819,why would i be charged a fee for card payment?,20,card_payment_fee_charged,20,card_payment_fee_charged, card_payment_fee_charged,True
820,will i always be charged a fee for using my card?,20,card_payment_fee_charged,20,card_payment_fee_charged, card_payment_fee_charged,True
821,"can i check somewhere if there will be a fee on my payment or not? seems you are charging in some cases, what's the pattern there?",20,card_payment_fee_charged,20,card_payment_fee_charged, card_payment_fee_charged,True
822,paying in card resulted in a fee,20,card_payment_fee_charged,20,card_payment_fee_charged, card_payment_fee_charged,True
823,i paid with card and i think there was a fee applied.,20,card_payment_fee_charged,20,card_payment_fee_charged, card_payment_fee_charged,True
824,so what items actually come with extra fees,20,card_payment_fee_charged,70,top_up_by_card_charge, top_up_by_card_charge,False
825,how do i avoid getting charged a fee on my card?,20,card_payment_fee_charged,20,card_payment_fee_charged, card_payment_fee_charged,True
826,is there a fee when you pay with your card?,20,card_payment_fee_charged,20,card_payment_fee_charged, card_payment_fee_charged,True
827,i have been charged with a fee for paying with my card.,20,card_payment_fee_charged,20,card_payment_fee_charged, card_payment_fee_charged,True
828,for the first time i got a fee on my account. how do i know when you charge these fees?,20,card_payment_fee_charged,20,card_payment_fee_charged, card_payment_fee_charged,True
829,someone needs to make me aware when there are extra charges for payments. i happened to be looking at the app earlier and noticed a charge associated to a payment that was extra that no one made me aware of before at all.,20,card_payment_fee_charged,4,extra_charge_on_statement, extra_charge_on_statement,False
830,is using my card free?,20,card_payment_fee_charged,20,card_payment_fee_charged, card_payment_fee_charged,True
831,why was i charged an extra fee when using a card?,20,card_payment_fee_charged,20,card_payment_fee_charged, card_payment_fee_charged,True
832,what fees apply when using a card?,20,card_payment_fee_charged,20,card_payment_fee_charged, card_payment_fee_charged,True
833,why do you charge for payments? why aren't your charges clearly laid out in the agreement?,20,card_payment_fee_charged,20,card_payment_fee_charged, card_payment_fee_charged,True
834,why was i charged a fee when i paid with card?,20,card_payment_fee_charged,20,card_payment_fee_charged, card_payment_fee_charged,True
835,there is a fee on my account. why?,20,card_payment_fee_charged,15,top_up_by_bank_transfer_charge, top_up_by_bank_transfer_charge,False
836,why do you charge fees on card payments?,20,card_payment_fee_charged,20,card_payment_fee_charged, card_payment_fee_charged,True
837,i was charged a fee for a card payment. why?,20,card_payment_fee_charged,20,card_payment_fee_charged, card_payment_fee_charged,True
838,why was a charged a fee for using the card?,20,card_payment_fee_charged,20,card_payment_fee_charged, card_payment_fee_charged,True
839,they charged me for paying with my card.,20,card_payment_fee_charged,20,card_payment_fee_charged, card_payment_fee_charged,True
840,"i completed an in country transfer a few days ago and was sure to check the account information several times since the transaction was completed, but the funds are still not available. what is the problem?",21,transfer_not_received_by_recipient,21,transfer_not_received_by_recipient, transfer_not_received_by_recipient,True
841,my money transfer has not arrived.,21,transfer_not_received_by_recipient,21,transfer_not_received_by_recipient, transfer_not_received_by_recipient,True
842,i am still waiting for a transaction to be completed,21,transfer_not_received_by_recipient,46,pending_transfer, pending_transfer,False
843,i made a money transaction but the recipient can't see it,21,transfer_not_received_by_recipient,21,transfer_not_received_by_recipient, transfer_not_received_by_recipient,True
844,i tried to send someone money but they haven't received it.,21,transfer_not_received_by_recipient,21,transfer_not_received_by_recipient, transfer_not_received_by_recipient,True
845,how long does it take for a transfer to get to a recipient?,21,transfer_not_received_by_recipient,51,transfer_timing, transfer_timing,False
846,how can the recipient see my money transaction?,21,transfer_not_received_by_recipient,21,transfer_not_received_by_recipient, transfer_not_received_by_recipient,True
847,i transferred money but the recipient says it has not arrived. why would this be?,21,transfer_not_received_by_recipient,21,transfer_not_received_by_recipient, transfer_not_received_by_recipient,True
848,the transfer i did hasn't arrived,21,transfer_not_received_by_recipient,21,transfer_not_received_by_recipient, transfer_not_received_by_recipient,True
849,how long do money transfers take?,21,transfer_not_received_by_recipient,51,transfer_timing, transfer_timing,False
850,i transferred some money and it didint arrive,21,transfer_not_received_by_recipient,21,transfer_not_received_by_recipient, transfer_not_received_by_recipient,True
851,where is the transfer i started?,21,transfer_not_received_by_recipient,21,transfer_not_received_by_recipient, transfer_not_received_by_recipient,True
852,transaction failed?,21,transfer_not_received_by_recipient,43,declined_transfer, declined_transfer,False
853,"i just finished sending money, but it's not logging on the recipient side.",21,transfer_not_received_by_recipient,21,transfer_not_received_by_recipient, transfer_not_received_by_recipient,True
854,i completed a money transaction but the recipient hasn't received it,21,transfer_not_received_by_recipient,21,transfer_not_received_by_recipient, transfer_not_received_by_recipient,True
855,the receipient doesn't see my money transfer.,21,transfer_not_received_by_recipient,21,transfer_not_received_by_recipient, transfer_not_received_by_recipient,True
856,"i transferred the rent payment for my new place a couple days ago but the landlord says it's not there yet, despite showing up as done on my side. i checked the account number i sent it to and it's definitely correct. can you please verify if the transaction really went through or not?",21,transfer_not_received_by_recipient,21,transfer_not_received_by_recipient, transfer_not_received_by_recipient,True
857,i need to find out why my transfer didn't get there.,21,transfer_not_received_by_recipient,21,transfer_not_received_by_recipient, transfer_not_received_by_recipient,True
858,"i've just moved address from a place in durham to a place in walton-on-the-naze. i have a new landlord at my new house and they haven't got my payment but i know i sent it on time, can you check they got it please?",21,transfer_not_received_by_recipient,21,transfer_not_received_by_recipient, transfer_not_received_by_recipient,True
859,i sent money. they haven't received it.,21,transfer_not_received_by_recipient,21,transfer_not_received_by_recipient, transfer_not_received_by_recipient,True
860,"hey, i need some help figuring out way my transfer is not complete yet. my landlord hasn't got the money yet.she should have received it by now.",21,transfer_not_received_by_recipient,21,transfer_not_received_by_recipient, transfer_not_received_by_recipient,True
861,"the day before yesterday, i performed a transfer which was within this country. it still hasn't gone through. can you check on that? the account number is definitely correct, as i've checked and double checked.",21,transfer_not_received_by_recipient,43,declined_transfer, declined_transfer,False
862,"i'm having a problem with a money transfer. i sent some money to a friend a couple of hours ago, and they haven't received it yet. why hasn't it gotten to them? how long do transfers need to go through?",21,transfer_not_received_by_recipient,21,transfer_not_received_by_recipient, transfer_not_received_by_recipient,True
863,i transferred some money but the receiver can't pick it up for some reason.,21,transfer_not_received_by_recipient,21,transfer_not_received_by_recipient, transfer_not_received_by_recipient,True
864,where is the transaction i made to a friend?,21,transfer_not_received_by_recipient,21,transfer_not_received_by_recipient, transfer_not_received_by_recipient,True
865,my friend still hasn't gotten a transaction i made.,21,transfer_not_received_by_recipient,21,transfer_not_received_by_recipient, transfer_not_received_by_recipient,True
866,im waiting for my transaction to go through.,21,transfer_not_received_by_recipient,46,pending_transfer, pending_transfer,False
867,i made a transaction and it is taking a very long time to go through.,21,transfer_not_received_by_recipient,21,transfer_not_received_by_recipient, transfer_not_received_by_recipient,True
868,is there a reason why my transaction is taking so long?,21,transfer_not_received_by_recipient,21,transfer_not_received_by_recipient, transfer_not_received_by_recipient,True
869,how long will it take for my transaction to be completed?,21,transfer_not_received_by_recipient,46,pending_transfer, pending_transfer,False
870,i sent some money and the receiver can't access it.,21,transfer_not_received_by_recipient,21,transfer_not_received_by_recipient, transfer_not_received_by_recipient,True
871,i sent my friend some money a few hours ago but she has not received it yet. she really needs it. how long does this take?,21,transfer_not_received_by_recipient,21,transfer_not_received_by_recipient, transfer_not_received_by_recipient,True
872,the person i sent money to hasn't gotten it yet!,21,transfer_not_received_by_recipient,21,transfer_not_received_by_recipient, transfer_not_received_by_recipient,True
873,when will my funds transfer?,21,transfer_not_received_by_recipient,51,transfer_timing, transfer_timing,False
874,"how long does it take for transfers to finish? i sent funds to my pal, and she says that she has not gotten anything.",21,transfer_not_received_by_recipient,51,transfer_timing, transfer_timing,False
875,"how long do transfers need to come through? i sent some money to a friend, she needs it urgently, but seems it's still not there yet after a couple hours.",21,transfer_not_received_by_recipient,51,transfer_timing, transfer_timing,False
876,how long until my friend receives my transaction?,21,transfer_not_received_by_recipient,21,transfer_not_received_by_recipient, transfer_not_received_by_recipient,True
877,why hasn't my recipient received their money?,21,transfer_not_received_by_recipient,21,transfer_not_received_by_recipient, transfer_not_received_by_recipient,True
878,i am still awaiting the completion of the transaction.,21,transfer_not_received_by_recipient,46,pending_transfer, pending_transfer,False
879,i transferred some money but the recipient is having trouble withdrawing.,21,transfer_not_received_by_recipient,21,transfer_not_received_by_recipient, transfer_not_received_by_recipient,True
880,"to add money to my account, what currencies can i use?",22,supported_cards_and_currencies,6,fiat_currency_support, fiat_currency_support,False
881,"i need support options, i want to top my card",22,supported_cards_and_currencies,-1,top_up_by_card, top_up_by_card,False
882,i have 1 other us card. can you take that?,22,supported_cards_and_currencies,1,card_linking, card_linking,False
883,what are the cards and currencies that are supported?,22,supported_cards_and_currencies,22,supported_cards_and_currencies, supported_cards_and_currencies,True
884,what currencies are accepted for adding money?,22,supported_cards_and_currencies,6,fiat_currency_support, fiat_currency_support,False
885,what kind of currencies can i use to add money?,22,supported_cards_and_currencies,6,fiat_currency_support, fiat_currency_support,False
886,i only own one other credit card from the usa. will it be accepted?,22,supported_cards_and_currencies,22,supported_cards_and_currencies, supported_cards_and_currencies,True
887,"if i only have 1 other us card, can you take it?",22,supported_cards_and_currencies,24,card_acceptance, card_acceptance,False
888,can i use my american express to add money to my account?,22,supported_cards_and_currencies,-1,top_up_by_card, top_up_by_card,False
889,can you tell me what cards and currencies you take?,22,supported_cards_and_currencies,22,supported_cards_and_currencies, supported_cards_and_currencies,True
890,can i use american express to add money into my account?,22,supported_cards_and_currencies,22,supported_cards_and_currencies, supported_cards_and_currencies,True
891,will you accept my other card from the u.s.?,22,supported_cards_and_currencies,22,supported_cards_and_currencies, supported_cards_and_currencies,True
892,what is accepted in regards to cards and currencies?,22,supported_cards_and_currencies,22,supported_cards_and_currencies, supported_cards_and_currencies,True
893,will you accept my other card?,22,supported_cards_and_currencies,24,card_acceptance, card_acceptance,False
894,i would like to add money to my account through my american express.,22,supported_cards_and_currencies,-1,top_up_by_card, top_up_by_card,False
895,which cards do you guys support? i want to top up using my credit card.,22,supported_cards_and_currencies,22,supported_cards_and_currencies, supported_cards_and_currencies,True
896,what credit cards are supported?,22,supported_cards_and_currencies,22,supported_cards_and_currencies, supported_cards_and_currencies,True
897,what cards and currencies do you support?,22,supported_cards_and_currencies,22,supported_cards_and_currencies, supported_cards_and_currencies,True
898,how do i transfer funds from my american express into my account?,22,supported_cards_and_currencies,58,transfer_into_account, transfer_into_account,False
899,how can i use american express to add money to my account?,22,supported_cards_and_currencies,70,top_up_by_card_charge, top_up_by_card_charge,False
900,"when adding money, what are the currencies you take?",22,supported_cards_and_currencies,6,fiat_currency_support, fiat_currency_support,False
901,which forms of currency are accepted?,22,supported_cards_and_currencies,6,fiat_currency_support, fiat_currency_support,False
902,are us credit cards accepted?,22,supported_cards_and_currencies,22,supported_cards_and_currencies, supported_cards_and_currencies,True
903,"i want to add money but don't know what currencies you accept, can you tell me?",22,supported_cards_and_currencies,6,fiat_currency_support, fiat_currency_support,False
904,why wouldn't you support american express? its a card i like and use often and i don't want to get a different one,22,supported_cards_and_currencies,22,supported_cards_and_currencies, supported_cards_and_currencies,True
905,tell me which cards and what currency is supported.,22,supported_cards_and_currencies,22,supported_cards_and_currencies, supported_cards_and_currencies,True
906,do you support all cards and currencies?,22,supported_cards_and_currencies,22,supported_cards_and_currencies, supported_cards_and_currencies,True
907,which credit or debit cards can i use to top up?,22,supported_cards_and_currencies,22,supported_cards_and_currencies, supported_cards_and_currencies,True
908,what options do i have in regards to payment?,22,supported_cards_and_currencies,20,card_payment_fee_charged, card_payment_fee_charged,False
909,i just have one other card from the us. is that okay?,22,supported_cards_and_currencies,22,supported_cards_and_currencies, supported_cards_and_currencies,True
910,what are all the currencies and cards supported to use this?,22,supported_cards_and_currencies,22,supported_cards_and_currencies, supported_cards_and_currencies,True
911,what cards to do you support to top up.,22,supported_cards_and_currencies,22,supported_cards_and_currencies, supported_cards_and_currencies,True
912,do you accept other currencies besides us dollars?,22,supported_cards_and_currencies,6,fiat_currency_support, fiat_currency_support,False
913,can i use any currency to add money?,22,supported_cards_and_currencies,6,fiat_currency_support, fiat_currency_support,False
914,is my currency okay to add money with?,22,supported_cards_and_currencies,6,fiat_currency_support, fiat_currency_support,False
915,what cards and currencies will suffice?,22,supported_cards_and_currencies,22,supported_cards_and_currencies, supported_cards_and_currencies,True
916,how can i use american express to add funds to my account?,22,supported_cards_and_currencies,70,top_up_by_card_charge, top_up_by_card_charge,False
917,what cards and currencies are supported?,22,supported_cards_and_currencies,22,supported_cards_and_currencies, supported_cards_and_currencies,True
918,what currencies or cards do you support for topping up?,22,supported_cards_and_currencies,22,supported_cards_and_currencies, supported_cards_and_currencies,True
919,which cards and currencies do you support?,22,supported_cards_and_currencies,22,supported_cards_and_currencies, supported_cards_and_currencies,True
920,where can i obtain my virtual card?,23,getting_virtual_card,23,getting_virtual_card, getting_virtual_card,True
921,how do you get a virtual card?,23,getting_virtual_card,23,getting_virtual_card, getting_virtual_card,True
922,where can i find a virtual card?,23,getting_virtual_card,23,getting_virtual_card, getting_virtual_card,True
923,is there an option to have a virtual card?,23,getting_virtual_card,23,getting_virtual_card, getting_virtual_card,True
924,if i don't want a physical card can i get a virtual version?,23,getting_virtual_card,23,getting_virtual_card, getting_virtual_card,True
925,i requested a virtual card but it is not showing up. why?,23,getting_virtual_card,23,getting_virtual_card, getting_virtual_card,True
926,can you tell me how to order a virtual card?,23,getting_virtual_card,23,getting_virtual_card, getting_virtual_card,True
927,where is the virtual card?,23,getting_virtual_card,23,getting_virtual_card, getting_virtual_card,True
928,what is the virtual card,23,getting_virtual_card,23,getting_virtual_card, getting_virtual_card,True
929,how do i get a virtual card?,23,getting_virtual_card,23,getting_virtual_card, getting_virtual_card,True
930,where do i order a virtual card from?,23,getting_virtual_card,23,getting_virtual_card, getting_virtual_card,True
931,why did i not get a virtual card yet?,23,getting_virtual_card,23,getting_virtual_card, getting_virtual_card,True
932,how can i order virtual cards?,23,getting_virtual_card,23,getting_virtual_card, getting_virtual_card,True
933,can you tell me where i can order a virtual card?,23,getting_virtual_card,23,getting_virtual_card, getting_virtual_card,True
934,is it possible for me to get a virtual card?,23,getting_virtual_card,23,getting_virtual_card, getting_virtual_card,True
935,is this where i order a virtual card?,23,getting_virtual_card,23,getting_virtual_card, getting_virtual_card,True
936,what are the steps to getting a virtual card?,23,getting_virtual_card,23,getting_virtual_card, getting_virtual_card,True
937,help me obtain a virtual card,23,getting_virtual_card,23,getting_virtual_card, getting_virtual_card,True
938,where is the virtual card located?,23,getting_virtual_card,23,getting_virtual_card, getting_virtual_card,True
939,where can i order a virtual card?,23,getting_virtual_card,23,getting_virtual_card, getting_virtual_card,True
940,where do i obtain my virtual card?,23,getting_virtual_card,23,getting_virtual_card, getting_virtual_card,True
941,i want a virtual card!,23,getting_virtual_card,23,getting_virtual_card, getting_virtual_card,True
942,i want one of those virtual cards!,23,getting_virtual_card,23,getting_virtual_card, getting_virtual_card,True
943,are virtual cards available to get?,23,getting_virtual_card,23,getting_virtual_card, getting_virtual_card,True
944,can you help me sign up for a virtual card?,23,getting_virtual_card,23,getting_virtual_card, getting_virtual_card,True
945,can i get a copy of the card by email?,23,getting_virtual_card,1,card_linking, card_linking,False
946,where do i find the virtual card?,23,getting_virtual_card,23,getting_virtual_card, getting_virtual_card,True
947,why do i not have a virtual card,23,getting_virtual_card,23,getting_virtual_card, getting_virtual_card,True
948,how do i order a virtual card?,23,getting_virtual_card,23,getting_virtual_card, getting_virtual_card,True
949,"i thought i was going to get a virtual card but i haven't received it yet, how can we resolve this?",23,getting_virtual_card,23,getting_virtual_card, getting_virtual_card,True
950,please help me get a virtual card.,23,getting_virtual_card,23,getting_virtual_card, getting_virtual_card,True
951,can i order a virtual card?,23,getting_virtual_card,23,getting_virtual_card, getting_virtual_card,True
952,where can i go to get a virtual card?,23,getting_virtual_card,23,getting_virtual_card, getting_virtual_card,True
953,where are the virtual cards located?,23,getting_virtual_card,23,getting_virtual_card, getting_virtual_card,True
954,i would like a virtual card- where can i purchase one?,23,getting_virtual_card,23,getting_virtual_card, getting_virtual_card,True
955,when should i receive my virtual card?,23,getting_virtual_card,23,getting_virtual_card, getting_virtual_card,True
956,i need to reorder my virtual card!,23,getting_virtual_card,60,getting_spare_card, getting_spare_card,False
957,where can i get a virtual card?,23,getting_virtual_card,23,getting_virtual_card, getting_virtual_card,True
958,is there a way to obtain a virtual card?,23,getting_virtual_card,23,getting_virtual_card, getting_virtual_card,True
959,can i have one of the virtual cards?,23,getting_virtual_card,23,getting_virtual_card, getting_virtual_card,True
960,will my card be accepted all over the world?,24,card_acceptance,24,card_acceptance, card_acceptance,True
961,who accepts this card?,24,card_acceptance,22,supported_cards_and_currencies, supported_cards_and_currencies,False
962,can i use my card for payment all over the world?,24,card_acceptance,24,card_acceptance, card_acceptance,True
963,it will be fine to use at any establishment that accepts mastercard.,24,card_acceptance,24,card_acceptance, card_acceptance,True
964,where can the card be used?,24,card_acceptance,24,card_acceptance, card_acceptance,True
965,can my card be used everywhere?,24,card_acceptance,24,card_acceptance, card_acceptance,True
966,are there any limits on where i can use my card?,24,card_acceptance,24,card_acceptance, card_acceptance,True
967,what stores can i sue my card?,24,card_acceptance,24,card_acceptance, card_acceptance,True
968,can i use my card anywhere i want?,24,card_acceptance,24,card_acceptance, card_acceptance,True
969,is there anywhere my card will not be accepted?,24,card_acceptance,24,card_acceptance, card_acceptance,True
970,what are the rules to where i can use my card?,24,card_acceptance,24,card_acceptance, card_acceptance,True
971,do you know where my card will be accepted?,24,card_acceptance,24,card_acceptance, card_acceptance,True
972,what places can i use my card?,24,card_acceptance,24,card_acceptance, card_acceptance,True
973,is my card accepted everywhere?,24,card_acceptance,24,card_acceptance, card_acceptance,True
974,what places will accept my card for payment?,24,card_acceptance,24,card_acceptance, card_acceptance,True
975,does this card work everywhere?,24,card_acceptance,24,card_acceptance, card_acceptance,True
976,what businesses accept this card?,24,card_acceptance,24,card_acceptance, card_acceptance,True
977,where can i use my card?,24,card_acceptance,24,card_acceptance, card_acceptance,True
978,which outlets accept my card?,24,card_acceptance,24,card_acceptance, card_acceptance,True
979,"i am traveling to germany, will i be able to use my card there?",24,card_acceptance,2,exchange_rate, exchange_rate,False
980,what stores will take my credit card as payment?,24,card_acceptance,24,card_acceptance, card_acceptance,True
981,is there any place i cannot use my card?,24,card_acceptance,24,card_acceptance, card_acceptance,True
982,will i be able to use my card anywhere?,24,card_acceptance,24,card_acceptance, card_acceptance,True
983,is my card usable anywhere?,24,card_acceptance,24,card_acceptance, card_acceptance,True
984,is it acceptable to use my card anywhere?,24,card_acceptance,24,card_acceptance, card_acceptance,True
985,can i use my card everywhere?,24,card_acceptance,24,card_acceptance, card_acceptance,True
986,where is my card accepted?,24,card_acceptance,24,card_acceptance, card_acceptance,True
987,where can i pay with my debit or credit card?,24,card_acceptance,24,card_acceptance, card_acceptance,True
988,where should my card work?,24,card_acceptance,24,card_acceptance, card_acceptance,True
989,areas card is accpeted,24,card_acceptance,24,card_acceptance, card_acceptance,True
990,places i can use the card,24,card_acceptance,24,card_acceptance, card_acceptance,True
991,can i make online purchases with my card?,24,card_acceptance,20,card_payment_fee_charged, card_payment_fee_charged,False
992,does every place of business accept this card?,24,card_acceptance,24,card_acceptance, card_acceptance,True
993,what places will accept my card?,24,card_acceptance,24,card_acceptance, card_acceptance,True
994,can i use my card anywere?,24,card_acceptance,24,card_acceptance, card_acceptance,True
995,will any business take this card?,24,card_acceptance,24,card_acceptance, card_acceptance,True
996,will filling stations accept my card?,24,card_acceptance,24,card_acceptance, card_acceptance,True
997,where am i able to use the card?,24,card_acceptance,24,card_acceptance, card_acceptance,True
998,what can i use my card to pay for?,24,card_acceptance,20,card_payment_fee_charged, card_payment_fee_charged,False
999,who accepts my card?,24,card_acceptance,24,card_acceptance, card_acceptance,True
1000,my top-up was cancelled; will i receive a refund?,25,top_up_reverted,25,top_up_reverted, top_up_reverted,True
1001,how do i fix a reverted top up?,25,top_up_reverted,25,top_up_reverted, top_up_reverted,True
1002,is it possible to tell if my top up has reverted?,25,top_up_reverted,25,top_up_reverted, top_up_reverted,True
1003,"my top-up showed as complete, but it's no longer there! what's going on here?",25,top_up_reverted,66,top_up_failed, top_up_failed,False
1004,"hi, i don't know what's going on i've just paid for my top up twice by accident can you help me get a refund please.",25,top_up_reverted,66,top_up_failed, top_up_failed,False
1005,it seems my top up is reverted?,25,top_up_reverted,25,top_up_reverted, top_up_reverted,True
1006,the app wouldn't accept my top up.,25,top_up_reverted,66,top_up_failed, top_up_failed,False
1007,"i topped up my account and even though it was confirmed at first, the money isn't there anymore! why did this happen, and where did my money go?",25,top_up_reverted,66,top_up_failed, top_up_failed,False
1008,"i believe my money did not go through with my top up, was there a problem on your end?",25,top_up_reverted,66,top_up_failed, top_up_failed,False
1009,"my top-up was reverted, why did this happen?",25,top_up_reverted,25,top_up_reverted, top_up_reverted,True
1010,i put money into my account for the minimum balance but the application didn't accept.,25,top_up_reverted,66,top_up_failed, top_up_failed,False
1011,can you tell me if my top-up has been cancelled?,25,top_up_reverted,25,top_up_reverted, top_up_reverted,True
1012,i got topped up but the application reverted it.,25,top_up_reverted,25,top_up_reverted, top_up_reverted,True
1013,why would my top up be cancelled?,25,top_up_reverted,25,top_up_reverted, top_up_reverted,True
1014,there appears to have been a reversion in my top up,25,top_up_reverted,25,top_up_reverted, top_up_reverted,True
1015,the application reverted my top-up.,25,top_up_reverted,25,top_up_reverted, top_up_reverted,True
1016,i think my top-up was cancelled.,25,top_up_reverted,25,top_up_reverted, top_up_reverted,True
1017,i believed crypto top up with something you offered. this does not seem to be working. the money has been removed from my account though so what's going on?,25,top_up_reverted,22,supported_cards_and_currencies, supported_cards_and_currencies,False
1018,i topped up but the app reverted it,25,top_up_reverted,25,top_up_reverted, top_up_reverted,True
1019,i went to top up and it is no longer there. was it sent back?,25,top_up_reverted,66,top_up_failed, top_up_failed,False
1020,what happened to my top-up?,25,top_up_reverted,66,top_up_failed, top_up_failed,False
1021,can you tell me why my top up was reverted?,25,top_up_reverted,25,top_up_reverted, top_up_reverted,True
1022,for what reason would a top up be reverted and returned to my account?,25,top_up_reverted,25,top_up_reverted, top_up_reverted,True
1023,"when i topped up, the app reverted my funds.",25,top_up_reverted,25,top_up_reverted, top_up_reverted,True
1024,what happened to where my top-up was canceled?,25,top_up_reverted,25,top_up_reverted, top_up_reverted,True
1025,i tryed to make a top-up with cryptocurrency but the payment was referted.,25,top_up_reverted,66,top_up_failed, top_up_failed,False
1026,the app reverted my top off.,25,top_up_reverted,25,top_up_reverted, top_up_reverted,True
1027,the app reverted my action when i topped up.,25,top_up_reverted,25,top_up_reverted, top_up_reverted,True
1028,was my top up reversed?,25,top_up_reverted,25,top_up_reverted, top_up_reverted,True
1029,"i see my top-up was canceled, but why?",25,top_up_reverted,25,top_up_reverted, top_up_reverted,True
1030,do you know if my top-up has been cancelled?,25,top_up_reverted,25,top_up_reverted, top_up_reverted,True
1031,has my top-up has been cancelled,25,top_up_reverted,25,top_up_reverted, top_up_reverted,True
1032,my top-up was revoked.,25,top_up_reverted,25,top_up_reverted, top_up_reverted,True
1033,causes of top-up cancellation,25,top_up_reverted,25,top_up_reverted, top_up_reverted,True
1034,the app reverted what i topped up.,25,top_up_reverted,25,top_up_reverted, top_up_reverted,True
1035,has my top up been reverted?,25,top_up_reverted,25,top_up_reverted, top_up_reverted,True
1036,im very upset as my top-up was canceled and i have no idea why.,25,top_up_reverted,66,top_up_failed, top_up_failed,False
1037,my top-up has been cancelled.,25,top_up_reverted,25,top_up_reverted, top_up_reverted,True
1038,on my last transaction it seem that my top-up was not successful.,25,top_up_reverted,66,top_up_failed, top_up_failed,False
1039,i'd like to know why my top-up was canceled please.,25,top_up_reverted,66,top_up_failed, top_up_failed,False
1040,i tried making an update to my balance using cheque just yesterday but it doesn't appear to have worked. should this not be a faster process? i need you to please check over my account because something has went wrong.,26,balance_not_updated_after_cheque_or_cash_deposit,67,balance_not_updated_after_bank_transfer, balance_not_updated_after_bank_transfer,False
1041,how come i don't see my deposit in my account yet?,26,balance_not_updated_after_cheque_or_cash_deposit,67,balance_not_updated_after_bank_transfer, balance_not_updated_after_bank_transfer,False
1042,is there a reason why my account isn't updating because i used a check to balance my account?,26,balance_not_updated_after_cheque_or_cash_deposit,67,balance_not_updated_after_bank_transfer, balance_not_updated_after_bank_transfer,False
1043,"i don't know why the deposit i made a week ago still hasn't showed up, i really need the money now.",26,balance_not_updated_after_cheque_or_cash_deposit,67,balance_not_updated_after_bank_transfer, balance_not_updated_after_bank_transfer,False
1044,i made a cash deposit almost a week ago but it's still not there!! please sort this out asap i need the money,26,balance_not_updated_after_cheque_or_cash_deposit,67,balance_not_updated_after_bank_transfer, balance_not_updated_after_bank_transfer,False
1045,where is my cash deposit?,26,balance_not_updated_after_cheque_or_cash_deposit,67,balance_not_updated_after_bank_transfer, balance_not_updated_after_bank_transfer,False
1046,how can i get the cash deposit to show up on my account?,26,balance_not_updated_after_cheque_or_cash_deposit,67,balance_not_updated_after_bank_transfer, balance_not_updated_after_bank_transfer,False
1047,when will i see the cash i deposited this morning as available?,26,balance_not_updated_after_cheque_or_cash_deposit,67,balance_not_updated_after_bank_transfer, balance_not_updated_after_bank_transfer,False
1048,cash from this morning has not deposited,26,balance_not_updated_after_cheque_or_cash_deposit,68,cash_withdrawal_not_recognised, cash_withdrawal_not_recognised,False
1049,where is the cash from my cheque i recently deposited?,26,balance_not_updated_after_cheque_or_cash_deposit,67,balance_not_updated_after_bank_transfer, balance_not_updated_after_bank_transfer,False
1050,cash deposit to my account but it has not appeared.,26,balance_not_updated_after_cheque_or_cash_deposit,67,balance_not_updated_after_bank_transfer, balance_not_updated_after_bank_transfer,False
1051,"when i deposit cheques and cash, my balance does not update.",26,balance_not_updated_after_cheque_or_cash_deposit,67,balance_not_updated_after_bank_transfer, balance_not_updated_after_bank_transfer,False
1052,i made a deposit this morning but it is still pending?,26,balance_not_updated_after_cheque_or_cash_deposit,16,pending_top_up, pending_top_up,False
1053,cash deposit to my account has shown a red flag.,26,balance_not_updated_after_cheque_or_cash_deposit,67,balance_not_updated_after_bank_transfer, balance_not_updated_after_bank_transfer,False
1054,i have paid money into my account but it doesn't show.,26,balance_not_updated_after_cheque_or_cash_deposit,66,top_up_failed, top_up_failed,False
1055,the balance on my account wasn't updated after i made a depost.,26,balance_not_updated_after_cheque_or_cash_deposit,67,balance_not_updated_after_bank_transfer, balance_not_updated_after_bank_transfer,False
1056,are cheques accepted to my account? mine didn't seem to work.,26,balance_not_updated_after_cheque_or_cash_deposit,67,balance_not_updated_after_bank_transfer, balance_not_updated_after_bank_transfer,False
1057,i deposited a check but my balance is still the same.,26,balance_not_updated_after_cheque_or_cash_deposit,67,balance_not_updated_after_bank_transfer, balance_not_updated_after_bank_transfer,False
1058,im still waiting for my account to update from a cash deposit?,26,balance_not_updated_after_cheque_or_cash_deposit,67,balance_not_updated_after_bank_transfer, balance_not_updated_after_bank_transfer,False
1059,"i submitted a cheque couple days ago, nothing happened to my account yet.would you please check what could be the possible issue?",26,balance_not_updated_after_cheque_or_cash_deposit,67,balance_not_updated_after_bank_transfer, balance_not_updated_after_bank_transfer,False
1060,where is my deposit?,26,balance_not_updated_after_cheque_or_cash_deposit,67,balance_not_updated_after_bank_transfer, balance_not_updated_after_bank_transfer,False
1061,my bank statement doesn't show the cash deposit i made recently.,26,balance_not_updated_after_cheque_or_cash_deposit,67,balance_not_updated_after_bank_transfer, balance_not_updated_after_bank_transfer,False
1062,my cash deposit from a week ago hasn't shown up. i need the money - how quickly can you sort this out?,26,balance_not_updated_after_cheque_or_cash_deposit,67,balance_not_updated_after_bank_transfer, balance_not_updated_after_bank_transfer,False
1063,why didn't my balance update after my cash or checque deposit?,26,balance_not_updated_after_cheque_or_cash_deposit,67,balance_not_updated_after_bank_transfer, balance_not_updated_after_bank_transfer,False
1064,why is the cash deposit not showing up in my account?,26,balance_not_updated_after_cheque_or_cash_deposit,67,balance_not_updated_after_bank_transfer, balance_not_updated_after_bank_transfer,False
1065,i made a deposit of cash and check that has not been added to my balance.,26,balance_not_updated_after_cheque_or_cash_deposit,67,balance_not_updated_after_bank_transfer, balance_not_updated_after_bank_transfer,False
1066,why hasn't my balance increased after depositing a check?,26,balance_not_updated_after_cheque_or_cash_deposit,26,balance_not_updated_after_cheque_or_cash_deposit, balance_not_updated_after_cheque_or_cash_deposit,True
1067,why does my account not accept cash deposits?,26,balance_not_updated_after_cheque_or_cash_deposit,67,balance_not_updated_after_bank_transfer, balance_not_updated_after_bank_transfer,False
1068,what happened to the cash that i tried to deposit into my account? it's gone!,26,balance_not_updated_after_cheque_or_cash_deposit,67,balance_not_updated_after_bank_transfer, balance_not_updated_after_bank_transfer,False
1069,"i had a cheque deposited, but i still haven't seen the cash.",26,balance_not_updated_after_cheque_or_cash_deposit,67,balance_not_updated_after_bank_transfer, balance_not_updated_after_bank_transfer,False
1070,"a cheque deposit hasn't posted to my account, when will my balance update?",26,balance_not_updated_after_cheque_or_cash_deposit,67,balance_not_updated_after_bank_transfer, balance_not_updated_after_bank_transfer,False
1071,i submitted a cash deposit to my account but it hasn't posted yet.,26,balance_not_updated_after_cheque_or_cash_deposit,67,balance_not_updated_after_bank_transfer, balance_not_updated_after_bank_transfer,False
1072,i sent a cheque a few days ago and nothing has happened to my account yet. can you please check on this for me?,26,balance_not_updated_after_cheque_or_cash_deposit,67,balance_not_updated_after_bank_transfer, balance_not_updated_after_bank_transfer,False
1073,has the check i deposited cleared to i can get the cash?,26,balance_not_updated_after_cheque_or_cash_deposit,67,balance_not_updated_after_bank_transfer, balance_not_updated_after_bank_transfer,False
1074,how long does it take to process cheque deposits?,26,balance_not_updated_after_cheque_or_cash_deposit,26,balance_not_updated_after_cheque_or_cash_deposit, balance_not_updated_after_cheque_or_cash_deposit,True
1075,how come my cash deposit is not showing up. this can't be right. there must be some mistake. where did my cash go. you better not have lost it as i need this money asap.,26,balance_not_updated_after_cheque_or_cash_deposit,67,balance_not_updated_after_bank_transfer, balance_not_updated_after_bank_transfer,False
1076,i deposited cash this morning and i am still waiting,26,balance_not_updated_after_cheque_or_cash_deposit,67,balance_not_updated_after_bank_transfer, balance_not_updated_after_bank_transfer,False
1077,balance hasn't been updated following a cheque or cash deposit,26,balance_not_updated_after_cheque_or_cash_deposit,26,balance_not_updated_after_cheque_or_cash_deposit, balance_not_updated_after_cheque_or_cash_deposit,True
1078,i tired to deposit some cash into my account but it's not there,26,balance_not_updated_after_cheque_or_cash_deposit,67,balance_not_updated_after_bank_transfer, balance_not_updated_after_bank_transfer,False
1079,"i sent you a cheque couple days ago, nothing happened to my account yet! this is unacceptable, where is my money??",26,balance_not_updated_after_cheque_or_cash_deposit,67,balance_not_updated_after_bank_transfer, balance_not_updated_after_bank_transfer,False
1080,i have a strange payment in my statement,27,card_payment_not_recognised,20,card_payment_fee_charged, card_payment_fee_charged,False
1081,there is a charge on my card that i did not make,27,card_payment_not_recognised,20,card_payment_fee_charged, card_payment_fee_charged,False
1082,i saw a payment i did not do,27,card_payment_not_recognised,27,card_payment_not_recognised, card_payment_not_recognised,True
1083,there is a payment that is not mine in the app. please advise/,27,card_payment_not_recognised,27,card_payment_not_recognised, card_payment_not_recognised,True
1084,an unauthorized payment is in my app,27,card_payment_not_recognised,27,card_payment_not_recognised, card_payment_not_recognised,True
1085,i did not make this card payment.,27,card_payment_not_recognised,27,card_payment_not_recognised, card_payment_not_recognised,True
1086,what should i do if i see a payment i didn't make?,27,card_payment_not_recognised,27,card_payment_not_recognised, card_payment_not_recognised,True
1087,i found an unauthorized card payment,27,card_payment_not_recognised,27,card_payment_not_recognised, card_payment_not_recognised,True
1088,there is a transaction on my account that i didnt make,27,card_payment_not_recognised,27,card_payment_not_recognised, card_payment_not_recognised,True
1089,i don't recall making that payment?,27,card_payment_not_recognised,27,card_payment_not_recognised, card_payment_not_recognised,True
1090,there are some payments with my card that i don't know where they are coming from. just checked today and it's been since a couple days as well! what to i do? can i revert this retrospectively? my card needs to be frozen immediately as well!,27,card_payment_not_recognised,27,card_payment_not_recognised, card_payment_not_recognised,True
1091,has someone accessed my card there are payments i did not make that are showing up on the app.,27,card_payment_not_recognised,35,compromised_card, compromised_card,False
1092,there are some strange charges on my card that i didn't make from a few days ago. is my card stolen and if so should i cancel it? will i get refunded the charges?,27,card_payment_not_recognised,11,lost_or_stolen_card, lost_or_stolen_card,False
1093,why would there be a payment on my account i don't recognize?,27,card_payment_not_recognised,27,card_payment_not_recognised, card_payment_not_recognised,True
1094,i have a payment i didn't do,27,card_payment_not_recognised,27,card_payment_not_recognised, card_payment_not_recognised,True
1095,there is a payment that is not mine.,27,card_payment_not_recognised,27,card_payment_not_recognised, card_payment_not_recognised,True
1096,can you freeze my account? i just saw there are transactions on my account that i don't recognize. how can i fix this?,27,card_payment_not_recognised,50,verify_source_of_funds, verify_source_of_funds,False
1097,there is a card payment i do not recognise.,27,card_payment_not_recognised,27,card_payment_not_recognised, card_payment_not_recognised,True
1098,i don't recognise a card payment,27,card_payment_not_recognised,27,card_payment_not_recognised, card_payment_not_recognised,True
1099,payment i did not do,27,card_payment_not_recognised,27,card_payment_not_recognised, card_payment_not_recognised,True
1100,"please put a freeze on my card, i am worried there has been some payments on it and i don't know what for.",27,card_payment_not_recognised,11,lost_or_stolen_card, lost_or_stolen_card,False
1101,i think my statement has a fraudulent charge,27,card_payment_not_recognised,20,card_payment_fee_charged, card_payment_fee_charged,False
1102,"i'm concerned about a payment that has recently been made on my card. i do not recognize the name that the transaction went to, can you help me?",27,card_payment_not_recognised,27,card_payment_not_recognised, card_payment_not_recognised,True
1103,what should i do to get transactions off of my account if i didn't make them? my card must have been compromised and i need to freeze it asap!,27,card_payment_not_recognised,35,compromised_card, compromised_card,False
1104,i have a payment listed in error.,27,card_payment_not_recognised,27,card_payment_not_recognised, card_payment_not_recognised,True
1105,what can i do about some payments on my card i didn't make. please put a freeze on my card till we can figure this out.,27,card_payment_not_recognised,27,card_payment_not_recognised, card_payment_not_recognised,True
1106,i'm not familiar with a card payment.,27,card_payment_not_recognised,27,card_payment_not_recognised, card_payment_not_recognised,True
1107,i have an unauthorized transaction on my statement,27,card_payment_not_recognised,20,card_payment_fee_charged, card_payment_fee_charged,False
1108,there is a payment in the app that is not mine.,27,card_payment_not_recognised,27,card_payment_not_recognised, card_payment_not_recognised,True
1109,i don't know where this transaction came from?,27,card_payment_not_recognised,27,card_payment_not_recognised, card_payment_not_recognised,True
1110,i see a charge on my account that i don't recall making. i feel like my account may have been compromised.,27,card_payment_not_recognised,35,compromised_card, compromised_card,False
1111,"i know i didn't make this payment showing up on my card, i don't remember this person at all.",27,card_payment_not_recognised,27,card_payment_not_recognised, card_payment_not_recognised,True
1112,somebody used my card to make a purchase,27,card_payment_not_recognised,27,card_payment_not_recognised, card_payment_not_recognised,True
1113,there's a recent charge on my card that i know i didn't make because i've never seen the name before. can we investigate this?,27,card_payment_not_recognised,27,card_payment_not_recognised, card_payment_not_recognised,True
1114,some of my card payments look different than where i purchased products from. why is that?,27,card_payment_not_recognised,27,card_payment_not_recognised, card_payment_not_recognised,True
1115,there is a strange payment on my statement. what should i do?,27,card_payment_not_recognised,27,card_payment_not_recognised, card_payment_not_recognised,True
1116,i think there has been a purchase made that wasn't by me.,27,card_payment_not_recognised,27,card_payment_not_recognised, card_payment_not_recognised,True
1117,there is a fraudulent charge on my statement.,27,card_payment_not_recognised,20,card_payment_fee_charged, card_payment_fee_charged,False
1118,what is the payment in my account that i did not do?,27,card_payment_not_recognised,27,card_payment_not_recognised, card_payment_not_recognised,True
1119,in my statement there is a payment that is i do not recognize,27,card_payment_not_recognised,27,card_payment_not_recognised, card_payment_not_recognised,True
1120,"i no longer live at my address on file, how do i change it?",28,edit_personal_details,28,edit_personal_details, edit_personal_details,True
1121,how to change my address.,28,edit_personal_details,28,edit_personal_details, edit_personal_details,True
1122,how do i update my details?,28,edit_personal_details,28,edit_personal_details, edit_personal_details,True
1123,my address needs to be revised.,28,edit_personal_details,28,edit_personal_details, edit_personal_details,True
1124,"got married, need to change account name",28,edit_personal_details,28,edit_personal_details, edit_personal_details,True
1125,my address has changed.,28,edit_personal_details,53,change_pin, change_pin,False
1126,got married and need to change name,28,edit_personal_details,28,edit_personal_details, edit_personal_details,True
1127,i want to change my personal details.,28,edit_personal_details,28,edit_personal_details, edit_personal_details,True
1128,i moved. i need to update my details.,28,edit_personal_details,28,edit_personal_details, edit_personal_details,True
1129,i need to edit the personal details section of my account,28,edit_personal_details,28,edit_personal_details, edit_personal_details,True
1130,where can i change my personal information after i move?,28,edit_personal_details,28,edit_personal_details, edit_personal_details,True
1131,where can i go to modify my detail?,28,edit_personal_details,28,edit_personal_details, edit_personal_details,True
1132,how do i change my information?,28,edit_personal_details,28,edit_personal_details, edit_personal_details,True
1133,i need to change my account details,28,edit_personal_details,28,edit_personal_details, edit_personal_details,True
1134,i moved. where do i update my details?,28,edit_personal_details,28,edit_personal_details, edit_personal_details,True
1135,i relocated and need to change my personal details.,28,edit_personal_details,28,edit_personal_details, edit_personal_details,True
1136,i need to update my personal details,28,edit_personal_details,28,edit_personal_details, edit_personal_details,True
1137,my address has changed. how do i report it?,28,edit_personal_details,28,edit_personal_details, edit_personal_details,True
1138,i need to update my info.,28,edit_personal_details,28,edit_personal_details, edit_personal_details,True
1139,how can i modify my details?,28,edit_personal_details,28,edit_personal_details, edit_personal_details,True
1140,what do i have to do to change my name?,28,edit_personal_details,28,edit_personal_details, edit_personal_details,True
1141,my address has updated and i need to change it.,28,edit_personal_details,28,edit_personal_details, edit_personal_details,True
1142,where can i go to update my personal profile?,28,edit_personal_details,28,edit_personal_details, edit_personal_details,True
1143,is it possible to edit my personal details on the app?,28,edit_personal_details,28,edit_personal_details, edit_personal_details,True
1144,how can i change my details,28,edit_personal_details,28,edit_personal_details, edit_personal_details,True
1145,i need help changing my last name on my account.,28,edit_personal_details,28,edit_personal_details, edit_personal_details,True
1146,how do i update my current residence details?,28,edit_personal_details,28,edit_personal_details, edit_personal_details,True
1147,how do i change name?,28,edit_personal_details,28,edit_personal_details, edit_personal_details,True
1148,i need to change my name since i got married,28,edit_personal_details,28,edit_personal_details, edit_personal_details,True
1149,i want to change my address.,28,edit_personal_details,28,edit_personal_details, edit_personal_details,True
1150,how to change name,28,edit_personal_details,28,edit_personal_details, edit_personal_details,True
1151,can i change my information?,28,edit_personal_details,28,edit_personal_details, edit_personal_details,True
1152,i need to update my current address,28,edit_personal_details,28,edit_personal_details, edit_personal_details,True
1153,i have moved. where can i update my details?,28,edit_personal_details,28,edit_personal_details, edit_personal_details,True
1154,i want to change my name.,28,edit_personal_details,28,edit_personal_details, edit_personal_details,True
1155,should i just wait until the post office sends a change of address form?,28,edit_personal_details,7,card_delivery_estimate, card_delivery_estimate,False
1156,i need to change my name what do i do?,28,edit_personal_details,28,edit_personal_details, edit_personal_details,True
1157,how can i edit my personal details?,28,edit_personal_details,28,edit_personal_details, edit_personal_details,True
1158,how do i change my address?,28,edit_personal_details,28,edit_personal_details, edit_personal_details,True
1159,what do i need to do to change the address on my account?,28,edit_personal_details,28,edit_personal_details, edit_personal_details,True
1160,why do you require so many details about my identity?,29,why_verify_identity,50,verify_source_of_funds, verify_source_of_funds,False
1161,i'd rather not verify my identity.,29,why_verify_identity,50,verify_source_of_funds, verify_source_of_funds,False
1162,do i need to verify my identity every time i log into my account?,29,why_verify_identity,50,verify_source_of_funds, verify_source_of_funds,False
1163,why am i required to verify my identity?,29,why_verify_identity,50,verify_source_of_funds, verify_source_of_funds,False
1164,can i make transfers before identity verification?,29,why_verify_identity,50,verify_source_of_funds, verify_source_of_funds,False
1165,what is the need to verify my identity?,29,why_verify_identity,75,verify_my_identity, verify_my_identity,False
1166,do i have to do the identity check?,29,why_verify_identity,50,verify_source_of_funds, verify_source_of_funds,False
1167,can i use my account without verifying my identity?,29,why_verify_identity,50,verify_source_of_funds, verify_source_of_funds,False
1168,why is identity verification mandatory?,29,why_verify_identity,50,verify_source_of_funds, verify_source_of_funds,False
1169,do i have to do an identity check?,29,why_verify_identity,50,verify_source_of_funds, verify_source_of_funds,False
1170,i would like to not have to do the identity verification.,29,why_verify_identity,50,verify_source_of_funds, verify_source_of_funds,False
1171,"can i still use my account, even though the identity verification has not passed yet?",29,why_verify_identity,30,unable_to_verify_identity, unable_to_verify_identity,False
1172,why do you require all my identity details?,29,why_verify_identity,50,verify_source_of_funds, verify_source_of_funds,False
1173,why do you need so much information to verify my identity?,29,why_verify_identity,50,verify_source_of_funds, verify_source_of_funds,False
1174,what is the purpose for the identity check,29,why_verify_identity,50,verify_source_of_funds, verify_source_of_funds,False
1175,i don't like that i have to fill out so much information about my identity.,29,why_verify_identity,50,verify_source_of_funds, verify_source_of_funds,False
1176,what is the point of an identity check?,29,why_verify_identity,50,verify_source_of_funds, verify_source_of_funds,False
1177,how come you need to know my identity?,29,why_verify_identity,50,verify_source_of_funds, verify_source_of_funds,False
1178,"may i use my account now, even though the identity verification has not gone through yet?",29,why_verify_identity,30,unable_to_verify_identity, unable_to_verify_identity,False
1179,do i need to verify my identity to use my account?,29,why_verify_identity,75,verify_my_identity, verify_my_identity,False
1180,why am i required to do an identity check?,29,why_verify_identity,50,verify_source_of_funds, verify_source_of_funds,False
1181,why am i being asked to have an identity check,29,why_verify_identity,50,verify_source_of_funds, verify_source_of_funds,False
1182,can i make transactions before identity verification is complete?,29,why_verify_identity,50,verify_source_of_funds, verify_source_of_funds,False
1183,do i really need to verify my identity?,29,why_verify_identity,50,verify_source_of_funds, verify_source_of_funds,False
1184,why do i have to give you all of my identification details?,29,why_verify_identity,50,verify_source_of_funds, verify_source_of_funds,False
1185,why do you require so many identity details?,29,why_verify_identity,50,verify_source_of_funds, verify_source_of_funds,False
1186,"since my id hasn't been verified, when can i use my account?",29,why_verify_identity,30,unable_to_verify_identity, unable_to_verify_identity,False
1187,i won't verify my identity.,29,why_verify_identity,30,unable_to_verify_identity, unable_to_verify_identity,False
1188,i want to skip verification of my identity.,29,why_verify_identity,50,verify_source_of_funds, verify_source_of_funds,False
1189,i do not wish to verify my identity.,29,why_verify_identity,30,unable_to_verify_identity, unable_to_verify_identity,False
1190,why do i have to verify my identity?,29,why_verify_identity,50,verify_source_of_funds, verify_source_of_funds,False
1191,what is the identity check?,29,why_verify_identity,50,verify_source_of_funds, verify_source_of_funds,False
1192,what other methods are there to verify my identity?,29,why_verify_identity,50,verify_source_of_funds, verify_source_of_funds,False
1193,do i need to verify my identity?,29,why_verify_identity,75,verify_my_identity, verify_my_identity,False
1194,do i need to verify my identity each time i wish to use my account?,29,why_verify_identity,50,verify_source_of_funds, verify_source_of_funds,False
1195,can i use my account if the identity verification is not complete?,29,why_verify_identity,50,verify_source_of_funds, verify_source_of_funds,False
1196,why is it asking me to verify my identity,29,why_verify_identity,50,verify_source_of_funds, verify_source_of_funds,False
1197,do i have to verify my identity?,29,why_verify_identity,75,verify_my_identity, verify_my_identity,False
1198,why do you need to know so much about me,29,why_verify_identity,50,verify_source_of_funds, verify_source_of_funds,False
1199,why did i need to verfiy my identity?,29,why_verify_identity,50,verify_source_of_funds, verify_source_of_funds,False
1200,i cannot verify my identity,30,unable_to_verify_identity,75,verify_my_identity, verify_my_identity,False
1201,i do not have what is required to prove my identity,30,unable_to_verify_identity,30,unable_to_verify_identity, unable_to_verify_identity,True
1202,why doesn't the app believe i am who i say i am?,30,unable_to_verify_identity,30,unable_to_verify_identity, unable_to_verify_identity,True
1203,i am having trouble verifying my identity.,30,unable_to_verify_identity,75,verify_my_identity, verify_my_identity,False
1204,what do i do if my verification failed,30,unable_to_verify_identity,50,verify_source_of_funds, verify_source_of_funds,False
1205,it is impossible to verify my identity,30,unable_to_verify_identity,30,unable_to_verify_identity, unable_to_verify_identity,True
1206,the app doesn't know it's me.,30,unable_to_verify_identity,75,verify_my_identity, verify_my_identity,False
1207,i'm having trouble verifying my id.,30,unable_to_verify_identity,75,verify_my_identity, verify_my_identity,False
1208,app does not recognize me,30,unable_to_verify_identity,30,unable_to_verify_identity, unable_to_verify_identity,True
1209,help my verify my id.,30,unable_to_verify_identity,75,verify_my_identity, verify_my_identity,False
1210,the app failed to verify my identity.,30,unable_to_verify_identity,30,unable_to_verify_identity, unable_to_verify_identity,True
1211,i can't verify my id.,30,unable_to_verify_identity,75,verify_my_identity, verify_my_identity,False
1212,i can't prove my identity.,30,unable_to_verify_identity,30,unable_to_verify_identity, unable_to_verify_identity,True
1213,i am not being recognized by the app.,30,unable_to_verify_identity,30,unable_to_verify_identity, unable_to_verify_identity,True
1214,why isn't my id being verified?,30,unable_to_verify_identity,30,unable_to_verify_identity, unable_to_verify_identity,True
1215,the app will not let me into my account.,30,unable_to_verify_identity,30,unable_to_verify_identity, unable_to_verify_identity,True
1216,i am having trouble proving my identity.,30,unable_to_verify_identity,50,verify_source_of_funds, verify_source_of_funds,False
1217,i cannot prove my own identity.,30,unable_to_verify_identity,30,unable_to_verify_identity, unable_to_verify_identity,True
1218,my id won't be verified!,30,unable_to_verify_identity,30,unable_to_verify_identity, unable_to_verify_identity,True
1219,i can not get the app to know it is me.,30,unable_to_verify_identity,75,verify_my_identity, verify_my_identity,False
1220,i can't verify my identity.,30,unable_to_verify_identity,75,verify_my_identity, verify_my_identity,False
1221,the app doesn't recognize me.,30,unable_to_verify_identity,30,unable_to_verify_identity, unable_to_verify_identity,True
1222,i am having difficulties to verify my identity.,30,unable_to_verify_identity,75,verify_my_identity, verify_my_identity,False
1223,the app doesn't believe that i am me,30,unable_to_verify_identity,30,unable_to_verify_identity, unable_to_verify_identity,True
1224,what's with not verifying my id?,30,unable_to_verify_identity,30,unable_to_verify_identity, unable_to_verify_identity,True
1225,what do i need to verify my id?,30,unable_to_verify_identity,75,verify_my_identity, verify_my_identity,False
1226,"i tried verifying my id, but it won't let me.",30,unable_to_verify_identity,50,verify_source_of_funds, verify_source_of_funds,False
1227,how do i show this stupid system that this is really my identity?,30,unable_to_verify_identity,50,verify_source_of_funds, verify_source_of_funds,False
1228,i am experiencing difficulty providing my identity.,30,unable_to_verify_identity,50,verify_source_of_funds, verify_source_of_funds,False
1229,i a having trouble proving my identity,30,unable_to_verify_identity,50,verify_source_of_funds, verify_source_of_funds,False
1230,how long will it take for my id to verify?,30,unable_to_verify_identity,50,verify_source_of_funds, verify_source_of_funds,False
1231,why am i not able to verify my id?,30,unable_to_verify_identity,30,unable_to_verify_identity, unable_to_verify_identity,True
1232,it doesn't let me verify my identity.,30,unable_to_verify_identity,30,unable_to_verify_identity, unable_to_verify_identity,True
1233,app doesnt think its me,30,unable_to_verify_identity,30,unable_to_verify_identity, unable_to_verify_identity,True
1234,why am i having trouble verifying my id?,30,unable_to_verify_identity,30,unable_to_verify_identity, unable_to_verify_identity,True
1235,i am having issues with identity verification,30,unable_to_verify_identity,30,unable_to_verify_identity, unable_to_verify_identity,True
1236,the app won't let me log in as myself.,30,unable_to_verify_identity,30,unable_to_verify_identity, unable_to_verify_identity,True
1237,why can't i verify my identity?,30,unable_to_verify_identity,30,unable_to_verify_identity, unable_to_verify_identity,True
1238,why can't i verify my id?,30,unable_to_verify_identity,30,unable_to_verify_identity, unable_to_verify_identity,True
1239,for some reason i am having a problem with verifying my identity.,30,unable_to_verify_identity,50,verify_source_of_funds, verify_source_of_funds,False
1240,what do i do with my card pin?,31,get_physical_card,53,change_pin, change_pin,False
1241,is the pin delivered separately?,31,get_physical_card,7,card_delivery_estimate, card_delivery_estimate,False
1242,i do not have my pin,31,get_physical_card,13,pin_blocked, pin_blocked,False
1243,are pin separately?,31,get_physical_card,13,pin_blocked, pin_blocked,False
1244,i cannot seem to find my pin. where is it?,31,get_physical_card,13,pin_blocked, pin_blocked,False
1245,how do i set-up my pin for the new card?,31,get_physical_card,71,activate_my_card, activate_my_card,False
1246,how do i find my card pin?,31,get_physical_card,13,pin_blocked, pin_blocked,False
1247,is my card pin saved in the app,31,get_physical_card,53,change_pin, change_pin,False
1248,i don't know where to look to find my pin.,31,get_physical_card,13,pin_blocked, pin_blocked,False
1249,where in the app can i find out about my new pin,31,get_physical_card,53,change_pin, change_pin,False
1250,where in the app can i find my pin?,31,get_physical_card,53,change_pin, change_pin,False
1251,i just got my new card but am not sure how to check its pin.,31,get_physical_card,71,activate_my_card, activate_my_card,False
1252,do i need a pin,31,get_physical_card,13,pin_blocked, pin_blocked,False
1253,"if i need a pin for my card, where is it located?",31,get_physical_card,71,activate_my_card, activate_my_card,False
1254,what is my card pin,31,get_physical_card,53,change_pin, change_pin,False
1255,and what about the card's pin?,31,get_physical_card,13,pin_blocked, pin_blocked,False
1256,about this card pin?,31,get_physical_card,13,pin_blocked, pin_blocked,False
1257,i received my card but not my pin.,31,get_physical_card,0,card_arrival, card_arrival,False
1258,why can't i see my pin?,31,get_physical_card,13,pin_blocked, pin_blocked,False
1259,what is the process for setting up a pin,31,get_physical_card,53,change_pin, change_pin,False
1260,does my pin come with my card?,31,get_physical_card,71,activate_my_card, activate_my_card,False
1261,where can i find the card pin?,31,get_physical_card,13,pin_blocked, pin_blocked,False
1262,why isn't my pin available yet?,31,get_physical_card,13,pin_blocked, pin_blocked,False
1263,is my pin located on my account somewhere?,31,get_physical_card,13,pin_blocked, pin_blocked,False
1264,"please help in finding my card pin, thank you!",31,get_physical_card,13,pin_blocked, pin_blocked,False
1265,where is my pin number located?,31,get_physical_card,53,change_pin, change_pin,False
1266,i still don't have my pin.,31,get_physical_card,13,pin_blocked, pin_blocked,False
1267,so what about the card pin?,31,get_physical_card,13,pin_blocked, pin_blocked,False
1268,i cannot locate the card pin.,31,get_physical_card,13,pin_blocked, pin_blocked,False
1269,i need my pin,31,get_physical_card,13,pin_blocked, pin_blocked,False
1270,where can i find my pin?,31,get_physical_card,13,pin_blocked, pin_blocked,False
1271,when do i receive my pin,31,get_physical_card,71,activate_my_card, activate_my_card,False
1272,help me find my card pin!,31,get_physical_card,13,pin_blocked, pin_blocked,False
1273,is pin delivered separately?,31,get_physical_card,7,card_delivery_estimate, card_delivery_estimate,False
1274,i can not find my card pin.,31,get_physical_card,13,pin_blocked, pin_blocked,False
1275,what do i need to do for a pin?,31,get_physical_card,53,change_pin, change_pin,False
1276,why can't i find my pin?,31,get_physical_card,13,pin_blocked, pin_blocked,False
1277,where is the card pin?,31,get_physical_card,13,pin_blocked, pin_blocked,False
1278,what is my card's pin?,31,get_physical_card,53,change_pin, change_pin,False
1279,where can user find pin?,31,get_physical_card,13,pin_blocked, pin_blocked,False
1280,i like to mastercard rather than visa.,32,visa_or_mastercard,32,visa_or_mastercard, visa_or_mastercard,True
1281,do i qualify for a visa card?,32,visa_or_mastercard,60,getting_spare_card, getting_spare_card,False
1282,how do i get a visa card?,32,visa_or_mastercard,23,getting_virtual_card, getting_virtual_card,False
1283,do you guys accept visa or mastercard?,32,visa_or_mastercard,32,visa_or_mastercard, visa_or_mastercard,True
1284,are both visa and mastercard accepted?,32,visa_or_mastercard,32,visa_or_mastercard, visa_or_mastercard,True
1285,do you guys accept mastercard or visa?,32,visa_or_mastercard,32,visa_or_mastercard, visa_or_mastercard,True
1286,are both visa and mastercard offered?,32,visa_or_mastercard,32,visa_or_mastercard, visa_or_mastercard,True
1287,can you give me a visa?,32,visa_or_mastercard,32,visa_or_mastercard, visa_or_mastercard,True
1288,how to decide if i get a visa or mastercard?,32,visa_or_mastercard,32,visa_or_mastercard, visa_or_mastercard,True
1289,can i get a mastercard?,32,visa_or_mastercard,24,card_acceptance, card_acceptance,False
1290,what steps must i follow to get a visa credit card?,32,visa_or_mastercard,23,getting_virtual_card, getting_virtual_card,False
1291,i'd rather get a mastercard,32,visa_or_mastercard,32,visa_or_mastercard, visa_or_mastercard,True
1292,do i get a choice between visa and mastercard?,32,visa_or_mastercard,32,visa_or_mastercard, visa_or_mastercard,True
1293,what do i have to do to get a visa credit card?,32,visa_or_mastercard,23,getting_virtual_card, getting_virtual_card,False
1294,i would prefer a visa card,32,visa_or_mastercard,23,getting_virtual_card, getting_virtual_card,False
1295,may i choose between visa and mastercard?,32,visa_or_mastercard,32,visa_or_mastercard, visa_or_mastercard,True
1296,am i allowed to use any card to make a payment?,32,visa_or_mastercard,20,card_payment_fee_charged, card_payment_fee_charged,False
1297,what are the available cards?,32,visa_or_mastercard,22,supported_cards_and_currencies, supported_cards_and_currencies,False
1298,i want to get visa and mastercard,32,visa_or_mastercard,32,visa_or_mastercard, visa_or_mastercard,True
1299,am i able to choose my card?,32,visa_or_mastercard,71,activate_my_card, activate_my_card,False
1300,are both visa and mastercard available to me?,32,visa_or_mastercard,32,visa_or_mastercard, visa_or_mastercard,True
1301,do you do visa or mastercard?,32,visa_or_mastercard,32,visa_or_mastercard, visa_or_mastercard,True
1302,how do i select a mastercard instead of a visa?,32,visa_or_mastercard,24,card_acceptance, card_acceptance,False
1303,i would like to apply for a visa card.,32,visa_or_mastercard,23,getting_virtual_card, getting_virtual_card,False
1304,do i get to choose between visa and mastercard?,32,visa_or_mastercard,32,visa_or_mastercard, visa_or_mastercard,True
1305,we need both a visa and a mastercard.,32,visa_or_mastercard,32,visa_or_mastercard, visa_or_mastercard,True
1306,hello. can you tell me if you use visa or mastercard?,32,visa_or_mastercard,32,visa_or_mastercard, visa_or_mastercard,True
1307,i'd like more information about choosing a visa or mastercard.,32,visa_or_mastercard,32,visa_or_mastercard, visa_or_mastercard,True
1308,do you have visa or matercard?,32,visa_or_mastercard,32,visa_or_mastercard, visa_or_mastercard,True
1309,is it possible to have both a visa and a mastercard from you?,32,visa_or_mastercard,32,visa_or_mastercard, visa_or_mastercard,True
1310,i like mastercard better.,32,visa_or_mastercard,32,visa_or_mastercard, visa_or_mastercard,True
1311,do you offer visa or mastercard?,32,visa_or_mastercard,32,visa_or_mastercard, visa_or_mastercard,True
1312,i would rather the mastercard.,32,visa_or_mastercard,24,card_acceptance, card_acceptance,False
1313,please give me both a visa and a master card.,32,visa_or_mastercard,22,supported_cards_and_currencies, supported_cards_and_currencies,False
1314,is it possible to receive a visa and a mastercard?,32,visa_or_mastercard,32,visa_or_mastercard, visa_or_mastercard,True
1315,what major card payments are accepted?,32,visa_or_mastercard,24,card_acceptance, card_acceptance,False
1316,is visa or mastercard available?,32,visa_or_mastercard,32,visa_or_mastercard, visa_or_mastercard,True
1317,can you let me know if visa is among the card scheme assignments?,32,visa_or_mastercard,22,supported_cards_and_currencies, supported_cards_and_currencies,False
1318,do you use mastercard or visa?,32,visa_or_mastercard,32,visa_or_mastercard, visa_or_mastercard,True
1319,is it possible to get a visa here?,32,visa_or_mastercard,32,visa_or_mastercard, visa_or_mastercard,True
1320,how can i top up my account with a card?,33,topping_up_by_card,-1,top_up_by_card, top_up_by_card,False
1321,where is my money i was using my card and it disappeared,33,topping_up_by_card,11,lost_or_stolen_card, lost_or_stolen_card,False
1322,how can i top up by card?,33,topping_up_by_card,-1,top_up_by_card, top_up_by_card,False
1323,what is the process for using my credit card to transfer money?,33,topping_up_by_card,58,transfer_into_account, transfer_into_account,False
1324,how do i top up my card using your app? i'm new to this.,33,topping_up_by_card,-1,top_up_by_app, top_up_by_app,False
1325,can friends add to my account,33,topping_up_by_card,60,getting_spare_card, getting_spare_card,False
1326,can i top up using my car?,33,topping_up_by_card,-1,top_up_by_card, top_up_by_card,False
1327,why can't i see my topup in my wallet anymore?,33,topping_up_by_card,59,verify_top_up, verify_top_up,False
1328,use credit card to transfer money,33,topping_up_by_card,58,transfer_into_account, transfer_into_account,False
1329,how do my friends top up my account,33,topping_up_by_card,-1,top_up_by_card, top_up_by_card,False
1330,"i followed the instructions to transfer money using my card, but then the money disappeared and i don't know what happened.",33,topping_up_by_card,21,transfer_not_received_by_recipient, transfer_not_received_by_recipient,False
1331,where's the money that got charged to my card? it's not showing up in my account balance,33,topping_up_by_card,67,balance_not_updated_after_bank_transfer, balance_not_updated_after_bank_transfer,False
1332,how can i top up?,33,topping_up_by_card,70,top_up_by_card_charge, top_up_by_card_charge,False
1333,"i am missing some funds from my account - i tried to transfer them using my credit card number, and it disappeared.",33,topping_up_by_card,21,transfer_not_received_by_recipient, transfer_not_received_by_recipient,False
1334,i have friends that would like to top-up my account is that possible?,33,topping_up_by_card,22,supported_cards_and_currencies, supported_cards_and_currencies,False
1335,how do i transfer money using a credit card?,33,topping_up_by_card,58,transfer_into_account, transfer_into_account,False
1336,can i give my friends access to my account so they can top it up for me?,33,topping_up_by_card,71,activate_my_card, activate_my_card,False
1337,"i did a top-up, but i'm not seeing it in my wallet yet.",33,topping_up_by_card,66,top_up_failed, top_up_failed,False
1338,"i know i entered the right info, but my top up isn't in my balance",33,topping_up_by_card,66,top_up_failed, top_up_failed,False
1339,will my friend be able to top off my account?,33,topping_up_by_card,70,top_up_by_card_charge, top_up_by_card_charge,False
1340,is there a way to transfer funds directly from my card?,33,topping_up_by_card,58,transfer_into_account, transfer_into_account,False
1341,why isn't my top up showing on my wallet?,33,topping_up_by_card,59,verify_top_up, verify_top_up,False
1342,"i tried to top up using my card, but now the money just disappeared!",33,topping_up_by_card,66,top_up_failed, top_up_failed,False
1343,help me transfer money to my credit card.,33,topping_up_by_card,58,transfer_into_account, transfer_into_account,False
1344,i tried to use my card to top up but all of the money has disappeared.,33,topping_up_by_card,66,top_up_failed, top_up_failed,False
1345,is it possible to use my credit card to transfer money?,33,topping_up_by_card,58,transfer_into_account, transfer_into_account,False
1346,how can someone add money to my account?,33,topping_up_by_card,15,top_up_by_bank_transfer_charge, top_up_by_bank_transfer_charge,False
1347,cannot access my top up.,33,topping_up_by_card,66,top_up_failed, top_up_failed,False
1348,are my friends able to add funds to my account?,33,topping_up_by_card,22,supported_cards_and_currencies, supported_cards_and_currencies,False
1349,can i transfer money to my credit card?,33,topping_up_by_card,58,transfer_into_account, transfer_into_account,False
1350,who else can top up my account,33,topping_up_by_card,70,top_up_by_card_charge, top_up_by_card_charge,False
1351,why is my money gone right when i attempted to top up,33,topping_up_by_card,66,top_up_failed, top_up_failed,False
1352,how do i transfer money using my credit card?,33,topping_up_by_card,58,transfer_into_account, transfer_into_account,False
1353,my friends want to top up my account,33,topping_up_by_card,-1,top_up_by_card, top_up_by_card,False
1354,who can top up my accounts?,33,topping_up_by_card,22,supported_cards_and_currencies, supported_cards_and_currencies,False
1355,show me how to top up with my card,33,topping_up_by_card,-1,top_up_by_card, top_up_by_card,False
1356,i topped up my card but the money disappeared.,33,topping_up_by_card,66,top_up_failed, top_up_failed,False
1357,why don't i see my top up in my wallet?,33,topping_up_by_card,59,verify_top_up, verify_top_up,False
1358,why can't i see the top-up amount i just added to my account?,33,topping_up_by_card,66,top_up_failed, top_up_failed,False
1359,are my friends able to top up my account?,33,topping_up_by_card,22,supported_cards_and_currencies, supported_cards_and_currencies,False
1360,how can i get multiple disposble cards.,34,disposable_card_limits,60,getting_spare_card, getting_spare_card,False
1361,can i make many disposable cards per day?,34,disposable_card_limits,34,disposable_card_limits, disposable_card_limits,True
1362,"i need to use my disposable card multiple times a day, is there a cutoff limit?",34,disposable_card_limits,34,disposable_card_limits, disposable_card_limits,True
1363,how do i make more than one disposable card in a day?,34,disposable_card_limits,34,disposable_card_limits, disposable_card_limits,True
1364,can i have more than one disposable card?,34,disposable_card_limits,34,disposable_card_limits, disposable_card_limits,True
1365,what is the disposable cards limit?,34,disposable_card_limits,34,disposable_card_limits, disposable_card_limits,True
1366,what's the most disposable cards i can have?,34,disposable_card_limits,34,disposable_card_limits, disposable_card_limits,True
1367,do these virtual cards have any caps on using them?,34,disposable_card_limits,22,supported_cards_and_currencies, supported_cards_and_currencies,False
1368,how many disposable cards can i have?,34,disposable_card_limits,34,disposable_card_limits, disposable_card_limits,True
1369,what is the amount of disposable cards i can have each day?,34,disposable_card_limits,34,disposable_card_limits, disposable_card_limits,True
1370,how many disposable cards per day am i allowed to have?,34,disposable_card_limits,34,disposable_card_limits, disposable_card_limits,True
1371,how many card payments can i use on a disposable card?,34,disposable_card_limits,34,disposable_card_limits, disposable_card_limits,True
1372,what if i need multiple disposable cards?,34,disposable_card_limits,60,getting_spare_card, getting_spare_card,False
1373,"if i have more than one disposable card, can i make five payments on each of them?",34,disposable_card_limits,34,disposable_card_limits, disposable_card_limits,True
1374,are you able to explain the restrictions of the disposable cards?,34,disposable_card_limits,34,disposable_card_limits, disposable_card_limits,True
1375,what is the maximum number of transactions i can make with one card?,34,disposable_card_limits,34,disposable_card_limits, disposable_card_limits,True
1376,what is the limit to number of transactions i can do with a disposable card?,34,disposable_card_limits,34,disposable_card_limits, disposable_card_limits,True
1377,how many disposable cards is the limit?,34,disposable_card_limits,34,disposable_card_limits, disposable_card_limits,True
1378,tell me how many transactions i can do with a disposable card.,34,disposable_card_limits,34,disposable_card_limits, disposable_card_limits,True
1379,i have to have several disposable cards per day.,34,disposable_card_limits,34,disposable_card_limits, disposable_card_limits,True
1380,i would like to know any restrictions for the disposable cards.,34,disposable_card_limits,34,disposable_card_limits, disposable_card_limits,True
1381,how can i create many temporary cards daily?,34,disposable_card_limits,60,getting_spare_card, getting_spare_card,False
1382,is it possible to make several disposable cards in a day?,34,disposable_card_limits,60,getting_spare_card, getting_spare_card,False
1383,how many disposable cards can i make in a single day?,34,disposable_card_limits,34,disposable_card_limits, disposable_card_limits,True
1384,is there a limit to how many transactions i can make on one disposable card?,34,disposable_card_limits,34,disposable_card_limits, disposable_card_limits,True
1385,are there any limits to how many disposable cards i can use?,34,disposable_card_limits,34,disposable_card_limits, disposable_card_limits,True
1386,can you explain the virtual cards limit?,34,disposable_card_limits,60,getting_spare_card, getting_spare_card,False
1387,how many disposable virtual cards can i have?,34,disposable_card_limits,60,getting_spare_card, getting_spare_card,False
1388,i need to create several disposable cards per day.,34,disposable_card_limits,34,disposable_card_limits, disposable_card_limits,True
1389,are there any hindrances to using a disposable virtual card?,34,disposable_card_limits,22,supported_cards_and_currencies, supported_cards_and_currencies,False
1390,how many disposable cards can i own?,34,disposable_card_limits,34,disposable_card_limits, disposable_card_limits,True
1391,how many virtual cards do i get?,34,disposable_card_limits,60,getting_spare_card, getting_spare_card,False
1392,what is the limit to disposable cards you can have?,34,disposable_card_limits,34,disposable_card_limits, disposable_card_limits,True
1393,how many times can i use a disposable card?,34,disposable_card_limits,34,disposable_card_limits, disposable_card_limits,True
1394,what can i use a virtual disposable card for?,34,disposable_card_limits,60,getting_spare_card, getting_spare_card,False
1395,do you know what the restriction of the disposable cards are?,34,disposable_card_limits,34,disposable_card_limits, disposable_card_limits,True
1396,what are the limits for disposable virtual cards?,34,disposable_card_limits,34,disposable_card_limits, disposable_card_limits,True
1397,what are the limits to using disposable virtual cards?,34,disposable_card_limits,34,disposable_card_limits, disposable_card_limits,True
1398,how many transactions can i do with one disposable card?,34,disposable_card_limits,34,disposable_card_limits, disposable_card_limits,True
1399,how many times can i use the disposable virtual card i have?,34,disposable_card_limits,60,getting_spare_card, getting_spare_card,False
1400,i think someone is using my card to make transactions i don't remember.,35,compromised_card,35,compromised_card, compromised_card,True
1401,someone is using my account,35,compromised_card,35,compromised_card, compromised_card,True
1402,someone i don't know has used my card without permission.,35,compromised_card,35,compromised_card, compromised_card,True
1403,my card was used without my permission.,35,compromised_card,35,compromised_card, compromised_card,True
1404,can i freeze my card right now?,35,compromised_card,9,card_not_working, card_not_working,False
1405,freeze my account it's been hacked.,35,compromised_card,35,compromised_card, compromised_card,True
1406,"there are transactions i didn't make, someone else must have used my card.",35,compromised_card,27,card_payment_not_recognised, card_payment_not_recognised,False
1407,can you freeze my card because someone used it while i was out of town. i did not make these purchases.,35,compromised_card,11,lost_or_stolen_card, lost_or_stolen_card,False
1408,someone is using my account to do online shopping! please freeze it asap,35,compromised_card,35,compromised_card, compromised_card,True
1409,someone else may be using my card. there are transactions i don't recognize.,35,compromised_card,11,lost_or_stolen_card, lost_or_stolen_card,False
1410,what do i do to stop unauthorized transactions on my card? i was never in the place from which the transactions on my bill were made and i never made them. please help!,35,compromised_card,35,compromised_card, compromised_card,True
1411,what do i do if i think my card was improperly used?,35,compromised_card,35,compromised_card, compromised_card,True
1412,how can i stop fraud on my account right now?,35,compromised_card,35,compromised_card, compromised_card,True
1413,"i think my identity has been stolen, can you check on unauthorized charges?",35,compromised_card,30,unable_to_verify_identity, unable_to_verify_identity,False
1414,i think someone else is using my card. there are transactions i didn't make.,35,compromised_card,11,lost_or_stolen_card, lost_or_stolen_card,False
1415,"i don't recognize some of the transactions on my card, i think someone must have gotten my card info and used it.",35,compromised_card,35,compromised_card, compromised_card,True
1416,can i use app to freeze account and dispute fraud?,35,compromised_card,11,lost_or_stolen_card, lost_or_stolen_card,False
1417,my card is being used online to make a bunch of purchases! someone else is using it fraudulently. can you help me freeze it?,35,compromised_card,35,compromised_card, compromised_card,True
1418,"someone has my card number, freeze my account.",35,compromised_card,11,lost_or_stolen_card, lost_or_stolen_card,False
1419,"i see random purchases to my account, was it hacked?",35,compromised_card,35,compromised_card, compromised_card,True
1420,it seems someone used my card! there are a few transactions from a small town in the middle of nowhere that i definitely have not made! please prevent them from using it immediately!,35,compromised_card,11,lost_or_stolen_card, lost_or_stolen_card,False
1421,how do i freeze my card using the app?,35,compromised_card,9,card_not_working, card_not_working,False
1422,my card has been compromised,35,compromised_card,35,compromised_card, compromised_card,True
1423,what should i do if i think that someone else may be using my card.,35,compromised_card,35,compromised_card, compromised_card,True
1424,"the transactions showing up are strange, i think my card was used without me knowing.",35,compromised_card,27,card_payment_not_recognised, card_payment_not_recognised,False
1425,how do i freeze my account?,35,compromised_card,30,unable_to_verify_identity, unable_to_verify_identity,False
1426,"i'm not certain, but someone may be using my card.",35,compromised_card,35,compromised_card, compromised_card,True
1427,how do i freeze my card? i think someone is using it to make a bunch of online transactions.,35,compromised_card,11,lost_or_stolen_card, lost_or_stolen_card,False
1428,i think someone got my card details and used it because there are transactions i don't recognize. what do i do now?,35,compromised_card,35,compromised_card, compromised_card,True
1429,someone else used my card!,35,compromised_card,11,lost_or_stolen_card, lost_or_stolen_card,False
1430,i believe someone is using my card without my agreement!,35,compromised_card,35,compromised_card, compromised_card,True
1431,"if i feel someone has my card information, can i get a new card?",35,compromised_card,35,compromised_card, compromised_card,True
1432,"there are a few transaction that i don't recognize, i think someone managed to get my card details and use it.",35,compromised_card,35,compromised_card, compromised_card,True
1433,i think someone has access to my card numbers that shouldn't.,35,compromised_card,35,compromised_card, compromised_card,True
1434,i think my child used my card while i wasn't home.,35,compromised_card,27,card_payment_not_recognised, card_payment_not_recognised,False
1435,what do i do if i think someone managed to get my card information?,35,compromised_card,35,compromised_card, compromised_card,True
1436,i think someone copied the numbers on my card and is using them.,35,compromised_card,35,compromised_card, compromised_card,True
1437,what should i do if i think someone is using my card.,35,compromised_card,35,compromised_card, compromised_card,True
1438,can i use app to freeze my card and dispute fraud?,35,compromised_card,11,lost_or_stolen_card, lost_or_stolen_card,False
1439,"someone else is using my card, freeze it.",35,compromised_card,11,lost_or_stolen_card, lost_or_stolen_card,False
1440,do all atms take this card?,36,atm_support,24,card_acceptance, card_acceptance,False
1441,which atms accept this card?,36,atm_support,24,card_acceptance, card_acceptance,False
1442,where is the closest mastercard atm?,36,atm_support,36,atm_support, atm_support,True
1443,is there a list of atm machines?,36,atm_support,36,atm_support, atm_support,True
1444,are there any specific atms that this card can be used at?,36,atm_support,24,card_acceptance, card_acceptance,False
1445,how do i know which atms will accept this card?,36,atm_support,24,card_acceptance, card_acceptance,False
1446,which atm's accept my card?,36,atm_support,24,card_acceptance, card_acceptance,False
1447,is there any nearby atm's?,36,atm_support,36,atm_support, atm_support,True
1448,where are the locations of atms that accept this card?,36,atm_support,36,atm_support, atm_support,True
1449,which atms accept this placard ?,36,atm_support,24,card_acceptance, card_acceptance,False
1450,help me locate the nearest atm.,36,atm_support,36,atm_support, atm_support,True
1451,what atms is the card okay to use at?,36,atm_support,24,card_acceptance, card_acceptance,False
1452,how can i find the nearest atm?,36,atm_support,36,atm_support, atm_support,True
1453,what kind of atm's can i use?,36,atm_support,24,card_acceptance, card_acceptance,False
1454,how can i withdraw money?,36,atm_support,68,cash_withdrawal_not_recognised, cash_withdrawal_not_recognised,False
1455,how many miles away is the atm?,36,atm_support,24,card_acceptance, card_acceptance,False
1456,from where can i withdraw?,36,atm_support,68,cash_withdrawal_not_recognised, cash_withdrawal_not_recognised,False
1457,which atm's will accept my card?,36,atm_support,24,card_acceptance, card_acceptance,False
1458,at what atms am i able to use the card?,36,atm_support,24,card_acceptance, card_acceptance,False
1459,can i use my card at any atms?,36,atm_support,24,card_acceptance, card_acceptance,False
1460,can i get cash with this card anywhere?,36,atm_support,24,card_acceptance, card_acceptance,False
1461,which atms accept this card?,36,atm_support,24,card_acceptance, card_acceptance,False
1462,can someone please assist me with finding my nearest atm?,36,atm_support,36,atm_support, atm_support,True
1463,are there any atm machines near me?,36,atm_support,36,atm_support, atm_support,True
1464,where is the nearest bank machine?,36,atm_support,36,atm_support, atm_support,True
1465,what type of atms accept this card?,36,atm_support,24,card_acceptance, card_acceptance,False
1466,where can i use this card at an atm?,36,atm_support,24,card_acceptance, card_acceptance,False
1467,"if i have this card, which atms can i go to?",36,atm_support,24,card_acceptance, card_acceptance,False
1468,what atms can i withdraw money from?,36,atm_support,24,card_acceptance, card_acceptance,False
1469,"i want to withdraw money, where can i go?",36,atm_support,68,cash_withdrawal_not_recognised, cash_withdrawal_not_recognised,False
1470,where can i withdrawal my money?,36,atm_support,68,cash_withdrawal_not_recognised, cash_withdrawal_not_recognised,False
1471,what are the atms that will accept this card?,36,atm_support,24,card_acceptance, card_acceptance,False
1472,what atms will accept this type of card?,36,atm_support,24,card_acceptance, card_acceptance,False
1473,where can i find an atm to use this card?,36,atm_support,24,card_acceptance, card_acceptance,False
1474,at which atms can i use this card?,36,atm_support,24,card_acceptance, card_acceptance,False
1475,are there certain atms that i can use this card at?,36,atm_support,24,card_acceptance, card_acceptance,False
1476,do you know the closest atm?,36,atm_support,36,atm_support, atm_support,True
1477,can i use this card at an atm?,36,atm_support,24,card_acceptance, card_acceptance,False
1478,is there places where i can't withdraw money?,36,atm_support,68,cash_withdrawal_not_recognised, cash_withdrawal_not_recognised,False
1479,locations to withdraw money,36,atm_support,24,card_acceptance, card_acceptance,False
1480,help me. there is a direct debit that i didn't make.,37,direct_debit_payment_not_recognised,37,direct_debit_payment_not_recognised, direct_debit_payment_not_recognised,True
1481,there is a direct debit that's not mine.,37,direct_debit_payment_not_recognised,37,direct_debit_payment_not_recognised, direct_debit_payment_not_recognised,True
1482,i have a strange direct debit in my statement,37,direct_debit_payment_not_recognised,37,direct_debit_payment_not_recognised, direct_debit_payment_not_recognised,True
1483,i don't understand where this debit came from and want it removed.,37,direct_debit_payment_not_recognised,20,card_payment_fee_charged, card_payment_fee_charged,False
1484,what is this charge on my account,37,direct_debit_payment_not_recognised,15,top_up_by_bank_transfer_charge, top_up_by_bank_transfer_charge,False
1485,"im so mad right now. theres several charges that i think my x boyfriend made on my card. the companys on the website wouldn't refund me my money, they told me to contact my bank. do something please.",37,direct_debit_payment_not_recognised,20,card_payment_fee_charged, card_payment_fee_charged,False
1486,someone stole my money,37,direct_debit_payment_not_recognised,11,lost_or_stolen_card, lost_or_stolen_card,False
1487,there's a direct debit payment in my account that i didn't make,37,direct_debit_payment_not_recognised,37,direct_debit_payment_not_recognised, direct_debit_payment_not_recognised,True
1488,there's a debit on my account that i didn't do.,37,direct_debit_payment_not_recognised,20,card_payment_fee_charged, card_payment_fee_charged,False
1489,i may have a fraud charge on my debit statement.,37,direct_debit_payment_not_recognised,20,card_payment_fee_charged, card_payment_fee_charged,False
1490,why is there a direct debit payment on my app that is not from me?,37,direct_debit_payment_not_recognised,37,direct_debit_payment_not_recognised, direct_debit_payment_not_recognised,True
1491,weird charges are appearing in my debit account.,37,direct_debit_payment_not_recognised,20,card_payment_fee_charged, card_payment_fee_charged,False
1492,"even though it's late, i wanted to see about disputing a charge. i was just looking through my transactions over the past couple of months and noticed a pretty large amount that was not completed by me. is this possibly something i can still do.",37,direct_debit_payment_not_recognised,27,card_payment_not_recognised, card_payment_not_recognised,False
1493,"there was a transaction from two weeks ago from a business that i don't know. i'm fairly certain it wasn't me who made it, but is it an option to trace it to confirm?",37,direct_debit_payment_not_recognised,27,card_payment_not_recognised, card_payment_not_recognised,False
1494,what is this direct debit i am seeing?,37,direct_debit_payment_not_recognised,37,direct_debit_payment_not_recognised, direct_debit_payment_not_recognised,True
1495,there is a direct debit that i don't recognize.,37,direct_debit_payment_not_recognised,37,direct_debit_payment_not_recognised, direct_debit_payment_not_recognised,True
1496,unknown direct deposit,37,direct_debit_payment_not_recognised,21,transfer_not_received_by_recipient, transfer_not_received_by_recipient,False
1497,there is a suspicious direct debit payment.,37,direct_debit_payment_not_recognised,37,direct_debit_payment_not_recognised, direct_debit_payment_not_recognised,True
1498,there is a transaction from my account that i don't recognize can you trace back the information so i can make sure it's something i did or not?,37,direct_debit_payment_not_recognised,27,card_payment_not_recognised, card_payment_not_recognised,False
1499,"a couple weeks ago some money was deducted from my account by some seller that i don't remember. i'm pretty sure i didn't do that, but is it possible to trace back who that is just to make sure?",37,direct_debit_payment_not_recognised,27,card_payment_not_recognised, card_payment_not_recognised,False
1500,i found a charge for a direct debit that was not made by me.,37,direct_debit_payment_not_recognised,37,direct_debit_payment_not_recognised, direct_debit_payment_not_recognised,True
1501,"i am seeing a weird payment showing up that i know i did not make, how can i get it cancelled?",37,direct_debit_payment_not_recognised,27,card_payment_not_recognised, card_payment_not_recognised,False
1502,this direct debit payment may not be right.,37,direct_debit_payment_not_recognised,37,direct_debit_payment_not_recognised, direct_debit_payment_not_recognised,True
1503,why does the app show a direct debit payment that i did not authorize,37,direct_debit_payment_not_recognised,37,direct_debit_payment_not_recognised, direct_debit_payment_not_recognised,True
1504,can i dispute a payment even if i notice it several weeks after it was made?,37,direct_debit_payment_not_recognised,27,card_payment_not_recognised, card_payment_not_recognised,False
1505,it seems there is an incorrect listing of a direct debit payment on my app that i did not make,37,direct_debit_payment_not_recognised,37,direct_debit_payment_not_recognised, direct_debit_payment_not_recognised,True
1506,i don't think i made this charge on my debit statement.,37,direct_debit_payment_not_recognised,20,card_payment_fee_charged, card_payment_fee_charged,False
1507,i have a direct debit charge that i do not recognize,37,direct_debit_payment_not_recognised,37,direct_debit_payment_not_recognised, direct_debit_payment_not_recognised,True
1508,i didn't make this direct debit transaction,37,direct_debit_payment_not_recognised,37,direct_debit_payment_not_recognised, direct_debit_payment_not_recognised,True
1509,there's a direct debit on my account that i didn't authorize,37,direct_debit_payment_not_recognised,37,direct_debit_payment_not_recognised, direct_debit_payment_not_recognised,True
1510,i understand that this is extremely late. after going over my transactions for the last couple of months i noticed a large charge that i'm sure i did not make. is there anyway i can still dispute this?,37,direct_debit_payment_not_recognised,-1,disputed_transaction, disputed_transaction,False
1511,i don't recognize a debit payment that was made and would like to find out about the payment.,37,direct_debit_payment_not_recognised,27,card_payment_not_recognised, card_payment_not_recognised,False
1512,i am concerned about the security in my account and would like to make a dispute.,37,direct_debit_payment_not_recognised,30,unable_to_verify_identity, unable_to_verify_identity,False
1513,why is there a direct debit i didn't make showing in the app?,37,direct_debit_payment_not_recognised,37,direct_debit_payment_not_recognised, direct_debit_payment_not_recognised,True
1514,there is a direct debit i do not recognise in my statement,37,direct_debit_payment_not_recognised,37,direct_debit_payment_not_recognised, direct_debit_payment_not_recognised,True
1515,"i have a direct debit transaction i have not set up, but would like to .",37,direct_debit_payment_not_recognised,37,direct_debit_payment_not_recognised, direct_debit_payment_not_recognised,True
1516,someone has taken my money and i don't know who,37,direct_debit_payment_not_recognised,35,compromised_card, compromised_card,False
1517,i was charged on my account that shouldn't be there.,37,direct_debit_payment_not_recognised,20,card_payment_fee_charged, card_payment_fee_charged,False
1518,there's a direct debit i wish to dispute,37,direct_debit_payment_not_recognised,37,direct_debit_payment_not_recognised, direct_debit_payment_not_recognised,True
1519,why was my account deducted from a seller when i didn't approve of it?,37,direct_debit_payment_not_recognised,45,declined_card_payment, declined_card_payment,False
1520,what do i do if i forget my passcode? because i did.,38,passcode_forgotten,38,passcode_forgotten, passcode_forgotten,True
1521,i can't find my password,38,passcode_forgotten,30,unable_to_verify_identity, unable_to_verify_identity,False
1522,how do i retrieve my passcode?,38,passcode_forgotten,13,pin_blocked, pin_blocked,False
1523,my passcode doesn't seem to be working,38,passcode_forgotten,13,pin_blocked, pin_blocked,False
1524,i lost my password,38,passcode_forgotten,13,pin_blocked, pin_blocked,False
1525,my password isn't being accepted and i need to reset it.,38,passcode_forgotten,13,pin_blocked, pin_blocked,False
1526,something is wrong with my password.,38,passcode_forgotten,13,pin_blocked, pin_blocked,False
1527,something is wrong with my passcode,38,passcode_forgotten,13,pin_blocked, pin_blocked,False
1528,"how do i reset a forgotten passcode, please?",38,passcode_forgotten,53,change_pin, change_pin,False
1529,i can't recall my passcode and need to reset it.,38,passcode_forgotten,13,pin_blocked, pin_blocked,False
1530,can i be given a new passcode?,38,passcode_forgotten,53,change_pin, change_pin,False
1531,i do not know my passcode.,38,passcode_forgotten,13,pin_blocked, pin_blocked,False
1532,i don't remember my code to get into the app.,38,passcode_forgotten,13,pin_blocked, pin_blocked,False
1533,i no longer have my passcode.,38,passcode_forgotten,13,pin_blocked, pin_blocked,False
1534,why won't my passcode work?,38,passcode_forgotten,13,pin_blocked, pin_blocked,False
1535,can i resent my passcode?,38,passcode_forgotten,53,change_pin, change_pin,False
1536,i need to reset my passcode. how do i do it?,38,passcode_forgotten,53,change_pin, change_pin,False
1537,show me please how to reset my passcode.,38,passcode_forgotten,53,change_pin, change_pin,False
1538,help me reset the passcode.,38,passcode_forgotten,53,change_pin, change_pin,False
1539,i have forgotten my passcode to access my app,38,passcode_forgotten,38,passcode_forgotten, passcode_forgotten,True
1540,what should i do if the passcode doesn't work for me?,38,passcode_forgotten,13,pin_blocked, pin_blocked,False
1541,"i do not remember the code, what should i do?",38,passcode_forgotten,13,pin_blocked, pin_blocked,False
1542,where can i reset the passcode?,38,passcode_forgotten,53,change_pin, change_pin,False
1543,i need help resetting my passcode to access my app.,38,passcode_forgotten,53,change_pin, change_pin,False
1544,what steps do i take to receive another passcode?,38,passcode_forgotten,53,change_pin, change_pin,False
1545,i forgot my password,38,passcode_forgotten,53,change_pin, change_pin,False
1546,i forgot my code to get into the app.,38,passcode_forgotten,13,pin_blocked, pin_blocked,False
1547,i have forgotten my password.,38,passcode_forgotten,53,change_pin, change_pin,False
1548,i forgot the code to access the app.,38,passcode_forgotten,13,pin_blocked, pin_blocked,False
1549,is there a way to reset my passcode?,38,passcode_forgotten,53,change_pin, change_pin,False
1550,can you help me reset my password?,38,passcode_forgotten,53,change_pin, change_pin,False
1551,can i reset my password? i don't know what it is.,38,passcode_forgotten,53,change_pin, change_pin,False
1552,how do i reset the passcode?,38,passcode_forgotten,53,change_pin, change_pin,False
1553,what should i do if i forgot my passcode?,38,passcode_forgotten,38,passcode_forgotten, passcode_forgotten,True
1554,my passcode doesn't work,38,passcode_forgotten,13,pin_blocked, pin_blocked,False
1555,tell me how to reset the passcode.,38,passcode_forgotten,53,change_pin, change_pin,False
1556,i need a new passcode.,38,passcode_forgotten,53,change_pin, change_pin,False
1557,i don't have my access code for the app.,38,passcode_forgotten,13,pin_blocked, pin_blocked,False
1558,can you tell me what to do to reset my passcode?,38,passcode_forgotten,53,change_pin, change_pin,False
1559,what is the code i need to get into the app?,38,passcode_forgotten,71,activate_my_card, activate_my_card,False
1560,can you tell me why you won't let me get my own money out of the money machine? i know i used the right pin.,39,declined_cash_withdrawal,39,declined_cash_withdrawal, declined_cash_withdrawal,True
1561,my withdrawal was cancelled.,39,declined_cash_withdrawal,39,declined_cash_withdrawal, declined_cash_withdrawal,True
1562,this is very frustrating. i can't get my card to work on any atm i try and i've tried 3 of them so far. what's going on? can you please fix this issue immediately?,39,declined_cash_withdrawal,9,card_not_working, card_not_working,False
1563,the atm did not allow me to withdraw,39,declined_cash_withdrawal,68,cash_withdrawal_not_recognised, cash_withdrawal_not_recognised,False
1564,why was my atm transaction cancelled?,39,declined_cash_withdrawal,27,card_payment_not_recognised, card_payment_not_recognised,False
1565,the atm keeps declining my card. i tried at a couple different atms. can you tell me if there's a problem with my account?,39,declined_cash_withdrawal,9,card_not_working, card_not_working,False
1566,i was at the atm trying to made a withdraw and i was declined.,39,declined_cash_withdrawal,39,declined_cash_withdrawal, declined_cash_withdrawal,True
1567,the atm didn't let me get any cash,39,declined_cash_withdrawal,39,declined_cash_withdrawal, declined_cash_withdrawal,True
1568,i want to know why i have been unable to withdrawn funds.,39,declined_cash_withdrawal,68,cash_withdrawal_not_recognised, cash_withdrawal_not_recognised,False
1569,"i need your help to check my account, please! my card keeps being declined at the atm, and i've already tried two different ones!",39,declined_cash_withdrawal,27,card_payment_not_recognised, card_payment_not_recognised,False
1570,"hi, my card withdrawal was declined this morning. it was working fine till yesterday. please check and inform me.",39,declined_cash_withdrawal,27,card_payment_not_recognised, card_payment_not_recognised,False
1571,"hi, i was trying to use my card but it was declining by atm. i have cross checked with two different atms but i was facing the same issue. could you please check my account.",39,declined_cash_withdrawal,27,card_payment_not_recognised, card_payment_not_recognised,False
1572,i tried to make a cash withdrawal and it was declined. why did this happen?,39,declined_cash_withdrawal,39,declined_cash_withdrawal, declined_cash_withdrawal,True
1573,i can't get money out of the atm,39,declined_cash_withdrawal,68,cash_withdrawal_not_recognised, cash_withdrawal_not_recognised,False
1574,the atm is declining my card. i tried at two different atms. can you tell me if there's anything wrong with my account?,39,declined_cash_withdrawal,9,card_not_working, card_not_working,False
1575,the withdrawal was declined i am unsure as to why this happened?,39,declined_cash_withdrawal,39,declined_cash_withdrawal, declined_cash_withdrawal,True
1576,i was declined when i tried to get cash.,39,declined_cash_withdrawal,39,declined_cash_withdrawal, declined_cash_withdrawal,True
1577,why was i declined at the atm today when i was trying to make a withdraw?,39,declined_cash_withdrawal,39,declined_cash_withdrawal, declined_cash_withdrawal,True
1578,what are some reasons that would cause atm machines to decline my card? it has happened to me multiple times!,39,declined_cash_withdrawal,24,card_acceptance, card_acceptance,False
1579,why did the atm machine fail to give me a cash withdrawal?,39,declined_cash_withdrawal,39,declined_cash_withdrawal, declined_cash_withdrawal,True
1580,my atm transaction was unsuccessful.,39,declined_cash_withdrawal,39,declined_cash_withdrawal, declined_cash_withdrawal,True
1581,i attempted to get cash but was declined.,39,declined_cash_withdrawal,39,declined_cash_withdrawal, declined_cash_withdrawal,True
1582,i tried to withdraw money but i was declined!,39,declined_cash_withdrawal,39,declined_cash_withdrawal, declined_cash_withdrawal,True
1583,how come i can't take money out of the atm?,39,declined_cash_withdrawal,68,cash_withdrawal_not_recognised, cash_withdrawal_not_recognised,False
1584,the atm keeps declining my card. i tried at two different atms. can you tell me if there's an issue with my account?,39,declined_cash_withdrawal,9,card_not_working, card_not_working,False
1585,why was my cash withdrawal declined?,39,declined_cash_withdrawal,39,declined_cash_withdrawal, declined_cash_withdrawal,True
1586,why could i not get cash?,39,declined_cash_withdrawal,68,cash_withdrawal_not_recognised, cash_withdrawal_not_recognised,False
1587,why couldn't i get cash in the atm?,39,declined_cash_withdrawal,68,cash_withdrawal_not_recognised, cash_withdrawal_not_recognised,False
1588,why can't i get cash?,39,declined_cash_withdrawal,68,cash_withdrawal_not_recognised, cash_withdrawal_not_recognised,False
1589,why didn't the atm give me my money?,39,declined_cash_withdrawal,68,cash_withdrawal_not_recognised, cash_withdrawal_not_recognised,False
1590,i tried to withdraw money from an atm and i was declined on front of my friends. why did this happen?,39,declined_cash_withdrawal,39,declined_cash_withdrawal, declined_cash_withdrawal,True
1591,the atm isn't giving out any money.,39,declined_cash_withdrawal,68,cash_withdrawal_not_recognised, cash_withdrawal_not_recognised,False
1592,why was i declined getting cash?,39,declined_cash_withdrawal,39,declined_cash_withdrawal, declined_cash_withdrawal,True
1593,i couldn't get cash at the atm,39,declined_cash_withdrawal,68,cash_withdrawal_not_recognised, cash_withdrawal_not_recognised,False
1594,"oh my goodness, my card has been declined twice at atm! i tried two different atm, but each one declined my card! can you tell me what's going on with my account?",39,declined_cash_withdrawal,45,declined_card_payment, declined_card_payment,False
1595,why could i not choose cash at the atm?,39,declined_cash_withdrawal,68,cash_withdrawal_not_recognised, cash_withdrawal_not_recognised,False
1596,my cash withdrawl was declined why?,39,declined_cash_withdrawal,39,declined_cash_withdrawal, declined_cash_withdrawal,True
1597,is there a reason that the atm declined my transaction?,39,declined_cash_withdrawal,39,declined_cash_withdrawal, declined_cash_withdrawal,True
1598,the cash i tried to draw from the atm was not approved.,39,declined_cash_withdrawal,39,declined_cash_withdrawal, declined_cash_withdrawal,True
1599,atm would not give me cash,39,declined_cash_withdrawal,68,cash_withdrawal_not_recognised, cash_withdrawal_not_recognised,False
1600,"my card payment is still on hold, why is it so?",40,pending_card_payment,27,card_payment_not_recognised, card_payment_not_recognised,False
1601,why is my payment pending?,40,pending_card_payment,27,card_payment_not_recognised, card_payment_not_recognised,False
1602,my card payment is still pending.,40,pending_card_payment,27,card_payment_not_recognised, card_payment_not_recognised,False
1603,how do i finalize a card payment,40,pending_card_payment,27,card_payment_not_recognised, card_payment_not_recognised,False
1604,why is my card payment showing as pending?,40,pending_card_payment,27,card_payment_not_recognised, card_payment_not_recognised,False
1605,why has my payment not gone through?,40,pending_card_payment,45,declined_card_payment, declined_card_payment,False
1606,please help me to know the status of my card payment as its pending since a while.,40,pending_card_payment,40,pending_card_payment, pending_card_payment,True
1607,"i recently made a payment, and it is showing up in my account as ""pending"". what does that mean?",40,pending_card_payment,40,pending_card_payment, pending_card_payment,True
1608,what does it mean by pending payment?,40,pending_card_payment,40,pending_card_payment, pending_card_payment,True
1609,when will my card payment be done pending?,40,pending_card_payment,40,pending_card_payment, pending_card_payment,True
1610,i made this payment days ago so why hasn't it gone through yet?,40,pending_card_payment,43,declined_transfer, declined_transfer,False
1611,i am seeing pending from the card payment i made.,40,pending_card_payment,27,card_payment_not_recognised, card_payment_not_recognised,False
1612,my card payment is showing pending.,40,pending_card_payment,27,card_payment_not_recognised, card_payment_not_recognised,False
1613,i bought some stuff this morning but the payment shows as pending,40,pending_card_payment,27,card_payment_not_recognised, card_payment_not_recognised,False
1614,i am waiting for a payment to go through.,40,pending_card_payment,21,transfer_not_received_by_recipient, transfer_not_received_by_recipient,False
1615,how long does an item i bought show as pending?,40,pending_card_payment,40,pending_card_payment, pending_card_payment,True
1616,what is a pending payment?,40,pending_card_payment,40,pending_card_payment, pending_card_payment,True
1617,i would like to know why my purchases from this morning are still pending.,40,pending_card_payment,27,card_payment_not_recognised, card_payment_not_recognised,False
1618,why is there a pending transaction on my card?,40,pending_card_payment,40,pending_card_payment, pending_card_payment,True
1619,my card payment is pending.,40,pending_card_payment,27,card_payment_not_recognised, card_payment_not_recognised,False
1620,why is a payment showing up on my card as pending?,40,pending_card_payment,27,card_payment_not_recognised, card_payment_not_recognised,False
1621,i made a purchase and it says it's pending. what does that mean?,40,pending_card_payment,40,pending_card_payment, pending_card_payment,True
1622,how long do card transactions take to clear?,40,pending_card_payment,27,card_payment_not_recognised, card_payment_not_recognised,False
1623,what does pending mean?,40,pending_card_payment,40,pending_card_payment, pending_card_payment,True
1624,how long will this card payment stay pending?,40,pending_card_payment,27,card_payment_not_recognised, card_payment_not_recognised,False
1625,my payment still hasn't processed!,40,pending_card_payment,27,card_payment_not_recognised, card_payment_not_recognised,False
1626,"i was double charged, and the second charge is showing as ""pending"". how long will it be before i get my money back once the second charge has been refunded?",40,pending_card_payment,20,card_payment_fee_charged, card_payment_fee_charged,False
1627,"i have waited 15 days, but my payment still hasn't cleared.",40,pending_card_payment,27,card_payment_not_recognised, card_payment_not_recognised,False
1628,why would i have a pending payment?,40,pending_card_payment,40,pending_card_payment, pending_card_payment,True
1629,explain what the pending payment means?,40,pending_card_payment,40,pending_card_payment, pending_card_payment,True
1630,why are my payments showing pending?,40,pending_card_payment,27,card_payment_not_recognised, card_payment_not_recognised,False
1631,"my card is still pending, i've been waiting a while.",40,pending_card_payment,7,card_delivery_estimate, card_delivery_estimate,False
1632,how long does it take for a payment to go thru? i made one a few days ago and it has not been cleared yet.,40,pending_card_payment,40,pending_card_payment, pending_card_payment,True
1633,i bought some things this morning but the payment shows that it is pending,40,pending_card_payment,27,card_payment_not_recognised, card_payment_not_recognised,False
1634,how long does it take to authorise a payment?,40,pending_card_payment,20,card_payment_fee_charged, card_payment_fee_charged,False
1635,i had a payment that i made and it's been some amount of time and would like to know when it's suppose to go though.,40,pending_card_payment,27,card_payment_not_recognised, card_payment_not_recognised,False
1636,what does a pending transaction mean?,40,pending_card_payment,40,pending_card_payment, pending_card_payment,True
1637,i have paid by my card but payment is still its coming as pending. i think there is some issue please check and let me know when the status will complete.,40,pending_card_payment,40,pending_card_payment, pending_card_payment,True
1638,i have a pending payment in my account that i paid a while back ago and it still hasnt gone through. why would it show pending for so long?,40,pending_card_payment,46,pending_transfer, pending_transfer,False
1639,i have a pending payment from stuff i bought this morning.,40,pending_card_payment,27,card_payment_not_recognised, card_payment_not_recognised,False
1640,my phone was stolen,41,lost_or_stolen_phone,41,lost_or_stolen_phone, lost_or_stolen_phone,True
1641,my phone was stolen yesterday. what should i do?,41,lost_or_stolen_phone,41,lost_or_stolen_phone, lost_or_stolen_phone,True
1642,"if my phone is missing, can i block someone from using the app?",41,lost_or_stolen_phone,41,lost_or_stolen_phone, lost_or_stolen_phone,True
1643,i think my phone is either lost or stolen.,41,lost_or_stolen_phone,41,lost_or_stolen_phone, lost_or_stolen_phone,True
1644,"if i was mugged and lost everything, how do i access my account and app?",41,lost_or_stolen_phone,11,lost_or_stolen_card, lost_or_stolen_card,False
1645,i can't find my phone.,41,lost_or_stolen_phone,41,lost_or_stolen_phone, lost_or_stolen_phone,True
1646,i've lost track of my phone or someone stole it.,41,lost_or_stolen_phone,41,lost_or_stolen_phone, lost_or_stolen_phone,True
1647,"i'm not sure where my phone is, i think someone stole it or it's lost.",41,lost_or_stolen_phone,41,lost_or_stolen_phone, lost_or_stolen_phone,True
1648,can i used my card even if my phone has been stolen?,41,lost_or_stolen_phone,11,lost_or_stolen_card, lost_or_stolen_card,False
1649,"my phone was stolen, what do i do?",41,lost_or_stolen_phone,41,lost_or_stolen_phone, lost_or_stolen_phone,True
1650,"lost my phone, dont want others to use it.",41,lost_or_stolen_phone,41,lost_or_stolen_phone, lost_or_stolen_phone,True
1651,i lost my phone and need help securing it.,41,lost_or_stolen_phone,41,lost_or_stolen_phone, lost_or_stolen_phone,True
1652,my phone was stolen so i no longer have access to the app.,41,lost_or_stolen_phone,41,lost_or_stolen_phone, lost_or_stolen_phone,True
1653,"left phone at hotel, how to access app",41,lost_or_stolen_phone,41,lost_or_stolen_phone, lost_or_stolen_phone,True
1654,my phone is not on me. how can i use the app?,41,lost_or_stolen_phone,41,lost_or_stolen_phone, lost_or_stolen_phone,True
1655,my phone is gone,41,lost_or_stolen_phone,41,lost_or_stolen_phone, lost_or_stolen_phone,True
1656,my phone is not with me at the moment so i will not be able to access the app.,41,lost_or_stolen_phone,41,lost_or_stolen_phone, lost_or_stolen_phone,True
1657,my phone was taken! can you place cancel my account so no one uses it,41,lost_or_stolen_phone,41,lost_or_stolen_phone, lost_or_stolen_phone,True
1658,i lost my phone and would like to freeze my accounts.,41,lost_or_stolen_phone,41,lost_or_stolen_phone, lost_or_stolen_phone,True
1659,"lost phone, can i still access account?",41,lost_or_stolen_phone,41,lost_or_stolen_phone, lost_or_stolen_phone,True
1660,the hotel called and said i left my phone in the room.,41,lost_or_stolen_phone,41,lost_or_stolen_phone, lost_or_stolen_phone,True
1661,someone stole my phone yesterday :( is there anything i need to do?,41,lost_or_stolen_phone,41,lost_or_stolen_phone, lost_or_stolen_phone,True
1662,"lost phone, dont want others to access account",41,lost_or_stolen_phone,41,lost_or_stolen_phone, lost_or_stolen_phone,True
1663,i was mugged and everything taken. what do i do to protect my account?,41,lost_or_stolen_phone,11,lost_or_stolen_card, lost_or_stolen_card,False
1664,i believe i left my smartphone at the hotel i was staying at.,41,lost_or_stolen_phone,41,lost_or_stolen_phone, lost_or_stolen_phone,True
1665,"someone attacked me yesterday and took my things, so i am unable to use the app. i am in need of some help.",41,lost_or_stolen_phone,41,lost_or_stolen_phone, lost_or_stolen_phone,True
1666,can i still use the app if i switched phones?,41,lost_or_stolen_phone,65,get_disposable_virtual_card, get_disposable_virtual_card,False
1667,i was mugged yesterday and they took everything. i can't access my app. what are my next steps?,41,lost_or_stolen_phone,11,lost_or_stolen_card, lost_or_stolen_card,False
1668,i got mugged yesterday and lost access to the app. i need to regain it.,41,lost_or_stolen_phone,41,lost_or_stolen_phone, lost_or_stolen_phone,True
1669,"if i lost my phone, can someone use my account?",41,lost_or_stolen_phone,41,lost_or_stolen_phone, lost_or_stolen_phone,True
1670,i am not able to use the app since i forgot my phone at the hotel i was staying at.,41,lost_or_stolen_phone,41,lost_or_stolen_phone, lost_or_stolen_phone,True
1671,someone stole my phone.,41,lost_or_stolen_phone,41,lost_or_stolen_phone, lost_or_stolen_phone,True
1672,someone stole my cards!,41,lost_or_stolen_phone,11,lost_or_stolen_card, lost_or_stolen_card,False
1673,my phone is lost. what do i do to prevent someone from using the app?,41,lost_or_stolen_phone,41,lost_or_stolen_phone, lost_or_stolen_phone,True
1674,is there anything i need to do since my phone was stolen?,41,lost_or_stolen_phone,41,lost_or_stolen_phone, lost_or_stolen_phone,True
1675,i lost my phone!,41,lost_or_stolen_phone,41,lost_or_stolen_phone, lost_or_stolen_phone,True
1676,i can't find my phone but it has all my credit card information.,41,lost_or_stolen_phone,41,lost_or_stolen_phone, lost_or_stolen_phone,True
1677,how do i use the app if i don't have my phone with me?,41,lost_or_stolen_phone,41,lost_or_stolen_phone, lost_or_stolen_phone,True
1678,i got mugged yesterday and can't use the app.,41,lost_or_stolen_phone,11,lost_or_stolen_card, lost_or_stolen_card,False
1679,"my things were stolen yesterday and i can't use any apps or anything, so i am going to need some help.",41,lost_or_stolen_phone,11,lost_or_stolen_card, lost_or_stolen_card,False
1680,"hello- it is urgent i get a refund on this product. the merchant has not been helpful, what can i do now to get this resolved asap?",42,request_refund,44,Refund_not_showing_up, refund_not_showing_up,False
1681,can i receive a refund for my item?,42,request_refund,-1,refund, refund,False
1682,get an item refund,42,request_refund,-1,refund, refund,False
1683,would i be able to get a refund for something i bought?,42,request_refund,-1,refund, refund,False
1684,i need to do a refund,42,request_refund,44,Refund_not_showing_up, Refund_not_showing_up,False
1685,i need a refund on an item i have not received. am i able to simply cancel the payment? i don't know how to do this.,42,request_refund,44,Refund_not_showing_up, Refund_not_showing_up,False
1686,i would like a refund for something i bought,42,request_refund,-1,refund, refund,False
1687,i want to return an item.,42,request_refund,30,unable_to_verify_identity, unable_to_verify_identity,False
1688,can i have a refund?,42,request_refund,44,Refund_not_showing_up, Refund_not_showing_up,False
1689,"i wasn't charged the correct amount for an item i purchased, how can i fix this?",42,request_refund,20,card_payment_fee_charged, card_payment_fee_charged,False
1690,hi there! i need to cancel an order i recently made and start processing a refund. can you please help me with this and set up the refund as soon as possible? it's very urgent.,42,request_refund,44,Refund_not_showing_up, Refund_not_showing_up,False
1691,please stop my purchase.,42,request_refund,17,cancel_transfer, cancel_transfer,False
1692,i want a refund because my package has been taking too long to arrive. how do i go about doing that?,42,request_refund,7,card_delivery_estimate, card_delivery_estimate,False
1693,how do i apply for a refund?,42,request_refund,44,Refund_not_showing_up, Refund_not_showing_up,False
1694,can i have an item refunded?,42,request_refund,-1,refund, refund,False
1695,"i ordered something ages ago online but it's simply not arriving. i've got enough! give me back my money, i'm not paying these people.",42,request_refund,0,card_arrival, card_arrival,False
1696,what do i need to do to get a refund?,42,request_refund,44,Refund_not_showing_up, Refund_not_showing_up,False
1697,i need a refund?,42,request_refund,44,Refund_not_showing_up, Refund_not_showing_up,False
1698,"i am unhappy with my purchase, how do i cancel the order?",42,request_refund,17,cancel_transfer, cancel_transfer,False
1699,i bought something but now i would like a refund. how do i do that?,42,request_refund,42,request_refund, request_refund,True
1700,how do i get refunded?,42,request_refund,44,Refund_not_showing_up, Refund_not_showing_up,False
1701,can you cancel my purchase?,42,request_refund,17,cancel_transfer, cancel_transfer,False
1702,how do i cancel a previous purchase,42,request_refund,17,cancel_transfer, cancel_transfer,False
1703,i would appreciate it if i could get an item refunded,42,request_refund,-1,refund_request, refund_request,False
1704,how do i claim a refund?,42,request_refund,44,Refund_not_showing_up, Refund_not_showing_up,False
1705,"i don't want the item, i bought it on accident, can i get a refund?",42,request_refund,44,Refund_not_showing_up, Refund_not_showing_up,False
1706,hello i changed my mind and really need a refund on one of things i bought recently. can you please cancel the transaction and get my money back. please it's urgent.,42,request_refund,-1,refund, refund,False
1707,i would like a refund on one of your products that has been sold to me,42,request_refund,-1,refund, refund,False
1708,i am not happy with this product can i get a refund?,42,request_refund,44,Refund_not_showing_up, Refund_not_showing_up,False
1709,i want this amount reversed out of my account.,42,request_refund,21,transfer_not_received_by_recipient, transfer_not_received_by_recipient,False
1710,hello! i recently made a purchase and i'm needing to cancel my order and process a refund as soon as possible.,42,request_refund,17,cancel_transfer, cancel_transfer,False
1711,i want to reverse a purchase. can i cancel it?,42,request_refund,17,cancel_transfer, cancel_transfer,False
1712,i am chatting about an order from a long while back. i never got it to this day and am deeply upset by this! i want all of my money back! i just can not accept paying for something i never got.,42,request_refund,11,lost_or_stolen_card, lost_or_stolen_card,False
1713,i bought this item and was charged the wrong amount can i get a refund?,42,request_refund,44,Refund_not_showing_up, Refund_not_showing_up,False
1714,i would like to cancel a payment. i purchased something several days ago and i still have not received it.,42,request_refund,17,cancel_transfer, cancel_transfer,False
1715,what's the refund process?,42,request_refund,-1,refund_process, refund_process,False
1716,i want a refund for my purchase,42,request_refund,-1,refund_request, refund_request,False
1717,how can i process a refund for something i purchased?,42,request_refund,-1,refund, refund,False
1718,i want to get an item refunded,42,request_refund,-1,refund, refund,False
1719,i need to cancel a purchase i made.,42,request_refund,17,cancel_transfer, cancel_transfer,False
1720,i tried to make a transfer and it was declined. why?,43,declined_transfer,43,declined_transfer, declined_transfer,True
1721,good morning. i tried to make a purchase with my credit card last night and again this morning. both times it was declined. can you investigate?,43,declined_transfer,45,declined_card_payment, declined_card_payment,False
1722,i am getting continuous failure for all my transfers. i have cross checked each recipient detail again and again and everything is correct.,43,declined_transfer,43,declined_transfer, declined_transfer,True
1723,why was my transfer declined,43,declined_transfer,43,declined_transfer, declined_transfer,True
1724,what would make a decline message show up during a transfer?,43,declined_transfer,43,declined_transfer, declined_transfer,True
1725,why do you keep declining my transfers?it was always been working really well so far but when i tried to buy something just now the card got declined . i tried couple of times already but same thing is happening.,43,declined_transfer,43,declined_transfer, declined_transfer,True
1726,"how can i fix my card, it got declined twice.",43,declined_transfer,20,card_payment_fee_charged, card_payment_fee_charged,False
1727,why did a transfer get declined?,43,declined_transfer,43,declined_transfer, declined_transfer,True
1728,my transfers are being declined. it has always worked for me but now it's declining my card. i've tried several times.,43,declined_transfer,45,declined_card_payment, declined_card_payment,False
1729,why did my transfer decline,43,declined_transfer,43,declined_transfer, declined_transfer,True
1730,the card got declined twice when i tried to use it to buy something online yesterday.,43,declined_transfer,27,card_payment_not_recognised, card_payment_not_recognised,False
1731,"if the transfer details have already but reviewed and confirmed that they are correct, what other reason would cause my transfer to be declined?",43,declined_transfer,43,declined_transfer, declined_transfer,True
1732,why did i get a transfer declined?,43,declined_transfer,43,declined_transfer, declined_transfer,True
1733,why did my my transfer get declined?,43,declined_transfer,43,declined_transfer, declined_transfer,True
1734,how do i contact customer support about a transfer?,43,declined_transfer,-1,contact_customer_support, contact_customer_support,False
1735,"you keep declining my transfers? it's always been working really well so far, but when i tried to buy something just now the card got declined. i tried couple times already but same thing.",43,declined_transfer,43,declined_transfer, declined_transfer,True
1736,why was i unable to do a transfer?,43,declined_transfer,43,declined_transfer, declined_transfer,True
1737,trouble transferring transaction contact for help,43,declined_transfer,21,transfer_not_received_by_recipient, transfer_not_received_by_recipient,False
1738,why could my transfer have been declined?,43,declined_transfer,43,declined_transfer, declined_transfer,True
1739,when i try and to buy something using my card it keeps getting declined.,43,declined_transfer,20,card_payment_fee_charged, card_payment_fee_charged,False
1740,i could not do a transfer because it was declined,43,declined_transfer,43,declined_transfer, declined_transfer,True
1741,"when i submit a transfer, it is being declined. the information i put in has been reviewed.",43,declined_transfer,43,declined_transfer, declined_transfer,True
1742,why was the transfer declined?,43,declined_transfer,43,declined_transfer, declined_transfer,True
1743,what is the reason my transfer was declined?,43,declined_transfer,43,declined_transfer, declined_transfer,True
1744,my transfer got declined.,43,declined_transfer,43,declined_transfer, declined_transfer,True
1745,my transfer was declined,43,declined_transfer,43,declined_transfer, declined_transfer,True
1746,"i tired to move my money, but my transfer was declined.",43,declined_transfer,43,declined_transfer, declined_transfer,True
1747,i would like to know why my transfer was declined.,43,declined_transfer,43,declined_transfer, declined_transfer,True
1748,"i tried to make a transfer, but it was declined. can you tell me why?",43,declined_transfer,43,declined_transfer, declined_transfer,True
1749,for what reason was my transfer declined?,43,declined_transfer,43,declined_transfer, declined_transfer,True
1750,my transfer has been declined and i know it should have went through.,43,declined_transfer,43,declined_transfer, declined_transfer,True
1751,double check your funds may be declined,43,declined_transfer,45,declined_card_payment, declined_card_payment,False
1752,i can't transfer money from my account.,43,declined_transfer,21,transfer_not_received_by_recipient, transfer_not_received_by_recipient,False
1753,"why would my transfer be declined? i've checked that i've put in all the right details, but it is still declined.",43,declined_transfer,43,declined_transfer, declined_transfer,True
1754,i tried to buy something online yesterday but it kept saying declined. tried again today but same thing happened. what's broken?,43,declined_transfer,45,declined_card_payment, declined_card_payment,False
1755,i tried to buy something online yesterday but it wouldn't stop saying declined. tried again today but same thing happened. what's broken?,43,declined_transfer,45,declined_card_payment, declined_card_payment,False
1756,my card is being declined online. could you tell me what might be broken or wrong with the account?,43,declined_transfer,20,card_payment_fee_charged, card_payment_fee_charged,False
1757,are there any restrictions causing my transfer to be declined?,43,declined_transfer,43,declined_transfer, declined_transfer,True
1758,"i was attempting to purchase a golf club off ebay yesterday, but my credit card was declined. i tried multiple times, and again this morning. can you check into my card please?",43,declined_transfer,20,card_payment_fee_charged, card_payment_fee_charged,False
1759,"i think my transfer was declined, but why?",43,declined_transfer,43,declined_transfer, declined_transfer,True
1760,the refund isn't showing up on my account.,44,Refund_not_showing_up,44,Refund_not_showing_up, Refund_not_showing_up,True
1761,my refund is missing from my statement.,44,Refund_not_showing_up,44,Refund_not_showing_up, Refund_not_showing_up,True
1762,"i requested a refund, and never received it. what can i do?",44,Refund_not_showing_up,44,Refund_not_showing_up, Refund_not_showing_up,True
1763,i was supposed to get a purchase refunded but i don't see the money in my account,44,Refund_not_showing_up,44,Refund_not_showing_up, refund_not_showing_up,True
1764,there's a refund missing from my statement,44,Refund_not_showing_up,44,Refund_not_showing_up, Refund_not_showing_up,True
1765,"i need help. i asked for a refund from a merchant a while ago, but i have not gotten my money back. i keep checking my account, but nothing is showing up. what should i do now?",44,Refund_not_showing_up,44,Refund_not_showing_up, Refund_not_showing_up,True
1766,i am awaiting my refund,44,Refund_not_showing_up,44,Refund_not_showing_up, Refund_not_showing_up,True
1767,how long does it take for a refund?,44,Refund_not_showing_up,-1,refund," refund
You are an intent classifier for banking customer messages.
Choose exactly one intent label from the allowed labels.
Allowed labels: card_arrival, card_linking, exchange_rate, card_payment_wrong_exchange_rate, extra_charge_on_statement, pending_cash_withdrawal, fiat_currency_support, card_delivery_estimate, automatic_top_up, card_not_working, exchange_via_app, lost_or_stolen_card, age_limit, pin_blocked, contactless_not_working, top_up_by_bank_transfer_charge, pending_top_up, cancel_transfer, top_up_limits, wrong_amount_of_cash_received, card_payment_fee_charged, transfer_not_received_by_recipient, supported_cards_and_currencies, getting_virtual_card, card_acceptance, top_up_reverted, balance_not_updated_after_cheque_or_cash_deposit, card_payment_not_recognised, edit_personal_details, why_verify_identity, unable_to_verify_identity, get_physical_card, visa_or_mastercard, topping_up_by_card, disposable_card_limits, compromised_card, atm_support, direct_debit_payment_not_recognised, passcode_forgotten, declined_cash_withdrawal, pending_card_payment, lost_or_stolen_phone, request_refund, declined_transfer, Refund_not_showing_up, declined_card_payment, pending_transfer, terminate_account, card_swallowed, transaction_charged_twice, verify_source_of_funds, transfer_timing, reverted_card_payment?, change_pin, beneficiary_not_allowed, transfer_fee_charged, receiving_money, failed_transfer, transfer_into_account, verify_top_up, getting_spare_card, top_up_by_cash_or_cheque, order_physical_card, virtual_card_not_working, wrong_exchange_rate_for_cash_withdrawal, get_disposable_virtual_card, top_up_failed, balance_not_updated_after_bank_transfer, cash_withdrawal_not_recognised, exchange_charge, top_up_by_card_charge, activate_my_card, cash_withdrawal_charge, card_about_to_expire, apple_pay_or_google_pay, verify_my_identity, country_support
Message: how long does it take for a refund?
Intent: refund
You are an intent classifier for banking customer messages.
Choose exactly one intent label from the allowed labels.
Allowed labels: card_arrival, card_linking, exchange_rate, card_payment_wrong_exchange_rate, extra_charge_on_statement, pending_cash_withdrawal, fiat_currency_support, card_delivery_estimate, automatic_top_up, card_not_working, exchange_via_app, lost_or_stolen_card, age_limit, pin_blocked, contactless_not_working, top_up_by_bank_transfer_charge, pending_top_up, cancel_transfer, top_up_limits, wrong_amount_of_cash_received, card_payment_fee_charged, transfer_not_received_by_recipient, supported_cards_and_currencies, getting_virtual_card, card_acceptance, top_up_reverted, balance_not_updated_after_cheque_or_cash_deposit, card_payment_not_recognised, edit_personal_details, why_verify_identity, unable_to_verify_identity, get_physical_card, visa_or_mastercard, topping_up_by_card, disposable_card_limits, compromised_card, atm_support, direct_debit_payment_not_recognised, passcode_forgotten, declined_cash_withdrawal, pending_card_payment, lost_or_stolen_phone, request_refund, declined_transfer, Refund_not_showing_up, declined_card_payment, pending_transfer, terminate_account, card_swallowed, transaction_charged_twice, verify_source_of_funds, transfer_timing, reverted_card_payment?, change_pin, beneficiary_not_allowed, transfer_fee_charged, receiving_money, failed_transfer, transfer_into_account, verify_top_up, getting_spare_card, top_up_by_cash_or_cheque, order_physical_card, virtual_card_not_working, wrong_exchange_rate_for_cash_withdrawal, get_disposable_virtual_card, top_up_failed, balance_not_updated_after_bank_transfer, cash_withdrawal_not_recognised, exchange_charge, top_up_by_card_charge, activate_my_card, cash_withdrawal_charge, card_about_to_expire, apple_pay_or_google_pay, verify_my_identity, country_support
Message: how long does it take for a refund?
Intent: refund
You are an intent classifier for banking customer messages.
Choose exactly one intent label from the allowed labels.
Allowed labels: card_arrival, card_linking, exchange_rate, card_payment_wrong_exchange_rate, extra_charge_on_statement, pending_cash_withdrawal, fiat_currency_support, card_delivery_estimate, automatic_top_up, card_not_working, exchange_via_app, lost_or_stolen_card, age_limit, pin_blocked, contactless_not_working, top_up_by_bank_transfer_charge, pending_top_up, cancel_transfer, top_up_limits, wrong_amount_of_cash_received, card_payment_fee_charged, transfer_not_received_by_recipient, supported_cards_and_currencies, getting_virtual_card, card_acceptance, top_up_reverted, balance_not_updated_after_cheque_or_cash_deposit, card_payment_not_recognised, edit_personal_details, why_verify_identity, unable_to_verify_identity, get_physical_card, visa_or_mastercard, topping_up_by_card, disposable_card_limits, compromised_card, atm_support, direct_debit_payment_not_recognised, passcode_forgotten, declined_cash_withdrawal, pending_card_payment, lost_or_stolen_phone, request_refund, declined_transfer, Refund_not_showing_up, declined_card_payment, pending_transfer, terminate_account, card_swallowed, transaction_charged_twice, verify_source_of_funds, transfer_timing, reverted_card_payment?, change_pin, beneficiary_not_allowed, transfer_fee_charged, receiving_money, failed_transfer, transfer_into_account, verify_top_up, getting_spare_card, top_up_by_cash_or_cheque, order_physical_card, virtual_card_not_working, wrong_exchange_rate_for_cash_withdrawal, get_disposable_virtual_card, top_up_failed, balance_not_updated_after_bank_transfer, cash_withdrawal_not_recognised, exchange_charge, top_up_by_card_charge, activate_my_card, cash_withdrawal_charge, card_about_to_expire, apple_pay_or_google_pay, verify_my_identity, country_support
Message: how long does it take for a refund?
Intent: refund
You are an intent classifier for banking customer messages.
Choose exactly one intent label from the allowed labels.
Allowed labels: card_arrival, card_linking, exchange_rate, card_payment_wrong_exchange_rate, extra_charge_on_statement, pending_cash_withdrawal, fiat_currency_support, card_delivery_estimate, automatic_top_up, card_not_working, exchange_via_app, lost_or_stolen_card, age_limit, pin_blocked, contactless_not_working, top_up_by_bank_transfer_charge, pending_top_up, cancel_transfer, top_up_limits, wrong_amount_of_cash_received, card_payment_fee_charged, transfer_not_received_by_recipient, supported_cards_and_currencies, getting_virtual_card, card_acceptance, top_up_reverted, balance_not_updated_after_cheque_or_cash_deposit, card_payment_not_recognised, edit_personal_details, why_verify_identity, unable_to_verify_identity, get_physical_card, visa_or_mastercard, topping_up_by_card, disposable_card_limits, compromised_card, atm_support, direct_debit_payment_not_recognised, passcode_forgotten, declined_cash_withdrawal, pending_card_payment, lost_or_stolen_phone, request_refund, declined_transfer, Refund_not_showing_up, declined_card_payment, pending_transfer, terminate_account, card_swallowed, transaction_charged_twice, verify_source_of_funds, transfer_timing, reverted_card_payment?, change_pin, beneficiary_not_allowed, transfer_fee_charged, receiving_money, failed_transfer, transfer_into_account, verify_top_up, getting_spare_card, top_up_by_cash_or_cheque, order_physical_card, virtual_card_not_working, wrong_exchange_rate_for_cash_withdrawal, get_disposable_virtual_card, top_up_failed, balance_not_updated_after_bank_transfer, cash_withdrawal_not_recognised, exchange_charge, top_up_by_card_charge, activate_my_card, cash_withdrawal_charge, card_about_to_expire, apple_pay_or_google_pay, verify_my_identity, country_support
Message: how long does it take for a refund?
Intent: refund
You are an intent classifier for banking customer messages.
Choose exactly one intent label from the allowed labels.
Allowed labels: card_arrival, card_linking, exchange_rate, card_payment_wrong_exchange_rate, extra_charge_on_statement, pending_cash_withdrawal, fiat_currency_support, card_delivery_estimate, automatic_top_up, card_not_working, exchange_via_app, lost_or_stolen_card, age_limit, pin_blocked, contactless_not_working, top_up_by_bank_transfer_charge, pending_top_up, cancel_transfer, top_up_limits, wrong_amount_of_cash_received, card_payment_fee_charged, transfer_not_received_by_recipient, supported_cards_and_currencies, getting_virtual_card, card_acceptance, top_up_reverted, balance_not_updated_after_cheque_or_cash_deposit, card_payment_not_recognised, edit_personal_details, why_verify_identity, unable_to_verify_identity, get_physical_card, visa_or_mastercard, topping_up_by_card, disposable_card_limits, compromised_card, atm_support, direct_debit_payment_not_recognised, passcode_forgotten, declined_cash_withdrawal, pending_card_payment, lost_or_stolen_phone, request_refund, declined_transfer, Refund_not_showing_up, declined_card_payment, pending_transfer, terminate_account, card_swallowed, transaction_charged_twice, verify_source_of_funds, transfer_timing, reverted_card_payment?, change_pin, beneficiary_not_allowed, transfer_fee_charged, receiving_money, failed_transfer, transfer_into_account, verify_top_up, getting_spare_card, top_up_by_cash_or_cheque, order_physical_card, virtual_card_not_working, wrong_exchange_rate_for_cash_withdrawal, get_disposable_virtual_card, top_up_failed, balance_not_updated_after_bank_transfer, cash_withdrawal_not_recognised, exchange_charge, top_up_by_card_charge, activate_my_card, cash_withdrawal_charge, card_about_to_expire, apple_pay_or_google_pay, verify_my_identity, country_support
Message: how long does it",False
1768,"help! i keep checking my account, but my refund is not showing. i requested that a seller refund my money a while back, but there is no money showing in my account. what can you do for me?",44,Refund_not_showing_up,44,Refund_not_showing_up, Refund_not_showing_up,True
1769,can you tell me why my refund is not showing in my statement?,44,Refund_not_showing_up,44,Refund_not_showing_up, Refund_not_showing_up,True
1770,"i asked for a refund last week but nothing has happened yet, can you help me please?",44,Refund_not_showing_up,44,Refund_not_showing_up, Refund_not_showing_up,True
1771,why is my refund missing from my statement?,44,Refund_not_showing_up,44,Refund_not_showing_up, Refund_not_showing_up,True
1772,still waiting on a refund.,44,Refund_not_showing_up,44,Refund_not_showing_up, Refund_not_showing_up,True
1773,i requested a refund and it is missing.,44,Refund_not_showing_up,44,Refund_not_showing_up, Refund_not_showing_up,True
1774,"hi, as suggested by you, i have asked the seller to initiate the refund, it has been a week and i haven't received my money. please advise.",44,Refund_not_showing_up,44,Refund_not_showing_up, Refund_not_showing_up,True
1775,i bought something and returned it and the money from the return isn't in my account.,44,Refund_not_showing_up,44,Refund_not_showing_up, refund_not_showing_up,True
1776,do you have any idea on when i will receive my refund? i got my statement and it was not there.,44,Refund_not_showing_up,44,Refund_not_showing_up, Refund_not_showing_up,True
1777,why isn't a recent refund on my statement?,44,Refund_not_showing_up,44,Refund_not_showing_up, Refund_not_showing_up,True
1778,where can i see the refund in my account,44,Refund_not_showing_up,44,Refund_not_showing_up, Refund_not_showing_up,True
1779,"i was supposed to get a refund but my balance hasn't changed, why not?",44,Refund_not_showing_up,44,Refund_not_showing_up, Refund_not_showing_up,True
1780,i requested a refund from a merchant days ago but i do not see it in my account.,44,Refund_not_showing_up,44,Refund_not_showing_up, Refund_not_showing_up,True
1781,the refund has not appeared in my account,44,Refund_not_showing_up,44,Refund_not_showing_up, Refund_not_showing_up,True
1782,did my refund go through? it's not on my statement.,44,Refund_not_showing_up,44,Refund_not_showing_up, Refund_not_showing_up,True
1783,my statement doesn't show that a refund has processed,44,Refund_not_showing_up,44,Refund_not_showing_up, Refund_not_showing_up,True
1784,i requested a refund from a store but it hasn't arrived.,44,Refund_not_showing_up,44,Refund_not_showing_up, refund_not_showing_up,True
1785,i still haven't seen a refund on my account,44,Refund_not_showing_up,44,Refund_not_showing_up, Refund_not_showing_up,True
1786,i am missing a refund.,44,Refund_not_showing_up,44,Refund_not_showing_up, Refund_not_showing_up,True
1787,my refund doesn't seem to be showing on my statement.,44,Refund_not_showing_up,44,Refund_not_showing_up, Refund_not_showing_up,True
1788,i am not seeing a refund in my statement.,44,Refund_not_showing_up,44,Refund_not_showing_up, Refund_not_showing_up,True
1789,why can't i see a recent refund in my statement?,44,Refund_not_showing_up,44,Refund_not_showing_up, Refund_not_showing_up,True
1790,"i did what you told me earlier and contacted the seller for a refund directly, but nothing is happening! it's been a week and i still haven't got anything. please just give me back my money",44,Refund_not_showing_up,44,Refund_not_showing_up, refund_not_showing_up,True
1791,where is my refund? i have been checking my account all day.,44,Refund_not_showing_up,44,Refund_not_showing_up, Refund_not_showing_up,True
1792,it's been a week and i have done everything that i was asked to do and still nothing. i have contacted the seller and have not gotten a response. please understand my frustration and put the money back in my account.,44,Refund_not_showing_up,44,Refund_not_showing_up, refund_not_showing_up,True
1793,my refund is missing,44,Refund_not_showing_up,44,Refund_not_showing_up, Refund_not_showing_up,True
1794,why doesn't a return show up im my account from a purchase i made?,44,Refund_not_showing_up,21,transfer_not_received_by_recipient, transfer_not_received_by_recipient,False
1795,i keep checking my bank statements but i don't see a refund that i've requested from a seller. can you ensure that i receive the refund from the seller?,44,Refund_not_showing_up,44,Refund_not_showing_up, Refund_not_showing_up,True
1796,"i am waiting patiently for a week now for the seller to get back to me and there has been no response, could you please help me further with getting my money back. thank you.",44,Refund_not_showing_up,44,Refund_not_showing_up, Refund_not_showing_up,True
1797,i would like some help getting a refund back from a seller. it still isn't showing up on my statement and i requested this a long time ago. i'm not sure why it's not returned yet. can you assist me in getting this money back?,44,Refund_not_showing_up,44,Refund_not_showing_up, refund_not_showing_up,True
1798,how long will it take to get my refund,44,Refund_not_showing_up,-1,refund, refund,False
1799,i should have received a refund however it is not showing on my statement,44,Refund_not_showing_up,44,Refund_not_showing_up, Refund_not_showing_up,True
1800,my credit card was declined.,45,declined_card_payment,45,declined_card_payment, declined_card_payment,True
1801,the new card that was just sent to me was declined multiple times yesterday when i tried to use it at a restaurant to pay for my dinner. i am really disappointed and embarrassed that my card was denied when i tried to use it to pay for my friend's birthday dinner.,45,declined_card_payment,27,card_payment_not_recognised, card_payment_not_recognised,False
1802,why was my card payment declined?,45,declined_card_payment,45,declined_card_payment, declined_card_payment,True
1803,i was trying to purchase something at the store today and my card has been declined. why has this happened?,45,declined_card_payment,20,card_payment_fee_charged, card_payment_fee_charged,False
1804,"my payment has been declined, i thought this issue was fixed!",45,declined_card_payment,45,declined_card_payment, declined_card_payment,True
1805,my card was declined in a shop,45,declined_card_payment,27,card_payment_not_recognised, card_payment_not_recognised,False
1806,why did it decline my payment?,45,declined_card_payment,45,declined_card_payment, declined_card_payment,True
1807,my card declined,45,declined_card_payment,45,declined_card_payment, declined_card_payment,True
1808,can you look at my account ans see why my card was declined,45,declined_card_payment,45,declined_card_payment, declined_card_payment,True
1809,"i was out today looking forward to pay with my new card, turns out the payment just kept getting declined. this is really sad, what's going on?",45,declined_card_payment,27,card_payment_not_recognised, card_payment_not_recognised,False
1810,why was a transaction on my card declined?,45,declined_card_payment,45,declined_card_payment, declined_card_payment,True
1811,my new card keeps getting declined. i was very excited to use it for the first time today. why is this doing this?,45,declined_card_payment,27,card_payment_not_recognised, card_payment_not_recognised,False
1812,"my latest payment was declined, i was told everything was back to working order. what happened?",45,declined_card_payment,45,declined_card_payment, declined_card_payment,True
1813,i know i have enough funds in my account but my card payment hasn't worked for some reason. what do i do?,45,declined_card_payment,27,card_payment_not_recognised, card_payment_not_recognised,False
1814,why doesn't the card payment work,45,declined_card_payment,27,card_payment_not_recognised, card_payment_not_recognised,False
1815,i'm really stuck. i don't know why but my card payment has not gone through.,45,declined_card_payment,27,card_payment_not_recognised, card_payment_not_recognised,False
1816,"i have a card payment that was declined, but why?",45,declined_card_payment,20,card_payment_fee_charged, card_payment_fee_charged,False
1817,do you know why my card payment did not work?,45,declined_card_payment,27,card_payment_not_recognised, card_payment_not_recognised,False
1818,something is wrong with my payment account since it has been declined,45,declined_card_payment,45,declined_card_payment, declined_card_payment,True
1819,why are you declining my payment? everything was fine.,45,declined_card_payment,45,declined_card_payment, declined_card_payment,True
1820,i don't know why my payment didn't work.,45,declined_card_payment,27,card_payment_not_recognised, card_payment_not_recognised,False
1821,my card payment did not work.,45,declined_card_payment,27,card_payment_not_recognised, card_payment_not_recognised,False
1822,why is my debit card being declined when i have money?,45,declined_card_payment,45,declined_card_payment, declined_card_payment,True
1823,my card was not accepted.,45,declined_card_payment,27,card_payment_not_recognised, card_payment_not_recognised,False
1824,i have no idea why my card payment did not work.,45,declined_card_payment,27,card_payment_not_recognised, card_payment_not_recognised,False
1825,"my card payment didn't work, can you help?",45,declined_card_payment,27,card_payment_not_recognised, card_payment_not_recognised,False
1826,"my card was rejected at the store for some reason, can you look into this for me?",45,declined_card_payment,27,card_payment_not_recognised, card_payment_not_recognised,False
1827,please explain why my card was declined?,45,declined_card_payment,45,declined_card_payment, declined_card_payment,True
1828,"hello, i am facing the issue with my new card as payments are declining again and again. please help me in this issue.",45,declined_card_payment,20,card_payment_fee_charged, card_payment_fee_charged,False
1829,do you know why my card payment is declined?,45,declined_card_payment,45,declined_card_payment, declined_card_payment,True
1830,why was my payment declined,45,declined_card_payment,45,declined_card_payment, declined_card_payment,True
1831,they declined my card payment.,45,declined_card_payment,45,declined_card_payment, declined_card_payment,True
1832,why has my card payment been declined?,45,declined_card_payment,45,declined_card_payment, declined_card_payment,True
1833,"i finally got my new card and was very excited to use it today. however, my payment kept declining. what is happening?",45,declined_card_payment,27,card_payment_not_recognised, card_payment_not_recognised,False
1834,my card payment did not complete.,45,declined_card_payment,27,card_payment_not_recognised, card_payment_not_recognised,False
1835,my card didn't work in one of the shops.,45,declined_card_payment,9,card_not_working, card_not_working,False
1836,card payment declined?,45,declined_card_payment,20,card_payment_fee_charged, card_payment_fee_charged,False
1837,"i tried using my card and it kept getting declined, why?",45,declined_card_payment,20,card_payment_fee_charged, card_payment_fee_charged,False
1838,how do you fix my card payment?,45,declined_card_payment,27,card_payment_not_recognised, card_payment_not_recognised,False
1839,why do you keep declining my payment? i tried several times already with this card and it's just not working,45,declined_card_payment,27,card_payment_not_recognised, card_payment_not_recognised,False
1840,"i did transfer, why is it pending",46,pending_transfer,46,pending_transfer, pending_transfer,True
1841,how long for money transfer to show?,46,pending_transfer,51,transfer_timing, transfer_timing,False
1842,why is my transfer not done yet?,46,pending_transfer,21,transfer_not_received_by_recipient, transfer_not_received_by_recipient,False
1843,i have a pending transfer,46,pending_transfer,46,pending_transfer, pending_transfer,True
1844,i am waiting for a pending money transfer to process.,46,pending_transfer,46,pending_transfer, pending_transfer,True
1845,i transfered however its still pending,46,pending_transfer,46,pending_transfer, pending_transfer,True
1846,i have a transfer that's pending and wanted to know how long it is going to take to process?,46,pending_transfer,46,pending_transfer, pending_transfer,True
1847,so the transfer finally worked but now it's been pending for quite a long time. how long do you expect me to wait for it? it's quite urgent,46,pending_transfer,21,transfer_not_received_by_recipient, transfer_not_received_by_recipient,False
1848,i had made a transfer but its still pending.,46,pending_transfer,46,pending_transfer, pending_transfer,True
1849,i submitted my transfer but it has been pending for quite a while and i was wondering what takes so long? why hasn't it completed,46,pending_transfer,46,pending_transfer, pending_transfer,True
1850,how can i speed up a transfer? mine is pending.,46,pending_transfer,46,pending_transfer, pending_transfer,True
1851,how long can an eu transfer take?,46,pending_transfer,51,transfer_timing, transfer_timing,False
1852,my transfer is still coming up as pending.,46,pending_transfer,46,pending_transfer, pending_transfer,True
1853,i'm trying to transfer money to another country. it's just pending and not sending. my account details are correct. please help me.,46,pending_transfer,21,transfer_not_received_by_recipient, transfer_not_received_by_recipient,False
1854,my transfer is still pending and i know the account numbers are correct. please help.,46,pending_transfer,46,pending_transfer, pending_transfer,True
1855,"i transferred money yesterday, but it still isn't available?",46,pending_transfer,21,transfer_not_received_by_recipient, transfer_not_received_by_recipient,False
1856,how long does a transfer stay pending?,46,pending_transfer,46,pending_transfer, pending_transfer,True
1857,how long do transfer pend for?,46,pending_transfer,51,transfer_timing, transfer_timing,False
1858,why hasn't my transfer gone through yet?,46,pending_transfer,21,transfer_not_received_by_recipient, transfer_not_received_by_recipient,False
1859,when will the transfer go through?,46,pending_transfer,51,transfer_timing, transfer_timing,False
1860,please explain why the transfers shows up as pending?,46,pending_transfer,51,transfer_timing, transfer_timing,False
1861,"i double checked that i have the correct account details , they're right for sure. transfer is still pending since forever. what should be done now?",46,pending_transfer,21,transfer_not_received_by_recipient, transfer_not_received_by_recipient,False
1862,when will my transfer go through?,46,pending_transfer,51,transfer_timing, transfer_timing,False
1863,what is the cause that the transfer shows as pending?,46,pending_transfer,51,transfer_timing, transfer_timing,False
1864,when will the transfer be completed?,46,pending_transfer,51,transfer_timing, transfer_timing,False
1865,pending transfer?,46,pending_transfer,46,pending_transfer, pending_transfer,True
1866,"i would like to know why my payment is still pending, can you help?",46,pending_transfer,40,pending_card_payment, pending_card_payment,False
1867,someone transferred money to me and it doesn't show,46,pending_transfer,21,transfer_not_received_by_recipient, transfer_not_received_by_recipient,False
1868,how long does a transfer take to be confirmed?,46,pending_transfer,51,transfer_timing, transfer_timing,False
1869,i made a transfer 12 hours ago. why is it still listed as pending?,46,pending_transfer,46,pending_transfer, pending_transfer,True
1870,"why does my transfer say ""pending""?",46,pending_transfer,46,pending_transfer, pending_transfer,True
1871,how long can i expect a transfer to pend for?,46,pending_transfer,46,pending_transfer, pending_transfer,True
1872,for how long will my transfer be pending?,46,pending_transfer,46,pending_transfer, pending_transfer,True
1873,transferring money in 2018 to another country shouldn't take this long. my transfer has been pending for too long. i verified my account details are correct.,46,pending_transfer,21,transfer_not_received_by_recipient, transfer_not_received_by_recipient,False
1874,why is a money transfer not showing?,46,pending_transfer,21,transfer_not_received_by_recipient, transfer_not_received_by_recipient,False
1875,the transfer is coming up as pending the payment is due today. will i be charged a fee?,46,pending_transfer,21,transfer_not_received_by_recipient, transfer_not_received_by_recipient,False
1876,i am still waiting for a money transfer to show,46,pending_transfer,21,transfer_not_received_by_recipient, transfer_not_received_by_recipient,False
1877,my transfer hasn't gone through yet.,46,pending_transfer,21,transfer_not_received_by_recipient, transfer_not_received_by_recipient,False
1878,i am confused as to why my transfer could still be pending.,46,pending_transfer,46,pending_transfer, pending_transfer,True
1879,how long does it take for a money transfer to show?,46,pending_transfer,51,transfer_timing, transfer_timing,False
1880,can you remove my account please?,47,terminate_account,47,terminate_account, terminate_account,True
1881,"i want to close an account but im not sure about setting up a new one in the future, what do you recommend",47,terminate_account,47,terminate_account, terminate_account,True
1882,my account needs to be deleted.,47,terminate_account,47,terminate_account, terminate_account,True
1883,i would like to delete my account please.,47,terminate_account,47,terminate_account, terminate_account,True
1884,what steps do i need to take to close my account?,47,terminate_account,47,terminate_account, terminate_account,True
1885,i'm tired of all the problems i've had. i want to quit this account!,47,terminate_account,47,terminate_account, terminate_account,True
1886,please delete my account right now!,47,terminate_account,47,terminate_account, terminate_account,True
1887,i want to close my account,47,terminate_account,47,terminate_account, terminate_account,True
1888,"unhappy with you, how to delete account",47,terminate_account,47,terminate_account, terminate_account,True
1889,i would like to delete my account.,47,terminate_account,47,terminate_account, terminate_account,True
1890,i am highly unsatisfied with this company and want to delete my account!,47,terminate_account,47,terminate_account, terminate_account,True
1891,i don't like your company. delete my account.,47,terminate_account,47,terminate_account, terminate_account,True
1892,i would like to close my account.,47,terminate_account,47,terminate_account, terminate_account,True
1893,this company is terrible! can you delete my account?,47,terminate_account,47,terminate_account, terminate_account,True
1894,"this company is bad, please delete my account.",47,terminate_account,47,terminate_account, terminate_account,True
1895,"please delete my account, your services are not up to par.",47,terminate_account,47,terminate_account, terminate_account,True
1896,i need your help in deleting my account.,47,terminate_account,47,terminate_account, terminate_account,True
1897,"the service of this company sucks, i need to terminate my account.",47,terminate_account,47,terminate_account, terminate_account,True
1898,delete this account!,47,terminate_account,47,terminate_account, terminate_account,True
1899,how do i get rid of my account asap?,47,terminate_account,47,terminate_account, terminate_account,True
1900,"this company isn't good, i would like to delete my account.",47,terminate_account,47,terminate_account, terminate_account,True
1901,can you delete my account please?,47,terminate_account,47,terminate_account, terminate_account,True
1902,i am not satisfied with your company and would like to delete my accounts!,47,terminate_account,47,terminate_account, terminate_account,True
1903,please delete my account. i am not happy with the service from your company.,47,terminate_account,47,terminate_account, terminate_account,True
1904,please terminate my account.,47,terminate_account,47,terminate_account, terminate_account,True
1905,i am sick of this damn company and want to close out my account.,47,terminate_account,47,terminate_account, terminate_account,True
1906,please close my account. i am unsatisfied with your service.,47,terminate_account,47,terminate_account, terminate_account,True
1907,please delete my account.,47,terminate_account,47,terminate_account, terminate_account,True
1908,"your service is terrible,. delete my account,",47,terminate_account,47,terminate_account, terminate_account,True
1909,i want my account deleted!,47,terminate_account,47,terminate_account, terminate_account,True
1910,i am extremely unhappy with this app and want to get rid of my account?,47,terminate_account,47,terminate_account, terminate_account,True
1911,how do i delete my account?,47,terminate_account,47,terminate_account, terminate_account,True
1912,this company sucks! can you delete my account?,47,terminate_account,47,terminate_account, terminate_account,True
1913,i wish to close my account. i do not like the service you provide.,47,terminate_account,47,terminate_account, terminate_account,True
1914,can you help me get rid of my account?,47,terminate_account,47,terminate_account, terminate_account,True
1915,"i don't find your services useful anymore, how do i delete my account?",47,terminate_account,47,terminate_account, terminate_account,True
1916,"please delete my account, this company is not working for me!",47,terminate_account,47,terminate_account, terminate_account,True
1917,i want to delete my account. i'm unhappy with the service you're providing.,47,terminate_account,47,terminate_account, terminate_account,True
1918,can you tell me how to close my account?,47,terminate_account,47,terminate_account, terminate_account,True
1919,this company sucks! can you terminate my account?,47,terminate_account,47,terminate_account, terminate_account,True
1920,"what do i do if an atm ""stole"" my card?",48,card_swallowed,48,card_swallowed, card_swallowed,True
1921,how do i retrieve my card from the machine?,48,card_swallowed,48,card_swallowed, card_swallowed,True
1922,i was retrieving money and my card wouldn't remove.,48,card_swallowed,9,card_not_working, card_not_working,False
1923,what do i do since the machine swallowed my card. i need one.,48,card_swallowed,48,card_swallowed, card_swallowed,True
1924,how do i get my card back after the atm has pulled it in?,48,card_swallowed,11,lost_or_stolen_card, lost_or_stolen_card,False
1925,atm took my card,48,card_swallowed,48,card_swallowed, card_swallowed,True
1926,is there a way i can get my atm card back from the machine?,48,card_swallowed,48,card_swallowed, card_swallowed,True
1927,i think the atm ate my card.,48,card_swallowed,48,card_swallowed, card_swallowed,True
1928,the atm didn't give me the card back!,48,card_swallowed,48,card_swallowed, card_swallowed,True
1929,how can i get my card out of the damn atm?,48,card_swallowed,48,card_swallowed, card_swallowed,True
1930,the atm won't give my card back!,48,card_swallowed,48,card_swallowed, card_swallowed,True
1931,how can i get my card back out?,48,card_swallowed,11,lost_or_stolen_card, lost_or_stolen_card,False
1932,the atm machine stole my card.,48,card_swallowed,48,card_swallowed, card_swallowed,True
1933,the atm at metro bank on high st. kensington swallowed my card. how do i get it back?,48,card_swallowed,48,card_swallowed, card_swallowed,True
1934,my atm got stuck and i'm not sure what to do.,48,card_swallowed,48,card_swallowed, card_swallowed,True
1935,the atm ate my card.,48,card_swallowed,48,card_swallowed, card_swallowed,True
1936,the atm won't give me my card back.,48,card_swallowed,48,card_swallowed, card_swallowed,True
1937,my card was confiscated by an atm. how do i get my card back?,48,card_swallowed,11,lost_or_stolen_card, lost_or_stolen_card,False
1938,what do i do if the atm ate my card?,48,card_swallowed,48,card_swallowed, card_swallowed,True
1939,atm still has my card,48,card_swallowed,48,card_swallowed, card_swallowed,True
1940,what do i do if an atm ate my card?,48,card_swallowed,48,card_swallowed, card_swallowed,True
1941,what happens if the atm doesn't give me back my card?,48,card_swallowed,48,card_swallowed, card_swallowed,True
1942,i can't pull my card out of the atm. help me.,48,card_swallowed,48,card_swallowed, card_swallowed,True
1943,i have a problem! the atm stole my card!,48,card_swallowed,48,card_swallowed, card_swallowed,True
1944,why would an atm swallow my card?,48,card_swallowed,48,card_swallowed, card_swallowed,True
1945,my card was taken by the atm.,48,card_swallowed,48,card_swallowed, card_swallowed,True
1946,help! the atm won't give me my card back.,48,card_swallowed,48,card_swallowed, card_swallowed,True
1947,the stupid machine just swallowed my card!! i need a new one asap,48,card_swallowed,11,lost_or_stolen_card, lost_or_stolen_card,False
1948,how do i retrieve a trapped card from a atm?,48,card_swallowed,48,card_swallowed, card_swallowed,True
1949,"my card is stuck in the atm, what can i do?",48,card_swallowed,48,card_swallowed, card_swallowed,True
1950,i was getting cash and can't get my card back.,48,card_swallowed,48,card_swallowed, card_swallowed,True
1951,"if my card is trapped in the atm, what do i do?",48,card_swallowed,48,card_swallowed, card_swallowed,True
1952,my card has been swallowed by an atm,48,card_swallowed,48,card_swallowed, card_swallowed,True
1953,i was taking out funds and was unable to regain my card.,48,card_swallowed,11,lost_or_stolen_card, lost_or_stolen_card,False
1954,what should i do with my atm that got stuck?,48,card_swallowed,48,card_swallowed, card_swallowed,True
1955,the atm at metro bank on high st. kensington didn't return my card. what should i do now that the bank is closed?,48,card_swallowed,48,card_swallowed, card_swallowed,True
1956,the atm won't give back my card,48,card_swallowed,48,card_swallowed, card_swallowed,True
1957,i was at an atm and it swallowed my card.,48,card_swallowed,48,card_swallowed, card_swallowed,True
1958,wtf??? i tried to withdraw some money at a metro bank on high st. kensington and without any notice it disappeared in the machine. the bank was already closed so i couldn't do anything. how do i get it back?,48,card_swallowed,48,card_swallowed, card_swallowed,True
1959,what happens if my card is stuck in the atm?,48,card_swallowed,48,card_swallowed, card_swallowed,True
1960,i got double charged for a payment so how do i fix that?,49,transaction_charged_twice,20,card_payment_fee_charged, card_payment_fee_charged,False
1961,"i've just come back from an eating holiday in the usa and canada and have so many pending and duplicated transactions on my account. i think there is something wrong, can you look in to it please?",49,transaction_charged_twice,27,card_payment_not_recognised, card_payment_not_recognised,False
1962,why am i being charged twice fro a restaurant?,49,transaction_charged_twice,20,card_payment_fee_charged, card_payment_fee_charged,False
1963,i would like to know why i was charged twice for my purchase.,49,transaction_charged_twice,20,card_payment_fee_charged, card_payment_fee_charged,False
1964,i didn't buy this twice,49,transaction_charged_twice,49,transaction_charged_twice, transaction_charged_twice,True
1965,why was i chaged twice for the same thing?,49,transaction_charged_twice,49,transaction_charged_twice, transaction_charged_twice,True
1966,why is there more then one charge on my card i only paid for one not twice how can i fix this?,49,transaction_charged_twice,20,card_payment_fee_charged, card_payment_fee_charged,False
1967,i have a duplicate payment showing up on the app. how do i stop myself being charged for the thing twice?,49,transaction_charged_twice,20,card_payment_fee_charged, card_payment_fee_charged,False
1968,why would i be charged more than once for the same transaction?,49,transaction_charged_twice,20,card_payment_fee_charged, card_payment_fee_charged,False
1969,i was wondering how i could have two charges for the same item happen more than once in a 7 day period. is there anyway i could get this corrected asap.,49,transaction_charged_twice,20,card_payment_fee_charged, card_payment_fee_charged,False
1970,can you please check if i was charged twice?,49,transaction_charged_twice,20,card_payment_fee_charged, card_payment_fee_charged,False
1971,i have been charged twice,49,transaction_charged_twice,20,card_payment_fee_charged, card_payment_fee_charged,False
1972,it appears that i am being double charged for some items that i have purchased this past week. please review and correct.,49,transaction_charged_twice,20,card_payment_fee_charged, card_payment_fee_charged,False
1973,it looks like this week i was double charged for a couple things. is there any way that you can look into this for me and return the double charged items back to my card?,49,transaction_charged_twice,20,card_payment_fee_charged, card_payment_fee_charged,False
1974,i noticed after looking over my transactions that i have been charged twice from an earlier restaurant visit this week. is it possible that one of these can be removed so i get the money back for the one that is not accurate?,49,transaction_charged_twice,49,transaction_charged_twice, transaction_charged_twice,True
1975,i think something may have happened that caused a charge to show up twice.,49,transaction_charged_twice,49,transaction_charged_twice, transaction_charged_twice,True
1976,why is there a transaction that shows multiple times?,49,transaction_charged_twice,49,transaction_charged_twice, transaction_charged_twice,True
1977,i see what looks like duplicate charges on account.,49,transaction_charged_twice,20,card_payment_fee_charged, card_payment_fee_charged,False
1978,why was i charged multiple times for the same thing?,49,transaction_charged_twice,20,card_payment_fee_charged, card_payment_fee_charged,False
1979,i had a duplicate card and got charged twice. how do i resolve this?,49,transaction_charged_twice,20,card_payment_fee_charged, card_payment_fee_charged,False
1980,hello. i checked my transactions and saw i was double charged on my card for a restaurant visit. i would like to get my money back.,49,transaction_charged_twice,20,card_payment_fee_charged, card_payment_fee_charged,False
1981,why am i being charged twice?,49,transaction_charged_twice,49,transaction_charged_twice, transaction_charged_twice,True
1982,transactions on my card look really weird. i've been charged twice for a couple things this week! please check this and return the double charged ones.,49,transaction_charged_twice,20,card_payment_fee_charged, card_payment_fee_charged,False
1983,please check payments on my card. there is a duplicate and i only bought it once.,49,transaction_charged_twice,27,card_payment_not_recognised, card_payment_not_recognised,False
1984,"more than one time this week, i have been charged more than once for the same transaction. please correct the issue and refund the duplicate charges.",49,transaction_charged_twice,20,card_payment_fee_charged, card_payment_fee_charged,False
1985,a transaction is repeated several times on my account.,49,transaction_charged_twice,20,card_payment_fee_charged, card_payment_fee_charged,False
1986,i've been charged more than once for the same transaction,49,transaction_charged_twice,49,transaction_charged_twice, transaction_charged_twice,True
1987,my card has been charged two separate times for a single transaction.,49,transaction_charged_twice,20,card_payment_fee_charged, card_payment_fee_charged,False
1988,can you explain why there is a payment showing twice?,49,transaction_charged_twice,20,card_payment_fee_charged, card_payment_fee_charged,False
1989,why have i been charged twice for the same transaction?,49,transaction_charged_twice,49,transaction_charged_twice, transaction_charged_twice,True
1990,i see that i have been charged multiple times for the same transaction.,49,transaction_charged_twice,20,card_payment_fee_charged, card_payment_fee_charged,False
1991,i was double charged,49,transaction_charged_twice,20,card_payment_fee_charged, card_payment_fee_charged,False
1992,i have multiple charges on the same transaction.,49,transaction_charged_twice,20,card_payment_fee_charged, card_payment_fee_charged,False
1993,"looks like my card payment was duplicated. i went to pay at the store earlier, got declined once,second time it works. app still stays pending for one of the payments. can you please remove one of them as it's wrong and clearly was declined?",49,transaction_charged_twice,20,card_payment_fee_charged, card_payment_fee_charged,False
1994,i have a transaction that shows several times,49,transaction_charged_twice,49,transaction_charged_twice, transaction_charged_twice,True
1995,i recently got charged twice from a restaurant that i was at this week and i would like for one of those payments to be removed from my account.,49,transaction_charged_twice,20,card_payment_fee_charged, card_payment_fee_charged,False
1996,there is more than one of the same transaction on my account.,49,transaction_charged_twice,27,card_payment_not_recognised, card_payment_not_recognised,False
1997,i have a duplicate payment showing,49,transaction_charged_twice,27,card_payment_not_recognised, card_payment_not_recognised,False
1998,i made a payment that got charged twice instead of once.,49,transaction_charged_twice,20,card_payment_fee_charged, card_payment_fee_charged,False
1999,what are my remedies if i think i was charged twice for the same expense?,49,transaction_charged_twice,49,transaction_charged_twice, transaction_charged_twice,True
2000,can i verify the source of my funds?,50,verify_source_of_funds,50,verify_source_of_funds, verify_source_of_funds,True
2001,i want information about the source of funds.,50,verify_source_of_funds,50,verify_source_of_funds, verify_source_of_funds,True
2002,where are my funds being sourced from?,50,verify_source_of_funds,50,verify_source_of_funds, verify_source_of_funds,True
2003,i would like to verify the source of my money,50,verify_source_of_funds,50,verify_source_of_funds, verify_source_of_funds,True
2004,where to funds come from,50,verify_source_of_funds,50,verify_source_of_funds, verify_source_of_funds,True
2005,what is the source of my funds.,50,verify_source_of_funds,50,verify_source_of_funds, verify_source_of_funds,True
2006,i need to verify my source of funds,50,verify_source_of_funds,50,verify_source_of_funds, verify_source_of_funds,True
2007,i would like to see the source of my money.,50,verify_source_of_funds,50,verify_source_of_funds, verify_source_of_funds,True
2008,why do you need all this information about my source of funds?,50,verify_source_of_funds,50,verify_source_of_funds, verify_source_of_funds,True
2009,how can i check the source of funds?,50,verify_source_of_funds,50,verify_source_of_funds, verify_source_of_funds,True
2010,how can i tell where my funds came from?,50,verify_source_of_funds,50,verify_source_of_funds, verify_source_of_funds,True
2011,what is the source of my available funds?,50,verify_source_of_funds,50,verify_source_of_funds, verify_source_of_funds,True
2012,can i find the origination of my funds?,50,verify_source_of_funds,50,verify_source_of_funds, verify_source_of_funds,True
2013,my source of funds need verified.,50,verify_source_of_funds,50,verify_source_of_funds, verify_source_of_funds,True
2014,what information do you need to verify my source of funds?,50,verify_source_of_funds,50,verify_source_of_funds, verify_source_of_funds,True
2015,i need the source of my funds verified. how do i do this?,50,verify_source_of_funds,50,verify_source_of_funds, verify_source_of_funds,True
2016,i need my funds verified.,50,verify_source_of_funds,50,verify_source_of_funds, verify_source_of_funds,True
2017,help me check where the funds came from.,50,verify_source_of_funds,50,verify_source_of_funds, verify_source_of_funds,True
2018,i want to know where the funds come from.,50,verify_source_of_funds,50,verify_source_of_funds, verify_source_of_funds,True
2019,what is the source of my money?,50,verify_source_of_funds,56,receiving_money, receiving_money,False
2020,where can i find the source of my available money?,50,verify_source_of_funds,67,balance_not_updated_after_bank_transfer, balance_not_updated_after_bank_transfer,False
2021,how can i lookup where funds came from?,50,verify_source_of_funds,50,verify_source_of_funds, verify_source_of_funds,True
2022,can i see that history on my funds and where they came from?,50,verify_source_of_funds,50,verify_source_of_funds, verify_source_of_funds,True
2023,i have to verify the source of my funds,50,verify_source_of_funds,50,verify_source_of_funds, verify_source_of_funds,True
2024,how can i view the source of my available funds?,50,verify_source_of_funds,50,verify_source_of_funds, verify_source_of_funds,True
2025,why does my money come from?,50,verify_source_of_funds,67,balance_not_updated_after_bank_transfer, balance_not_updated_after_bank_transfer,False
2026,i need to validate the source of my funds.,50,verify_source_of_funds,50,verify_source_of_funds, verify_source_of_funds,True
2027,where are my funds coming from? i need to know.,50,verify_source_of_funds,50,verify_source_of_funds, verify_source_of_funds,True
2028,where has my available money come from?,50,verify_source_of_funds,67,balance_not_updated_after_bank_transfer, balance_not_updated_after_bank_transfer,False
2029,why do you need to know where my money is coming from?,50,verify_source_of_funds,50,verify_source_of_funds, verify_source_of_funds,True
2030,how can i see where my money comes from?,50,verify_source_of_funds,50,verify_source_of_funds, verify_source_of_funds,True
2031,how can i check the source for my funds?,50,verify_source_of_funds,50,verify_source_of_funds, verify_source_of_funds,True
2032,where can i see the source of my money?,50,verify_source_of_funds,56,receiving_money, receiving_money,False
2033,"what is source of my funds, need to verify",50,verify_source_of_funds,50,verify_source_of_funds, verify_source_of_funds,True
2034,where do my funds come from?,50,verify_source_of_funds,50,verify_source_of_funds, verify_source_of_funds,True
2035,how can i check the source of my fund?,50,verify_source_of_funds,50,verify_source_of_funds, verify_source_of_funds,True
2036,how can i see my source of funds?,50,verify_source_of_funds,50,verify_source_of_funds, verify_source_of_funds,True
2037,how do i become aware of where my funds come from?,50,verify_source_of_funds,50,verify_source_of_funds, verify_source_of_funds,True
2038,where does all this money come from though?,50,verify_source_of_funds,67,balance_not_updated_after_bank_transfer, balance_not_updated_after_bank_transfer,False
2039,what do i need to do to verify the source of my funds?,50,verify_source_of_funds,50,verify_source_of_funds, verify_source_of_funds,True
2040,what is the number of days i have to wait for my europe transfer?,51,transfer_timing,51,transfer_timing, transfer_timing,True
2041,what is the wait time for a transfer from the us?,51,transfer_timing,51,transfer_timing, transfer_timing,True
2042,i need a fast transfer from china? how fast will it be?,51,transfer_timing,2,exchange_rate, exchange_rate,False
2043,how soon will i see the transfer in my account?,51,transfer_timing,51,transfer_timing, transfer_timing,True
2044,how many days does it take until funds are in my account?,51,transfer_timing,6,fiat_currency_support, fiat_currency_support,False
2045,how long until my transfer goes through?,51,transfer_timing,51,transfer_timing, transfer_timing,True
2046,do transfers from europe take longer?,51,transfer_timing,51,transfer_timing, transfer_timing,True
2047,what is the fastest that i can make a transfer?,51,transfer_timing,51,transfer_timing, transfer_timing,True
2048,how long dies it take for transfers to reflect on my balance,51,transfer_timing,51,transfer_timing, transfer_timing,True
2049,"if i started the bank transfer from europe, how long will the process take to complete?",51,transfer_timing,51,transfer_timing, transfer_timing,True
2050,how long until the money is in my account?,51,transfer_timing,67,balance_not_updated_after_bank_transfer, balance_not_updated_after_bank_transfer,False
2051,when will a transfer reach my account?,51,transfer_timing,51,transfer_timing, transfer_timing,True
2052,when should i expect to see my transfer hit my account?,51,transfer_timing,51,transfer_timing, transfer_timing,True
2053,will my transfer immediately show up in my account?,51,transfer_timing,51,transfer_timing, transfer_timing,True
2054,"if i need to do a quick transfer from china, how long should i expect the transfer to take?",51,transfer_timing,51,transfer_timing, transfer_timing,True
2055,when does the money get transferred to my account,51,transfer_timing,51,transfer_timing, transfer_timing,True
2056,how long do i have to wait for a transfer to reach my account?,51,transfer_timing,51,transfer_timing, transfer_timing,True
2057,how long does it take for funds to come through the us to my account?,51,transfer_timing,51,transfer_timing, transfer_timing,True
2058,how long is my europe transfer wait?,51,transfer_timing,51,transfer_timing, transfer_timing,True
2059,how many days does a transfer from the us take?,51,transfer_timing,51,transfer_timing, transfer_timing,True
2060,how long do i have to wait for a transfer from the us?,51,transfer_timing,51,transfer_timing, transfer_timing,True
2061,how long is the wait for a us transfer?,51,transfer_timing,51,transfer_timing, transfer_timing,True
2062,how many days until the money will be in my account?,51,transfer_timing,67,balance_not_updated_after_bank_transfer, balance_not_updated_after_bank_transfer,False
2063,how long does it take for a transfer?,51,transfer_timing,51,transfer_timing, transfer_timing,True
2064,what is the time frame for a transfer from the us?,51,transfer_timing,51,transfer_timing, transfer_timing,True
2065,when will i receive a us transfer,51,transfer_timing,51,transfer_timing, transfer_timing,True
2066,approximately how long will an urgent transfer from china take?,51,transfer_timing,51,transfer_timing, transfer_timing,True
2067,"i initiated a bank transfer form europe, how long will this take?",51,transfer_timing,51,transfer_timing, transfer_timing,True
2068,how long does it take to process transfers from europe?,51,transfer_timing,51,transfer_timing, transfer_timing,True
2069,how long does a funds transfer take from one back to another?,51,transfer_timing,51,transfer_timing, transfer_timing,True
2070,what would the approximate delivery date be if i transferred something urgently to china?,51,transfer_timing,2,exchange_rate, exchange_rate,False
2071,i have to transfer something to china as fast as i can. how long will it take to arrive in china?,51,transfer_timing,2,exchange_rate, exchange_rate,False
2072,how long to i have to wait for a transfer to reach my account?,51,transfer_timing,51,transfer_timing, transfer_timing,True
2073,how long is it going to take for my funds to show in my account?,51,transfer_timing,67,balance_not_updated_after_bank_transfer, balance_not_updated_after_bank_transfer,False
2074,"how long does a transfer take from the point it's sent, to the point it arrives in my account?",51,transfer_timing,51,transfer_timing, transfer_timing,True
2075,how long will it take for the transfer to reach my account?,51,transfer_timing,51,transfer_timing, transfer_timing,True
2076,if my transfer is from europe how long will it take?,51,transfer_timing,51,transfer_timing, transfer_timing,True
2077,there is an important thing from china that i need to transfer. approximately how long will this take?,51,transfer_timing,51,transfer_timing, transfer_timing,True
2078,how long does a transfer take from china?,51,transfer_timing,2,exchange_rate, exchange_rate,False
2079,when will money be available in my account?,51,transfer_timing,67,balance_not_updated_after_bank_transfer, balance_not_updated_after_bank_transfer,False
2080,i think my card payment has been stopped,52,reverted_card_payment?,20,card_payment_fee_charged, card_payment_fee_charged,False
2081,my card payment was reverted. why?,52,reverted_card_payment?,27,card_payment_not_recognised, card_payment_not_recognised,False
2082,the app reverted my payment,52,reverted_card_payment?,27,card_payment_not_recognised, card_payment_not_recognised,False
2083,my card payment was cancelled.,52,reverted_card_payment?,27,card_payment_not_recognised, card_payment_not_recognised,False
2084,why was my payment cancelled?,52,reverted_card_payment?,45,declined_card_payment, declined_card_payment,False
2085,i made a payment but the app reverted the payment.,52,reverted_card_payment?,27,card_payment_not_recognised, card_payment_not_recognised,False
2086,my payment was reverted by the app,52,reverted_card_payment?,27,card_payment_not_recognised, card_payment_not_recognised,False
2087,"hello, my money went through for my purchase but now i got contacted from the seller noting that they didn't receive it. then the money was returned to my account and i'm not sure why this occurred. so if you can resolve this issue please.",52,reverted_card_payment?,21,transfer_not_received_by_recipient, transfer_not_received_by_recipient,False
2088,please explain to me the circumstances in which my card payment would be reverted?,52,reverted_card_payment?,27,card_payment_not_recognised, card_payment_not_recognised,False
2089,why has my card payment been cancelled?,52,reverted_card_payment?,27,card_payment_not_recognised, card_payment_not_recognised,False
2090,what do i do if it says my card payment has been cancelled?,52,reverted_card_payment?,27,card_payment_not_recognised, card_payment_not_recognised,False
2091,i'm not sure why my account has been refunded a payment for an item i've already received about 2 weeks ago. can you please tell me what is going on?,52,reverted_card_payment?,44,Refund_not_showing_up, Refund_not_showing_up,False
2092,my card is being declined for a purchase. i bought items before and the card worked. do you know what the problem is?,52,reverted_card_payment?,27,card_payment_not_recognised, card_payment_not_recognised,False
2093,can you tell my why my card payment has been reverted.,52,reverted_card_payment?,27,card_payment_not_recognised, card_payment_not_recognised,False
2094,why did the app refuse to make an approved payment,52,reverted_card_payment?,45,declined_card_payment, declined_card_payment,False
2095,do you know why my card payment was reverted?,52,reverted_card_payment?,27,card_payment_not_recognised, card_payment_not_recognised,False
2096,my credit card cancelled a payment for a purchase.,52,reverted_card_payment?,27,card_payment_not_recognised, card_payment_not_recognised,False
2097,why was my payment reversed?,52,reverted_card_payment?,27,card_payment_not_recognised, card_payment_not_recognised,False
2098,i have a payment listed as cancelled.,52,reverted_card_payment?,43,declined_transfer, declined_transfer,False
2099,i think my card payment had been return,52,reverted_card_payment?,27,card_payment_not_recognised, card_payment_not_recognised,False
2100,i was contacted by a seller with a message that they never received my money. i am 100% sure it was taken from my account so i definitely need this sorted out soon.,52,reverted_card_payment?,43,declined_transfer, declined_transfer,False
2101,what happens to the funds if a merchant refuses the payment,52,reverted_card_payment?,27,card_payment_not_recognised, card_payment_not_recognised,False
2102,"i am attempting to make a purchase online, but my card is not working. i know there are funds available, is this an issue on the banks end?",52,reverted_card_payment?,9,card_not_working, card_not_working,False
2103,why was my card payment cancelled?,52,reverted_card_payment?,27,card_payment_not_recognised, card_payment_not_recognised,False
2104,why has my card payment been reverted?,52,reverted_card_payment?,27,card_payment_not_recognised, card_payment_not_recognised,False
2105,"there must be an issue, why has my card been cancelled?",52,reverted_card_payment?,11,lost_or_stolen_card, lost_or_stolen_card,False
2106,i bought something and the money appeared back into my account? why?,52,reverted_card_payment?,27,card_payment_not_recognised, card_payment_not_recognised,False
2107,my account shows the card payment cancelled.,52,reverted_card_payment?,27,card_payment_not_recognised, card_payment_not_recognised,False
2108,"i'm not sure why my card payment was cancelled, can you find out why?",52,reverted_card_payment?,27,card_payment_not_recognised, card_payment_not_recognised,False
2109,what is the reason that my card payment was cancelled?,52,reverted_card_payment?,27,card_payment_not_recognised, card_payment_not_recognised,False
2110,"hi, i would like to file a claim for an inquiry. i am a frequent customer of the company in question and have never had any issue with my purchases, payments, or otherwise. however, the price deducted for an item i purchased a couple of weeks ago has been returned to my checking account. was there an issue with my payment? the item has already been delivered to me.",52,reverted_card_payment?,20,card_payment_fee_charged, card_payment_fee_charged,False
2111,why was my card payment reverted?,52,reverted_card_payment?,27,card_payment_not_recognised, card_payment_not_recognised,False
2112,why does the app revert a payment?,52,reverted_card_payment?,45,declined_card_payment, declined_card_payment,False
2113,i did a payment but the app reverted it,52,reverted_card_payment?,27,card_payment_not_recognised, card_payment_not_recognised,False
2114,what happens if a merchant doesn't accept a payment?,52,reverted_card_payment?,24,card_acceptance, card_acceptance,False
2115,there was a canceled payment for my card.,52,reverted_card_payment?,45,declined_card_payment, declined_card_payment,False
2116,my transaction to pay for an item was returned to my account.,52,reverted_card_payment?,45,declined_card_payment, declined_card_payment,False
2117,someone stopped my payment,52,reverted_card_payment?,27,card_payment_not_recognised, card_payment_not_recognised,False
2118,"if my card payment is cancelled, what should i do?",52,reverted_card_payment?,27,card_payment_not_recognised, card_payment_not_recognised,False
2119,why has payment been returned?,52,reverted_card_payment?,43,declined_transfer, declined_transfer,False
2120,what kind of cash machines would allow me to change my pin?,53,change_pin,53,change_pin, change_pin,True
2121,where do i change my pin?,53,change_pin,53,change_pin, change_pin,True
2122,is the bank the only place i can change my pin>,53,change_pin,53,change_pin, change_pin,True
2123,"if i am overseas, how do i change my pin?",53,change_pin,53,change_pin, change_pin,True
2124,can i change my pin at the atm?,53,change_pin,53,change_pin, change_pin,True
2125,how might i change my pin?,53,change_pin,53,change_pin, change_pin,True
2126,i would like to change my pin but i am not currently in the country.,53,change_pin,53,change_pin, change_pin,True
2127,i would like to change my card pin.,53,change_pin,53,change_pin, change_pin,True
2128,i want to set a new pin,53,change_pin,53,change_pin, change_pin,True
2129,"i desperately need to change my pin, but i'm overseas on vacation right now. how can i do this?",53,change_pin,53,change_pin, change_pin,True
2130,i need a new pin how do i go about that?,53,change_pin,53,change_pin, change_pin,True
2131,is there a location near me that i can change my pin?,53,change_pin,53,change_pin, change_pin,True
2132,in what atm can i change my pin?,53,change_pin,53,change_pin, change_pin,True
2133,i'd like to make a new pin selection.,53,change_pin,53,change_pin, change_pin,True
2134,how do i set a new pin?,53,change_pin,53,change_pin, change_pin,True
2135,how do i update my pin to a new number?,53,change_pin,53,change_pin, change_pin,True
2136,how can i change my tholepin ?,53,change_pin,53,change_pin, change_pin,True
2137,my new pin needs to be set.,53,change_pin,53,change_pin, change_pin,True
2138,i want to choose a different pin.,53,change_pin,53,change_pin, change_pin,True
2139,i would like to change my pin.,53,change_pin,53,change_pin, change_pin,True
2140,am i able to change my pin at any cash machines?,53,change_pin,53,change_pin, change_pin,True
2141,i am travelling for two more weeks but really need to change my pin asap. what do i do?,53,change_pin,53,change_pin, change_pin,True
2142,i need to change my pin. can i do that at a cash machine?,53,change_pin,53,change_pin, change_pin,True
2143,do cash machines let me change my pin?,53,change_pin,53,change_pin, change_pin,True
2144,how do i change my pin?,53,change_pin,53,change_pin, change_pin,True
2145,i need to change my pin.,53,change_pin,53,change_pin, change_pin,True
2146,may i receive a different card pin,53,change_pin,53,change_pin, change_pin,True
2147,what do i need to do to change my pin?,53,change_pin,53,change_pin, change_pin,True
2148,help me set up a new pin?,53,change_pin,53,change_pin, change_pin,True
2149,which cash machines will allow me to change my pin?,53,change_pin,53,change_pin, change_pin,True
2150,"i am in austria right now. i need to change my pin asap, so can i still do this from here?",53,change_pin,53,change_pin, change_pin,True
2151,where can i find instructions to change my pin?,53,change_pin,53,change_pin, change_pin,True
2152,i need to change my pin but i am on the road.,53,change_pin,53,change_pin, change_pin,True
2153,how do i update the pin on my account?,53,change_pin,53,change_pin, change_pin,True
2154,i need a new pin.,53,change_pin,53,change_pin, change_pin,True
2155,show me how to change my pin?,53,change_pin,53,change_pin, change_pin,True
2156,please tell me which cash machines will allow me to change my pin.,53,change_pin,53,change_pin, change_pin,True
2157,what steps do i need to take to change my card pin?,53,change_pin,53,change_pin, change_pin,True
2158,how to change the pin on my card?,53,change_pin,53,change_pin, change_pin,True
2159,how can i change the pin? do i have to go to a real bank?,53,change_pin,53,change_pin, change_pin,True
2160,i've tried numerous times to submit a transfer of funds. why isn't it going through?,54,beneficiary_not_allowed,21,transfer_not_received_by_recipient, transfer_not_received_by_recipient,False
2161,i've transferred money before without issue but now i am encountering an error stating that it isn't possible. why is that?,54,beneficiary_not_allowed,21,transfer_not_received_by_recipient, transfer_not_received_by_recipient,False
2162,i am not able to do a transfer to an account,54,beneficiary_not_allowed,21,transfer_not_received_by_recipient, transfer_not_received_by_recipient,False
2163,i was unable to make a transfer to another account.,54,beneficiary_not_allowed,21,transfer_not_received_by_recipient, transfer_not_received_by_recipient,False
2164,i had a transfer blocked,54,beneficiary_not_allowed,21,transfer_not_received_by_recipient, transfer_not_received_by_recipient,False
2165,can you please help me with this exchange? i am trying to get crypto and the app won't let me.,54,beneficiary_not_allowed,2,exchange_rate, exchange_rate,False
2166,how do i do a successful transfer to an account?,54,beneficiary_not_allowed,58,transfer_into_account, transfer_into_account,False
2167,why did i get a message saying that my transfer is not possible? i have done this before no problem. please fix.,54,beneficiary_not_allowed,43,declined_transfer, declined_transfer,False
2168,"hey i want to buy some crypto but the app doesn't allow me to! what's the issue, i really want to exchange this",54,beneficiary_not_allowed,2,exchange_rate, exchange_rate,False
2169,i tried to transfer money but it said it wasn't possible? i've done this before and it worked why isn't it working now?,54,beneficiary_not_allowed,43,declined_transfer, declined_transfer,False
2170,why can't i transfer to a beneficiary?,54,beneficiary_not_allowed,21,transfer_not_received_by_recipient, transfer_not_received_by_recipient,False
2171,i am having problems transferring to a beneficiary.,54,beneficiary_not_allowed,21,transfer_not_received_by_recipient, transfer_not_received_by_recipient,False
2172,what's the deal with no cryptocurrency on your app?,54,beneficiary_not_allowed,6,fiat_currency_support, fiat_currency_support,False
2173,why isn't my transfer not going through? i keep getting an error message.,54,beneficiary_not_allowed,43,declined_transfer, declined_transfer,False
2174,what are the rules for transferring to a beneficiary?,54,beneficiary_not_allowed,58,transfer_into_account, transfer_into_account,False
2175,can i transfer money to a beneficiery?,54,beneficiary_not_allowed,58,transfer_into_account, transfer_into_account,False
2176,i have tried transferring money numerous times. all i keep getting is an error message. can you tell me what is going on and how this van be fixed?,54,beneficiary_not_allowed,43,declined_transfer, declined_transfer,False
2177,i have a cryptocurrency exchange that won't go through. please help me process it.,54,beneficiary_not_allowed,2,exchange_rate, exchange_rate,False
2178,why wasn't i able to transfer to another account?,54,beneficiary_not_allowed,21,transfer_not_received_by_recipient, transfer_not_received_by_recipient,False
2179,the money would not transfer to a beneficiary.,54,beneficiary_not_allowed,21,transfer_not_received_by_recipient, transfer_not_received_by_recipient,False
2180,how come i'm not allowed to transfer funds right now? i just keep getting an error message.,54,beneficiary_not_allowed,21,transfer_not_received_by_recipient, transfer_not_received_by_recipient,False
2181,i couldn't do a transfer to an account,54,beneficiary_not_allowed,21,transfer_not_received_by_recipient, transfer_not_received_by_recipient,False
2182,a transfer to an account was not allowed,54,beneficiary_not_allowed,21,transfer_not_received_by_recipient, transfer_not_received_by_recipient,False
2183,why did i receive an error message saying that my transfer was not possible?,54,beneficiary_not_allowed,21,transfer_not_received_by_recipient, transfer_not_received_by_recipient,False
2184,explain why i can't do a transfer to a beneficiary.,54,beneficiary_not_allowed,21,transfer_not_received_by_recipient, transfer_not_received_by_recipient,False
2185,my transfer to beneficiary didn't go through,54,beneficiary_not_allowed,21,transfer_not_received_by_recipient, transfer_not_received_by_recipient,False
2186,why isn't my transfer going through? i get a message saying it's not possible. i've had no issues in the past.,54,beneficiary_not_allowed,43,declined_transfer, declined_transfer,False
2187,i couldn't make a transfer to a beneficiary!,54,beneficiary_not_allowed,21,transfer_not_received_by_recipient, transfer_not_received_by_recipient,False
2188,"my beneficiary has been denied, is this normal?",54,beneficiary_not_allowed,54,beneficiary_not_allowed, beneficiary_not_allowed,True
2189,i am trying to exchange crypto and it's not working. tell me how to fix this.,54,beneficiary_not_allowed,2,exchange_rate, exchange_rate,False
2190,the account transfer i was trying to do failed.,54,beneficiary_not_allowed,21,transfer_not_received_by_recipient, transfer_not_received_by_recipient,False
2191,"my beneficiary is not allowed, please may i have answer as to why this is?",54,beneficiary_not_allowed,54,beneficiary_not_allowed, beneficiary_not_allowed,True
2192,why couldn't i do a transfer to a beneficiary?,54,beneficiary_not_allowed,21,transfer_not_received_by_recipient, transfer_not_received_by_recipient,False
2193,why would i not be able to do a transfer to a beneficiary?,54,beneficiary_not_allowed,21,transfer_not_received_by_recipient, transfer_not_received_by_recipient,False
2194,i want to transfer money to a beneficiery. why can't i?,54,beneficiary_not_allowed,58,transfer_into_account, transfer_into_account,False
2195,can you help with a transfer to an account,54,beneficiary_not_allowed,58,transfer_into_account, transfer_into_account,False
2196,why isnt my account allowing transfers,54,beneficiary_not_allowed,30,unable_to_verify_identity, unable_to_verify_identity,False
2197,"i want to buy cryptocurrency, but your app doesn't let me. why?",54,beneficiary_not_allowed,6,fiat_currency_support, fiat_currency_support,False
2198,i tried to make a transfer to a beneficiary and it didn't go through,54,beneficiary_not_allowed,21,transfer_not_received_by_recipient, transfer_not_received_by_recipient,False
2199,why was a transfer to an account not allowed?,54,beneficiary_not_allowed,21,transfer_not_received_by_recipient, transfer_not_received_by_recipient,False
2200,"when i made a transfer, there was a fee. why?",55,transfer_fee_charged,55,transfer_fee_charged, transfer_fee_charged,True
2201,i was charged a fee for my transfer.,55,transfer_fee_charged,55,transfer_fee_charged, transfer_fee_charged,True
2202,is there a reason i was charged a fee to transfer?,55,transfer_fee_charged,55,transfer_fee_charged, transfer_fee_charged,True
2203,why was a charged just for transferring?,55,transfer_fee_charged,55,transfer_fee_charged, transfer_fee_charged,True
2204,i had to pay in order to do a transfer,55,transfer_fee_charged,55,transfer_fee_charged, transfer_fee_charged,True
2205,what is the transfer fee charge?,55,transfer_fee_charged,55,transfer_fee_charged, transfer_fee_charged,True
2206,why was i charged extra for transferring money?,55,transfer_fee_charged,55,transfer_fee_charged, transfer_fee_charged,True
2207,im not paying this transfer fee,55,transfer_fee_charged,55,transfer_fee_charged, transfer_fee_charged,True
2208,i am being charged a transfer fee aren't they free?,55,transfer_fee_charged,55,transfer_fee_charged, transfer_fee_charged,True
2209,what is the maximum i can transfer before i incur fees?,55,transfer_fee_charged,55,transfer_fee_charged, transfer_fee_charged,True
2210,i got 2 transfer fees and i thought transfers were free.,55,transfer_fee_charged,55,transfer_fee_charged, transfer_fee_charged,True
2211,why am i being charged a fee for transferring money?,55,transfer_fee_charged,55,transfer_fee_charged, transfer_fee_charged,True
2212,do charge fees for transfers?,55,transfer_fee_charged,55,transfer_fee_charged, transfer_fee_charged,True
2213,"i recently got a new place while i'm staying abroad and have been using this account to manage payments, but suddenly i am seeing fees increase. where are these additional fees coming from?",55,transfer_fee_charged,20,card_payment_fee_charged, card_payment_fee_charged,False
2214,"hi, please help me, as i have transferred some amount but receiver did not get the same amount. he received a bit less. due to this again i need to transfer the difference. i have transferred money but beneficiary's account is credited with less amount. now i have transfer the difference of the amount. i think there is some issue, could you please look into this.",55,transfer_fee_charged,21,transfer_not_received_by_recipient, transfer_not_received_by_recipient,False
2215,"why did i get charged for something i bought online? even though it was international, i thought it would be covered.",55,transfer_fee_charged,20,card_payment_fee_charged, card_payment_fee_charged,False
2216,why were there additional charges when transferring?,55,transfer_fee_charged,55,transfer_fee_charged, transfer_fee_charged,True
2217,i was charged more when i transferred!,55,transfer_fee_charged,55,transfer_fee_charged, transfer_fee_charged,True
2218,is there a transfer fee?,55,transfer_fee_charged,55,transfer_fee_charged, transfer_fee_charged,True
2219,i'm not sure why i was charged an extra fee for transferring funds.,55,transfer_fee_charged,55,transfer_fee_charged, transfer_fee_charged,True
2220,"i thought transfers were free, why was i charged a fee?",55,transfer_fee_charged,55,transfer_fee_charged, transfer_fee_charged,True
2221,"my receipt shows an extra charge on my transfer, why is this?",55,transfer_fee_charged,4,extra_charge_on_statement, extra_charge_on_statement,False
2222,"i was charged a fee when making this transfer, and i don't think i should have been!",55,transfer_fee_charged,55,transfer_fee_charged, transfer_fee_charged,True
2223,"i sent out money, but was charged extra for transferring. why?",55,transfer_fee_charged,55,transfer_fee_charged, transfer_fee_charged,True
2224,why am i seeing a transfer fee?,55,transfer_fee_charged,55,transfer_fee_charged, transfer_fee_charged,True
2225,there was an extra charge when i made a transfer.,55,transfer_fee_charged,4,extra_charge_on_statement, extra_charge_on_statement,False
2226,i need someone to alert me as to what's going on. i had transferred an amount but the receiver is saying that the amount is somewhat less than what i sent over. i now have to make another transfer to make up the difference.,55,transfer_fee_charged,21,transfer_not_received_by_recipient, transfer_not_received_by_recipient,False
2227,"i was charge a fee for my transfer, why?",55,transfer_fee_charged,55,transfer_fee_charged, transfer_fee_charged,True
2228,why was there a fee for my transfer?,55,transfer_fee_charged,55,transfer_fee_charged, transfer_fee_charged,True
2229,why was my transfer charged fees?,55,transfer_fee_charged,55,transfer_fee_charged, transfer_fee_charged,True
2230,is there supposed to be a fee for the transfer i made?,55,transfer_fee_charged,55,transfer_fee_charged, transfer_fee_charged,True
2231,in the past month i often used this account to manage payments for my new holiday villa. now all of a sudden your fees have increased exorbitantly! don't you have a rewards programme for frequent users?,55,transfer_fee_charged,20,card_payment_fee_charged, card_payment_fee_charged,False
2232,why was i charged a fee for a transfer?,55,transfer_fee_charged,55,transfer_fee_charged, transfer_fee_charged,True
2233,what extra charges are there?,55,transfer_fee_charged,4,extra_charge_on_statement, extra_charge_on_statement,False
2234,i know that i am able to make transfers for free. that was something that i valued. after i bought something online from abroad i noticed that i got charged a fee? what is this and can it be removed?,55,transfer_fee_charged,55,transfer_fee_charged, transfer_fee_charged,True
2235,i transferred money and was charged and want to know why.,55,transfer_fee_charged,55,transfer_fee_charged, transfer_fee_charged,True
2236,i was charged for something i didn't expect,55,transfer_fee_charged,20,card_payment_fee_charged, card_payment_fee_charged,False
2237,"i purchased some makeup through a site in china, and i was under the impression that when i make transfers there is no fee. why am i seeing this fee now? i am not happy about this at all.",55,transfer_fee_charged,2,exchange_rate, exchange_rate,False
2238,i got charged and extra fee when i transferred money so why was i charged?,55,transfer_fee_charged,55,transfer_fee_charged, transfer_fee_charged,True
2239,can you explain the transfer fee to me?,55,transfer_fee_charged,55,transfer_fee_charged, transfer_fee_charged,True
2240,will salary be received through this?,56,receiving_money,56,receiving_money, receiving_money,True
2241,how can i get paid in a different currency?,56,receiving_money,2,exchange_rate, exchange_rate,False
2242,can i receive my salary in a currency other than what it is deposited in?,56,receiving_money,6,fiat_currency_support, fiat_currency_support,False
2243,can i get my salary through this?,56,receiving_money,56,receiving_money, receiving_money,True
2244,how can someone send me money?,56,receiving_money,56,receiving_money, receiving_money,True
2245,is there a problem with receiving my salary in gbp?,56,receiving_money,20,card_payment_fee_charged, card_payment_fee_charged,False
2246,do i need to choose gbp to get my salary deposited properly?,56,receiving_money,6,fiat_currency_support, fiat_currency_support,False
2247,"i get paid in gbp. should i configure this and if so, where?",56,receiving_money,6,fiat_currency_support, fiat_currency_support,False
2248,is it possible for me to get money out in a different currency?,56,receiving_money,2,exchange_rate, exchange_rate,False
2249,can i use this to receive my salary?,56,receiving_money,56,receiving_money, receiving_money,True
2250,my salary is received in the form of gbp. do i need to do anything specific to configure this?,56,receiving_money,6,fiat_currency_support, fiat_currency_support,False
2251,how do people send me money?,56,receiving_money,56,receiving_money, receiving_money,True
2252,is gbp a supported currency?,56,receiving_money,6,fiat_currency_support, fiat_currency_support,False
2253,do i need to establish i am paid in gbp before a transfer?,56,receiving_money,6,fiat_currency_support, fiat_currency_support,False
2254,"salary in gbp has been received, does it need to be configured elsewhere?",56,receiving_money,6,fiat_currency_support, fiat_currency_support,False
2255,how do i get my salary in the account?,56,receiving_money,56,receiving_money, receiving_money,True
2256,what are the ways for others to transfer me money?,56,receiving_money,56,receiving_money, receiving_money,True
2257,what different ways are there for someone to send me money?,56,receiving_money,56,receiving_money, receiving_money,True
2258,what do i need to do to transfer my paycheck to my account?,56,receiving_money,58,transfer_into_account, transfer_into_account,False
2259,how can my friend send me money?,56,receiving_money,56,receiving_money, receiving_money,True
2260,can i directly transfer my salary onto here?,56,receiving_money,58,transfer_into_account, transfer_into_account,False
2261,can this be used to receive my salary?,56,receiving_money,22,supported_cards_and_currencies, supported_cards_and_currencies,False
2262,is it possible to deposit money in gbp?,56,receiving_money,6,fiat_currency_support, fiat_currency_support,False
2263,i received my salary in gbp. how do i change this to my currency?,56,receiving_money,6,fiat_currency_support, fiat_currency_support,False
2264,how can my friend transfer money to me?,56,receiving_money,58,transfer_into_account, transfer_into_account,False
2265,can my friends send me money?,56,receiving_money,56,receiving_money, receiving_money,True
2266,how do i deposit my paycheck to this account?,56,receiving_money,67,balance_not_updated_after_bank_transfer, balance_not_updated_after_bank_transfer,False
2267,can i use this account to receive my salary?,56,receiving_money,56,receiving_money, receiving_money,True
2268,can i deposit my salary to this account?,56,receiving_money,22,supported_cards_and_currencies, supported_cards_and_currencies,False
2269,how do i get my salary through this account?,56,receiving_money,56,receiving_money, receiving_money,True
2270,what if i need my salary in a different currency?,56,receiving_money,2,exchange_rate, exchange_rate,False
2271,i receive my salary in gbp. do i need to configure this somehwere?,56,receiving_money,6,fiat_currency_support, fiat_currency_support,False
2272,do you know if i can use this for my salary?,56,receiving_money,24,card_acceptance, card_acceptance,False
2273,how do i get my paycheck through this?,56,receiving_money,56,receiving_money, receiving_money,True
2274,can i transfer my salary if it's in a different currency?,56,receiving_money,2,exchange_rate, exchange_rate,False
2275,can i get paid in a different currency?,56,receiving_money,2,exchange_rate, exchange_rate,False
2276,is my salary eligible for this?,56,receiving_money,-1,salary_eligibility, salary_eligibility,False
2277,my salary is in gbp; how can i note this in the app?,56,receiving_money,6,fiat_currency_support, fiat_currency_support,False
2278,can i get paid in another currency?,56,receiving_money,2,exchange_rate, exchange_rate,False
2279,can i get my paycheck through here?,56,receiving_money,56,receiving_money, receiving_money,True
2280,dont understand why transfer failed,57,failed_transfer,21,transfer_not_received_by_recipient, transfer_not_received_by_recipient,False
2281,please help me make a transfer. i keep receiving an error and i'm trying to make the initial mortgage payment for a flat i'm buying. what is the deal here?,57,failed_transfer,21,transfer_not_received_by_recipient, transfer_not_received_by_recipient,False
2282,my transfer didn't work,57,failed_transfer,43,declined_transfer, declined_transfer,False
2283,"fix your system. i can't make transfers, i've tried like 5 times already.",57,failed_transfer,43,declined_transfer, declined_transfer,False
2284,tell me why my transfer failed!,57,failed_transfer,43,declined_transfer, declined_transfer,False
2285,my transfer did not go through.,57,failed_transfer,21,transfer_not_received_by_recipient, transfer_not_received_by_recipient,False
2286,why was i not able to complete a transfer?,57,failed_transfer,43,declined_transfer, declined_transfer,False
2287,can you help me figure out what's happening? i'm trying to transfer money to a friend but it keeps getting returned. i'm not sure what i'm doing wrong.,57,failed_transfer,21,transfer_not_received_by_recipient, transfer_not_received_by_recipient,False
2288,why did my transfer not go through?,57,failed_transfer,43,declined_transfer, declined_transfer,False
2289,my transfer didn't go through.,57,failed_transfer,21,transfer_not_received_by_recipient, transfer_not_received_by_recipient,False
2290,i could not get my transfer to happen correctly and was wondering why?,57,failed_transfer,21,transfer_not_received_by_recipient, transfer_not_received_by_recipient,False
2291,how come my transfer didn't work,57,failed_transfer,21,transfer_not_received_by_recipient, transfer_not_received_by_recipient,False
2292,"i transferred my funds, why did it not go through?",57,failed_transfer,21,transfer_not_received_by_recipient, transfer_not_received_by_recipient,False
2293,why has my transfer failed?,57,failed_transfer,21,transfer_not_received_by_recipient, transfer_not_received_by_recipient,False
2294,why did my transfer fail?,57,failed_transfer,21,transfer_not_received_by_recipient, transfer_not_received_by_recipient,False
2295,why hasn't my transfer been made?,57,failed_transfer,21,transfer_not_received_by_recipient, transfer_not_received_by_recipient,False
2296,my transfer will not go through.,57,failed_transfer,21,transfer_not_received_by_recipient, transfer_not_received_by_recipient,False
2297,my transfer keeps failing and i just want to transfer the money can you please make it work?,57,failed_transfer,21,transfer_not_received_by_recipient, transfer_not_received_by_recipient,False
2298,"the transfer keeps failing , i tried to transfer some money to friends this morning but it keeps getting rejected for some reason, would you please check the issue ?",57,failed_transfer,43,declined_transfer, declined_transfer,False
2299,why would a transfer fail?,57,failed_transfer,21,transfer_not_received_by_recipient, transfer_not_received_by_recipient,False
2300,what are your policies for card transfers?,57,failed_transfer,51,transfer_timing, transfer_timing,False
2301,is the system down? i've been trying to do a transfer and have failed?,57,failed_transfer,21,transfer_not_received_by_recipient, transfer_not_received_by_recipient,False
2302,i tried to make a transfer but it failed,57,failed_transfer,43,declined_transfer, declined_transfer,False
2303,why couldn't i complete a transfer?,57,failed_transfer,43,declined_transfer, declined_transfer,False
2304,my transfer appeared not to work.,57,failed_transfer,21,transfer_not_received_by_recipient, transfer_not_received_by_recipient,False
2305,what is stopping my money from transferring?,57,failed_transfer,21,transfer_not_received_by_recipient, transfer_not_received_by_recipient,False
2306,"hi, i'm buying a flat and i'm trying to get my mortgage to go though. every time i check i simply get an error message. is there any way you can help me get this money transferred over. thanks!",57,failed_transfer,21,transfer_not_received_by_recipient, transfer_not_received_by_recipient,False
2307,my attempted transfer failed.,57,failed_transfer,43,declined_transfer, declined_transfer,False
2308,"i can not seem to make a successful transfer, can you tell me what i'm doing wrong?",57,failed_transfer,21,transfer_not_received_by_recipient, transfer_not_received_by_recipient,False
2309,"please help me as i am continuously facing the issue in transferring money to my friends, as all my transactions are getting failed.",57,failed_transfer,21,transfer_not_received_by_recipient, transfer_not_received_by_recipient,False
2310,"i am trying to make a transfer and am unsuccessful, can you please tell me why?",57,failed_transfer,43,declined_transfer, declined_transfer,False
2311,my transfer did not seem to work.,57,failed_transfer,21,transfer_not_received_by_recipient, transfer_not_received_by_recipient,False
2312,"i've now been trying to do a really standard transfer 5 times already. what's going on, is your system broken or something?!",57,failed_transfer,43,declined_transfer, declined_transfer,False
2313,help me with my transfer,57,failed_transfer,21,transfer_not_received_by_recipient, transfer_not_received_by_recipient,False
2314,says my transfer can't be completed?,57,failed_transfer,21,transfer_not_received_by_recipient, transfer_not_received_by_recipient,False
2315,can you tell me why my transfer failed?,57,failed_transfer,21,transfer_not_received_by_recipient, transfer_not_received_by_recipient,False
2316,why didn't my transfer go through?,57,failed_transfer,43,declined_transfer, declined_transfer,False
2317,i've attempted to do a very standard transfer and have tried 5 times at this point. can you tell me what the issue is? is the system down?,57,failed_transfer,43,declined_transfer, declined_transfer,False
2318,can you provide a reason as to why my transfer did not work?,57,failed_transfer,43,declined_transfer, declined_transfer,False
2319,i tried to transfer money and it did not work.,57,failed_transfer,43,declined_transfer, declined_transfer,False
2320,can i do a bank transfer to put additional money in my account because i am out of money?,58,transfer_into_account,15,top_up_by_bank_transfer_charge, top_up_by_bank_transfer_charge,False
2321,"i'm out of money, can i add money with my bank?",58,transfer_into_account,15,top_up_by_bank_transfer_charge, top_up_by_bank_transfer_charge,False
2322,how do i go forth on transferring money into my account?,58,transfer_into_account,58,transfer_into_account, transfer_into_account,True
2323,"i don't understand how to top up my account, can you please explain the process?",58,transfer_into_account,70,top_up_by_card_charge, top_up_by_card_charge,False
2324,i don't understand the money transfer process.,58,transfer_into_account,21,transfer_not_received_by_recipient, transfer_not_received_by_recipient,False
2325,"i need to transfer money into my account, how do i go about doing this?",58,transfer_into_account,58,transfer_into_account, transfer_into_account,True
2326,what do i need to do to transfer money into my account?,58,transfer_into_account,58,transfer_into_account, transfer_into_account,True
2327,i don't know what to do. should i transfer funds. my account is out of money.,58,transfer_into_account,21,transfer_not_received_by_recipient, transfer_not_received_by_recipient,False
2328,can i add funds to the card directly from my bank account?,58,transfer_into_account,15,top_up_by_bank_transfer_charge, top_up_by_bank_transfer_charge,False
2329,how does tranferring money into my account work?,58,transfer_into_account,58,transfer_into_account, transfer_into_account,True
2330,i need to know how to transfer money into my bank account. please help,58,transfer_into_account,58,transfer_into_account, transfer_into_account,True
2331,i would like to transfer some money from my other bank account into this one.,58,transfer_into_account,58,transfer_into_account, transfer_into_account,True
2332,"when i want to transfer money to my account, how can i do that?",58,transfer_into_account,58,transfer_into_account, transfer_into_account,True
2333,i need to transfer funds into my account. how can i do this?,58,transfer_into_account,58,transfer_into_account, transfer_into_account,True
2334,what are the steps i follow to transfer money into my account?,58,transfer_into_account,58,transfer_into_account, transfer_into_account,True
2335,how can i transfer funds from my bank to my top up account?,58,transfer_into_account,58,transfer_into_account, transfer_into_account,True
2336,i want to top my account by using a bank transfer. how would that work?,58,transfer_into_account,15,top_up_by_bank_transfer_charge, top_up_by_bank_transfer_charge,False
2337,how to i transfer my funds into my account?,58,transfer_into_account,58,transfer_into_account, transfer_into_account,True
2338,how do i top up my card?,58,transfer_into_account,-1,top_up_by_card, top_up_by_card,False
2339,how can i transfer money from an outside bank?,58,transfer_into_account,58,transfer_into_account, transfer_into_account,True
2340,how can i fund my top-up account using my bank account?,58,transfer_into_account,15,top_up_by_bank_transfer_charge, top_up_by_bank_transfer_charge,False
2341,what methods can i use to add money to my account?,58,transfer_into_account,70,top_up_by_card_charge, top_up_by_card_charge,False
2342,"i would like to use the bank transfer feature, but i can't find it. can you please give me the details?",58,transfer_into_account,22,supported_cards_and_currencies, supported_cards_and_currencies,False
2343,how can i perform a dual money transferring from one account to another?,58,transfer_into_account,58,transfer_into_account, transfer_into_account,True
2344,can you explain how to transfer money into my account for me?,58,transfer_into_account,58,transfer_into_account, transfer_into_account,True
2345,"i need to bank account transfer from another account into this one, what is the easiest way that can be done, and what information do i need?",58,transfer_into_account,58,transfer_into_account, transfer_into_account,True
2346,how do i transfer money to my account?,58,transfer_into_account,58,transfer_into_account, transfer_into_account,True
2347,how do i send my account money through transfer?,58,transfer_into_account,58,transfer_into_account, transfer_into_account,True
2348,how do i do an international transfer?,58,transfer_into_account,51,transfer_timing, transfer_timing,False
2349,are there ways to transfer money into my account?,58,transfer_into_account,58,transfer_into_account, transfer_into_account,True
2350,i want to transfer from accounts in order to top up. what are the steps necessary.,58,transfer_into_account,58,transfer_into_account, transfer_into_account,True
2351,how does a transfer work?,58,transfer_into_account,51,transfer_timing, transfer_timing,False
2352,"i would like use the bank transfer, but i don't understand the process, can you please explain, topping up?",58,transfer_into_account,15,top_up_by_bank_transfer_charge, top_up_by_bank_transfer_charge,False
2353,i want to use bank transfer for topping up my account. how is it handled?,58,transfer_into_account,15,top_up_by_bank_transfer_charge, top_up_by_bank_transfer_charge,False
2354,i checked my account today and it said i was out of money. how do i transfer money into my account?,58,transfer_into_account,15,top_up_by_bank_transfer_charge, top_up_by_bank_transfer_charge,False
2355,how can i transfer money to my account?,58,transfer_into_account,58,transfer_into_account, transfer_into_account,True
2356,i would like to transfer funds from one account to another.,58,transfer_into_account,58,transfer_into_account, transfer_into_account,True
2357,i'm trying to transfer money into my account.,58,transfer_into_account,58,transfer_into_account, transfer_into_account,True
2358,i would like to transfer money from my other bank account into this one.,58,transfer_into_account,58,transfer_into_account, transfer_into_account,True
2359,can i use a bank transfer to refill my account?,58,transfer_into_account,15,top_up_by_bank_transfer_charge, top_up_by_bank_transfer_charge,False
2360,what all is needed to verify the top-up card?,59,verify_top_up,59,verify_top_up, verify_top_up,True
2361,it wants me to verify the top up. why?,59,verify_top_up,59,verify_top_up, verify_top_up,True
2362,where can i find the top-up verification code?,59,verify_top_up,-1,top_up_verification_code, top_up_verification_code,False
2363,why do i have to verify the top-up that i started?,59,verify_top_up,59,verify_top_up, verify_top_up,True
2364,can you give me information about verification code?,59,verify_top_up,50,verify_source_of_funds, verify_source_of_funds,False
2365,what are the benefits to verifying the top-up?,59,verify_top_up,59,verify_top_up, verify_top_up,True
2366,how come the verification with the top up,59,verify_top_up,59,verify_top_up, verify_top_up,True
2367,can i verify a top up?,59,verify_top_up,59,verify_top_up, verify_top_up,True
2368,reason i need to verify top up,59,verify_top_up,59,verify_top_up, verify_top_up,True
2369,why do you need code verification for my top up?,59,verify_top_up,59,verify_top_up, verify_top_up,True
2370,where can i find the verification code on a top-up card?,59,verify_top_up,70,top_up_by_card_charge, top_up_by_card_charge,False
2371,how do i get my top-up verification code?,59,verify_top_up,59,verify_top_up, verify_top_up,True
2372,is it possible to verify a top up?,59,verify_top_up,59,verify_top_up, verify_top_up,True
2373,is it normal to have to verify my top-up or is something wrong?,59,verify_top_up,59,verify_top_up, verify_top_up,True
2374,why does the top-up need verification?,59,verify_top_up,59,verify_top_up, verify_top_up,True
2375,why does top-up need verifying?,59,verify_top_up,50,verify_source_of_funds, verify_source_of_funds,False
2376,is it necessary to verify my top up?,59,verify_top_up,59,verify_top_up, verify_top_up,True
2377,why am i to verify the top-ups?,59,verify_top_up,59,verify_top_up, verify_top_up,True
2378,where's the verification code for the top-up card?,59,verify_top_up,66,top_up_failed, top_up_failed,False
2379,how do i find the verification code for my top-up card?,59,verify_top_up,70,top_up_by_card_charge, top_up_by_card_charge,False
2380,why is it important to verify a top-up card?,59,verify_top_up,59,verify_top_up, verify_top_up,True
2381,why do i have to verify the top-up?,59,verify_top_up,59,verify_top_up, verify_top_up,True
2382,what is the verification code on a top-up?,59,verify_top_up,59,verify_top_up, verify_top_up,True
2383,i can't find the top-up verification code.,59,verify_top_up,59,verify_top_up, verify_top_up,True
2384,how do i go forth verifying my top-up card?,59,verify_top_up,59,verify_top_up, verify_top_up,True
2385,where do i find the top-up verification code?,59,verify_top_up,-1,top_up_verification_code, top_up_verification_code,False
2386,how is the top-up card verified?,59,verify_top_up,50,verify_source_of_funds, verify_source_of_funds,False
2387,is there a verification code for the top-up card?,59,verify_top_up,70,top_up_by_card_charge, top_up_by_card_charge,False
2388,what is the importance of verifying the top-up?,59,verify_top_up,59,verify_top_up, verify_top_up,True
2389,help me find the top-up card's verification code?,59,verify_top_up,71,activate_my_card, activate_my_card,False
2390,i don't understand why it says i have to verify the top-up.,59,verify_top_up,59,verify_top_up, verify_top_up,True
2391,can i verify a top-up and what card is used?,59,verify_top_up,59,verify_top_up, verify_top_up,True
2392,where do i go to get the code to verify the top up card?,59,verify_top_up,59,verify_top_up, verify_top_up,True
2393,the top-up verification code is missing,59,verify_top_up,66,top_up_failed, top_up_failed,False
2394,how do i verify a top-up?,59,verify_top_up,59,verify_top_up, verify_top_up,True
2395,i cannot locate the verification code for my top-up card. please help me.,59,verify_top_up,59,verify_top_up, verify_top_up,True
2396,how can i find the top-up verification code?,59,verify_top_up,59,verify_top_up, verify_top_up,True
2397,i need help finding the verification code for my top-up card.,59,verify_top_up,71,activate_my_card, activate_my_card,False
2398,is there a verification code for top-ups?,59,verify_top_up,59,verify_top_up, verify_top_up,True
2399,what is the necessity of verifying the top up?,59,verify_top_up,59,verify_top_up, verify_top_up,True
2400,would it be possible to get another card?,60,getting_spare_card,60,getting_spare_card, getting_spare_card,True
2401,how many cards can i have for one account?,60,getting_spare_card,60,getting_spare_card, getting_spare_card,True
2402,i want to order another crad,60,getting_spare_card,60,getting_spare_card, getting_spare_card,True
2403,how can i get additional cards?,60,getting_spare_card,60,getting_spare_card, getting_spare_card,True
2404,is there a fee for extra cards?,60,getting_spare_card,34,disposable_card_limits, disposable_card_limits,False
2405,i need some spare physical cards.,60,getting_spare_card,60,getting_spare_card, getting_spare_card,True
2406,i would like to receive a few more physical cards.,60,getting_spare_card,60,getting_spare_card, getting_spare_card,True
2407,can i have a card after my first one?,60,getting_spare_card,60,getting_spare_card, getting_spare_card,True
2408,how would i go about getting a second card?,60,getting_spare_card,60,getting_spare_card, getting_spare_card,True
2409,i'd like to have another card,60,getting_spare_card,60,getting_spare_card, getting_spare_card,True
2410,"if i need more cards, are there any fees?",60,getting_spare_card,60,getting_spare_card, getting_spare_card,True
2411,do you offer multiple cards for the same account?,60,getting_spare_card,22,supported_cards_and_currencies, supported_cards_and_currencies,False
2412,can i get a spare card for someone else to use?,60,getting_spare_card,60,getting_spare_card, getting_spare_card,True
2413,i need to get some more physical cards.,60,getting_spare_card,60,getting_spare_card, getting_spare_card,True
2414,"would i be able to get another card for my account, so i could give one to my daughter?",60,getting_spare_card,60,getting_spare_card, getting_spare_card,True
2415,what is the procedure for getting another card?,60,getting_spare_card,60,getting_spare_card, getting_spare_card,True
2416,can i have a second card?,60,getting_spare_card,60,getting_spare_card, getting_spare_card,True
2417,"my daughter would like a card as well, how can we make this happen?",60,getting_spare_card,23,getting_virtual_card, getting_virtual_card,False
2418,can i give a second card to my daughter?,60,getting_spare_card,60,getting_spare_card, getting_spare_card,True
2419,may i have another card?,60,getting_spare_card,60,getting_spare_card, getting_spare_card,True
2420,is there a fee for sending out more than one card?,60,getting_spare_card,62,order_physical_card, order_physical_card,False
2421,can i order extra cards?,60,getting_spare_card,60,getting_spare_card, getting_spare_card,True
2422,where can i get a second card?,60,getting_spare_card,60,getting_spare_card, getting_spare_card,True
2423,i was looking to buy another card today.,60,getting_spare_card,60,getting_spare_card, getting_spare_card,True
2424,i need a few more physical cards.,60,getting_spare_card,60,getting_spare_card, getting_spare_card,True
2425,can i have a second physical card for this account?,60,getting_spare_card,60,getting_spare_card, getting_spare_card,True
2426,can i purchase extra non-virtual cards?,60,getting_spare_card,60,getting_spare_card, getting_spare_card,True
2427,am i allowed to give my daughter one of my cards to use?,60,getting_spare_card,60,getting_spare_card, getting_spare_card,True
2428,may i have a second card?,60,getting_spare_card,60,getting_spare_card, getting_spare_card,True
2429,can i have a card to my daughter?,60,getting_spare_card,60,getting_spare_card, getting_spare_card,True
2430,are there restrictions for ordering extra cards?,60,getting_spare_card,62,order_physical_card, order_physical_card,False
2431,how can i get a second card for my daughter?,60,getting_spare_card,60,getting_spare_card, getting_spare_card,True
2432,where do i request another card?,60,getting_spare_card,62,order_physical_card, order_physical_card,False
2433,am i able to get a second card?,60,getting_spare_card,60,getting_spare_card, getting_spare_card,True
2434,"if you send me more cards, are there any charges?",60,getting_spare_card,60,getting_spare_card, getting_spare_card,True
2435,when trying to get more than one card is there a extra amount that needs to be paid?,60,getting_spare_card,34,disposable_card_limits, disposable_card_limits,False
2436,is it possible to give a second card for this account to my daughter?,60,getting_spare_card,60,getting_spare_card, getting_spare_card,True
2437,my daughter needs a card. can i give her one of mine that's linked to my account?,60,getting_spare_card,1,card_linking, card_linking,False
2438,"my child needs a card, how can i add them to the account i currently have?",60,getting_spare_card,60,getting_spare_card, getting_spare_card,True
2439,"my daughter needs a card, how do i add her?",60,getting_spare_card,1,card_linking, card_linking,False
2440,can i top up by cheque?,61,top_up_by_cash_or_cheque,61,top_up_by_cash_or_cheque, top_up_by_cash_or_cheque,True
2441,how do i top-up using cash?,61,top_up_by_cash_or_cheque,61,top_up_by_cash_or_cheque, top_up_by_cash_or_cheque,True
2442,can i top up with a cheque?,61,top_up_by_cash_or_cheque,61,top_up_by_cash_or_cheque, top_up_by_cash_or_cheque,True
2443,is it possible to top up with cash? if so how do i do it?,61,top_up_by_cash_or_cheque,61,top_up_by_cash_or_cheque, top_up_by_cash_or_cheque,True
2444,can you help me find top up by cash deposit?,61,top_up_by_cash_or_cheque,61,top_up_by_cash_or_cheque, top_up_by_cash_or_cheque,True
2445,is there an option to top up a with cheque?,61,top_up_by_cash_or_cheque,61,top_up_by_cash_or_cheque, top_up_by_cash_or_cheque,True
2446,need to deposit a cheque into my account,61,top_up_by_cash_or_cheque,26,balance_not_updated_after_cheque_or_cash_deposit, balance_not_updated_after_cheque_or_cash_deposit,False
2447,i'm looking for the cash deposit top up option but can't find it. can you help me?,61,top_up_by_cash_or_cheque,61,top_up_by_cash_or_cheque, top_up_by_cash_or_cheque,True
2448,how do i top up my account with a cash payment?,61,top_up_by_cash_or_cheque,61,top_up_by_cash_or_cheque, top_up_by_cash_or_cheque,True
2449,i'd like to use cash to top up. how do i find that option?,61,top_up_by_cash_or_cheque,61,top_up_by_cash_or_cheque, top_up_by_cash_or_cheque,True
2450,where do i locate topping up with cash.,61,top_up_by_cash_or_cheque,61,top_up_by_cash_or_cheque, top_up_by_cash_or_cheque,True
2451,how do i pay by check?,61,top_up_by_cash_or_cheque,61,top_up_by_cash_or_cheque, top_up_by_cash_or_cheque,True
2452,can i add to my account balance with a cheque?,61,top_up_by_cash_or_cheque,26,balance_not_updated_after_cheque_or_cash_deposit, balance_not_updated_after_cheque_or_cash_deposit,False
2453,what type of deposits do you accept into my account?,61,top_up_by_cash_or_cheque,22,supported_cards_and_currencies, supported_cards_and_currencies,False
2454,can i top up using a cheque?,61,top_up_by_cash_or_cheque,61,top_up_by_cash_or_cheque, top_up_by_cash_or_cheque,True
2455,can you top-up a card with a cheque?,61,top_up_by_cash_or_cheque,61,top_up_by_cash_or_cheque, top_up_by_cash_or_cheque,True
2456,"i need to top up cash, how do i do it?",61,top_up_by_cash_or_cheque,61,top_up_by_cash_or_cheque, top_up_by_cash_or_cheque,True
2457,i'm looking for the option to top up by cheque.,61,top_up_by_cash_or_cheque,61,top_up_by_cash_or_cheque, top_up_by_cash_or_cheque,True
2458,what locations can i top up with cash?,61,top_up_by_cash_or_cheque,61,top_up_by_cash_or_cheque, top_up_by_cash_or_cheque,True
2459,"i want to top up using cash, where can i do that?",61,top_up_by_cash_or_cheque,61,top_up_by_cash_or_cheque, top_up_by_cash_or_cheque,True
2460,is there a way to do top up with cash deposit,61,top_up_by_cash_or_cheque,61,top_up_by_cash_or_cheque, top_up_by_cash_or_cheque,True
2461,where are the options to top up with a cheque on my account?,61,top_up_by_cash_or_cheque,22,supported_cards_and_currencies, supported_cards_and_currencies,False
2462,can i use cash to top up my account?,61,top_up_by_cash_or_cheque,61,top_up_by_cash_or_cheque, top_up_by_cash_or_cheque,True
2463,how can i top up with cash?,61,top_up_by_cash_or_cheque,61,top_up_by_cash_or_cheque, top_up_by_cash_or_cheque,True
2464,will you accept a cheque to top up my account?,61,top_up_by_cash_or_cheque,61,top_up_by_cash_or_cheque, top_up_by_cash_or_cheque,True
2465,how can i top up with this cheque i got?,61,top_up_by_cash_or_cheque,61,top_up_by_cash_or_cheque, top_up_by_cash_or_cheque,True
2466,what methods can i use to top up my account?,61,top_up_by_cash_or_cheque,-1,top_up_by_card, top_up_by_card,False
2467,is cash good to top up with?,61,top_up_by_cash_or_cheque,61,top_up_by_cash_or_cheque, top_up_by_cash_or_cheque,True
2468,how come i can't find anywhere to load using cash,61,top_up_by_cash_or_cheque,61,top_up_by_cash_or_cheque, top_up_by_cash_or_cheque,True
2469,what can i pay with? does cash work?,61,top_up_by_cash_or_cheque,24,card_acceptance, card_acceptance,False
2470,how do i deposit cash into my account?,61,top_up_by_cash_or_cheque,67,balance_not_updated_after_bank_transfer, balance_not_updated_after_bank_transfer,False
2471,why can't i top up with a cheque?,61,top_up_by_cash_or_cheque,61,top_up_by_cash_or_cheque, top_up_by_cash_or_cheque,True
2472,can i send a cheque to do my top ups?,61,top_up_by_cash_or_cheque,61,top_up_by_cash_or_cheque, top_up_by_cash_or_cheque,True
2473,can i top up my account with a cheque?,61,top_up_by_cash_or_cheque,61,top_up_by_cash_or_cheque, top_up_by_cash_or_cheque,True
2474,i want to do a cash top-up,61,top_up_by_cash_or_cheque,61,top_up_by_cash_or_cheque, top_up_by_cash_or_cheque,True
2475,"i have a cheque here, can i use it to top off my account?",61,top_up_by_cash_or_cheque,61,top_up_by_cash_or_cheque, top_up_by_cash_or_cheque,True
2476,i want to top-up using cash,61,top_up_by_cash_or_cheque,61,top_up_by_cash_or_cheque, top_up_by_cash_or_cheque,True
2477,how can i top-up my card?,61,top_up_by_cash_or_cheque,-1,top_up_by_card, top_up_by_card,False
2478,can i submit a check or cash payment?,61,top_up_by_cash_or_cheque,67,balance_not_updated_after_bank_transfer, balance_not_updated_after_bank_transfer,False
2479,do you accept checks?,61,top_up_by_cash_or_cheque,22,supported_cards_and_currencies, supported_cards_and_currencies,False
2480,how do i receive my physical card,62,order_physical_card,-1,getting_physical_card, getting_physical_card,False
2481,i want a card. what is the procedure?,62,order_physical_card,23,getting_virtual_card, getting_virtual_card,False
2482,what do you charge for physical cards?,62,order_physical_card,62,order_physical_card, order_physical_card,True
2483,where can i get my card at?,62,order_physical_card,31,get_physical_card, get_physical_card,False
2484,price of physical card,62,order_physical_card,7,card_delivery_estimate, card_delivery_estimate,False
2485,"please, how do i order a card?",62,order_physical_card,23,getting_virtual_card, getting_virtual_card,False
2486,send me a physical card,62,order_physical_card,-1,getting_physical_card, getting_physical_card,False
2487,i want to order a card. where do you deliver to?,62,order_physical_card,23,getting_virtual_card, getting_virtual_card,False
2488,can i request a physical card?,62,order_physical_card,-1,getting_physical_card, getting_physical_card,False
2489,is there a charge for physical cards,62,order_physical_card,62,order_physical_card, order_physical_card,True
2490,do you charge for physical cards,62,order_physical_card,62,order_physical_card, order_physical_card,True
2491,do you ship cards to where i live?,62,order_physical_card,7,card_delivery_estimate, card_delivery_estimate,False
2492,"for physical cards, do you charge?",62,order_physical_card,24,card_acceptance, card_acceptance,False
2493,i need to get an actual card so that i can use it for in person transactions. how would i do this?,62,order_physical_card,60,getting_spare_card, getting_spare_card,False
2494,will i get a real card?,62,order_physical_card,60,getting_spare_card, getting_spare_card,False
2495,where can you deliver cards?,62,order_physical_card,7,card_delivery_estimate, card_delivery_estimate,False
2496,where are cards delivered to?,62,order_physical_card,7,card_delivery_estimate, card_delivery_estimate,False
2497,please tell me how to get a physical card.,62,order_physical_card,-1,getting_physical_card, getting_physical_card,False
2498,what is the charge for a physical card?,62,order_physical_card,62,order_physical_card, order_physical_card,True
2499,is a non-electronic card available as well,62,order_physical_card,60,getting_spare_card, getting_spare_card,False
2500,how much does it cost in fees to use your card?,62,order_physical_card,20,card_payment_fee_charged, card_payment_fee_charged,False
2501,how can i get a physical card,62,order_physical_card,-1,getting_physical_card, getting_physical_card,False
2502,can i get a physical card through this app?,62,order_physical_card,-1,getting_physical_card, getting_physical_card,False
2503,can i have a non virtual card?,62,order_physical_card,60,getting_spare_card, getting_spare_card,False
2504,how do i get a physical card?,62,order_physical_card,-1,getting_physical_card, getting_physical_card,False
2505,what are the fees to get a physical card?,62,order_physical_card,62,order_physical_card, order_physical_card,True
2506,where can my card be delivered?,62,order_physical_card,7,card_delivery_estimate, card_delivery_estimate,False
2507,what will i be charged for a physical card?,62,order_physical_card,62,order_physical_card, order_physical_card,True
2508,where do i order my card?,62,order_physical_card,60,getting_spare_card, getting_spare_card,False
2509,what locations can a card be delivered to?,62,order_physical_card,7,card_delivery_estimate, card_delivery_estimate,False
2510,where can i receive my card?,62,order_physical_card,0,card_arrival, card_arrival,False
2511,where do you deliver cards by mail?,62,order_physical_card,7,card_delivery_estimate, card_delivery_estimate,False
2512,how can i get a real-life card of my own?,62,order_physical_card,-1,getting_physical_card, getting_physical_card,False
2513,where will i find my card?,62,order_physical_card,0,card_arrival, card_arrival,False
2514,"if i want a physical card, do i have to pay anything?",62,order_physical_card,62,order_physical_card, order_physical_card,True
2515,where can cards be delivered?,62,order_physical_card,7,card_delivery_estimate, card_delivery_estimate,False
2516,i need a physical card.,62,order_physical_card,-1,getting_physical_card, getting_physical_card,False
2517,what are the fees for a physical card?,62,order_physical_card,24,card_acceptance, card_acceptance,False
2518,how do i get an actual card?,62,order_physical_card,60,getting_spare_card, getting_spare_card,False
2519,can i get a real card?,62,order_physical_card,-1,getting_physical_card, getting_physical_card,False
2520,why is my disposable virtual card being denied?,63,virtual_card_not_working,35,compromised_card, compromised_card,False
2521,my disposable virtual card doesn't seem to work,63,virtual_card_not_working,63,virtual_card_not_working, virtual_card_not_working,True
2522,my disposable virtual card is broken.,63,virtual_card_not_working,63,virtual_card_not_working, virtual_card_not_working,True
2523,my non-physical card will not work,63,virtual_card_not_working,9,card_not_working, card_not_working,False
2524,why did the disposable virtual card which i used to pay a gym subscription get denied?,63,virtual_card_not_working,27,card_payment_not_recognised, card_payment_not_recognised,False
2525,why is my virtual card is being declined?,63,virtual_card_not_working,35,compromised_card, compromised_card,False
2526,are there restrictions for my disposable card since it does not seem to be working?,63,virtual_card_not_working,34,disposable_card_limits, disposable_card_limits,False
2527,i cannot get my virtual card to work.,63,virtual_card_not_working,63,virtual_card_not_working, virtual_card_not_working,True
2528,i was at the store earlier and my virtual card didn't work. what's the solution for this problem?,63,virtual_card_not_working,63,virtual_card_not_working, virtual_card_not_working,True
2529,my disposable virtual card will not work,63,virtual_card_not_working,63,virtual_card_not_working, virtual_card_not_working,True
2530,i cannot use my disposable virtual card.,63,virtual_card_not_working,63,virtual_card_not_working, virtual_card_not_working,True
2531,can i make multiple online transactions with my virtual card?,63,virtual_card_not_working,23,getting_virtual_card, getting_virtual_card,False
2532,why was my virtual card declined when attempting to setup automatic billing?,63,virtual_card_not_working,20,card_payment_fee_charged, card_payment_fee_charged,False
2533,why doesn't my disposable virtual card work?,63,virtual_card_not_working,63,virtual_card_not_working, virtual_card_not_working,True
2534,why can't i use my virtual card for subscription services?,63,virtual_card_not_working,63,virtual_card_not_working, virtual_card_not_working,True
2535,why isn't my virtual card working?,63,virtual_card_not_working,63,virtual_card_not_working, virtual_card_not_working,True
2536,i cannot make transactions with my virtual card.,63,virtual_card_not_working,63,virtual_card_not_working, virtual_card_not_working,True
2537,"for some reason, the virtual card won't work for me.",63,virtual_card_not_working,63,virtual_card_not_working, virtual_card_not_working,True
2538,my disposable virtual card has been rejected by the merchant earlier today. what should i do?,63,virtual_card_not_working,63,virtual_card_not_working, virtual_card_not_working,True
2539,how can i fix a problem where my virtual card is rejected?,63,virtual_card_not_working,63,virtual_card_not_working, virtual_card_not_working,True
2540,my virtual card isn't working. what do i do?,63,virtual_card_not_working,63,virtual_card_not_working, virtual_card_not_working,True
2541,what do i do if my virtual card won't work.,63,virtual_card_not_working,23,getting_virtual_card, getting_virtual_card,False
2542,is there a trick to get the disposable virtual card to work?,63,virtual_card_not_working,60,getting_spare_card, getting_spare_card,False
2543,why can't i get my virtual card to work?,63,virtual_card_not_working,63,virtual_card_not_working, virtual_card_not_working,True
2544,my card is just not working at this time.,63,virtual_card_not_working,9,card_not_working, card_not_working,False
2545,my disposable card seems not to be working am i doing something wrong?,63,virtual_card_not_working,9,card_not_working, card_not_working,False
2546,my payments from my virtual card keep getting rejected.,63,virtual_card_not_working,27,card_payment_not_recognised, card_payment_not_recognised,False
2547,my disposable virtual card is not working when i try to use it at a point of sale transaction. what do i do now?,63,virtual_card_not_working,63,virtual_card_not_working, virtual_card_not_working,True
2548,my transaction was just declined when i was using my disposable virtual card. what can i do?,63,virtual_card_not_working,45,declined_card_payment, declined_card_payment,False
2549,my disposable virtual card is not working,63,virtual_card_not_working,63,virtual_card_not_working, virtual_card_not_working,True
2550,how do i get my disposable virtual card to work?,63,virtual_card_not_working,60,getting_spare_card, getting_spare_card,False
2551,how come my disposable virtual card used to pay for a gym subscription got rejected?,63,virtual_card_not_working,63,virtual_card_not_working, virtual_card_not_working,True
2552,payments from my disposable virtual card don't work,63,virtual_card_not_working,63,virtual_card_not_working, virtual_card_not_working,True
2553,"my disposable virtual card was rejected by the merchant, please help?",63,virtual_card_not_working,63,virtual_card_not_working, virtual_card_not_working,True
2554,my virtual card won't work.,63,virtual_card_not_working,63,virtual_card_not_working, virtual_card_not_working,True
2555,tell me why my virtual disposable card won't work.,63,virtual_card_not_working,60,getting_spare_card, getting_spare_card,False
2556,i need help getting the virtual card to work.,63,virtual_card_not_working,23,getting_virtual_card, getting_virtual_card,False
2557,i was trying to use my virtual card at a merchant and it was rejected. how can i fix this?,63,virtual_card_not_working,63,virtual_card_not_working, virtual_card_not_working,True
2558,how do i make my virtual card work?,63,virtual_card_not_working,23,getting_virtual_card, getting_virtual_card,False
2559,virtual card is not working for me,63,virtual_card_not_working,63,virtual_card_not_working, virtual_card_not_working,True
2560,i did not get the right amount of money when i used a different country's currency.,64,wrong_exchange_rate_for_cash_withdrawal,2,exchange_rate, exchange_rate,False
2561,i took out money from a transaction machine and it exchanged the wrong dollar value amount from another currency!,64,wrong_exchange_rate_for_cash_withdrawal,64,wrong_exchange_rate_for_cash_withdrawal, wrong_exchange_rate_for_cash_withdrawal,True
2562,i made a withdraw from the atm this past holiday and it seems like a was charged too much. if i would have known about these charges i wouldn't have made a withdraw.,64,wrong_exchange_rate_for_cash_withdrawal,72,cash_withdrawal_charge, cash_withdrawal_charge,False
2563,can you look to make sure the exchange rate is correct,64,wrong_exchange_rate_for_cash_withdrawal,2,exchange_rate, exchange_rate,False
2564,exchange rate for my cash withdrawal is wrong,64,wrong_exchange_rate_for_cash_withdrawal,2,exchange_rate, exchange_rate,False
2565,hello. i'm on holiday and didn't bring any cash with me. i need to withdrawal my home currency from one of your machines. do you have any that will do this and is there a charge?,64,wrong_exchange_rate_for_cash_withdrawal,72,cash_withdrawal_charge, cash_withdrawal_charge,False
2566,why was the exchange rate wrong when i got cash,64,wrong_exchange_rate_for_cash_withdrawal,2,exchange_rate, exchange_rate,False
2567,i attempted to get money using a foreign currency at an atm but the rate was highly inaccurate!,64,wrong_exchange_rate_for_cash_withdrawal,2,exchange_rate, exchange_rate,False
2568,why is the exchange rate wrong for my international withdrawal?,64,wrong_exchange_rate_for_cash_withdrawal,2,exchange_rate, exchange_rate,False
2569,a wrong exchange rate was applied to a transaction made abroad.,64,wrong_exchange_rate_for_cash_withdrawal,2,exchange_rate, exchange_rate,False
2570,the exchange rate you gave me for my cash withdrawal is wrong,64,wrong_exchange_rate_for_cash_withdrawal,2,exchange_rate, exchange_rate,False
2571,is there a fee for exchanging cash?,64,wrong_exchange_rate_for_cash_withdrawal,2,exchange_rate, exchange_rate,False
2572,why is the exchange rate so exorbitant? this should have been a much higher amount of cash for that to apply.,64,wrong_exchange_rate_for_cash_withdrawal,2,exchange_rate, exchange_rate,False
2573,why was the exchange rate different when i withdrew my cash?,64,wrong_exchange_rate_for_cash_withdrawal,2,exchange_rate, exchange_rate,False
2574,"when i got cash, my exchange rate was wrong.",64,wrong_exchange_rate_for_cash_withdrawal,64,wrong_exchange_rate_for_cash_withdrawal, wrong_exchange_rate_for_cash_withdrawal,True
2575,will there be additional costs of i make a withdrawal from a local atm of british pounds? i need some cash to feel comfortable on the journey home,64,wrong_exchange_rate_for_cash_withdrawal,72,cash_withdrawal_charge, cash_withdrawal_charge,False
2576,it seems i was overcharged when i used an atm while on vacation. if i knew about your fees in advance i sure would have gone somewhere else.,64,wrong_exchange_rate_for_cash_withdrawal,20,card_payment_fee_charged, card_payment_fee_charged,False
2577,i checked the exchange rate when i withdrew cash. but the actual rate that you applied was different.,64,wrong_exchange_rate_for_cash_withdrawal,2,exchange_rate, exchange_rate,False
2578,"in receiving cash, the wrong exchange rate was used for my transaction.",64,wrong_exchange_rate_for_cash_withdrawal,64,wrong_exchange_rate_for_cash_withdrawal, wrong_exchange_rate_for_cash_withdrawal,True
2579,can i make a withdraw if i am out of country from with out any fees at an atm?,64,wrong_exchange_rate_for_cash_withdrawal,72,cash_withdrawal_charge, cash_withdrawal_charge,False
2580,i took out a foreign currency and the exchange rate is wrong.,64,wrong_exchange_rate_for_cash_withdrawal,2,exchange_rate, exchange_rate,False
2581,i feel like too much money was taken during my currency exchange.,64,wrong_exchange_rate_for_cash_withdrawal,2,exchange_rate, exchange_rate,False
2582,there was an error in exchange rate for my cash withdrawal,64,wrong_exchange_rate_for_cash_withdrawal,2,exchange_rate, exchange_rate,False
2583,"i need the right foreign money, at the right rate, at atms, when i go abroad.",64,wrong_exchange_rate_for_cash_withdrawal,2,exchange_rate, exchange_rate,False
2584,the conversion rate on the atm that i used with foreign currency was wrong.,64,wrong_exchange_rate_for_cash_withdrawal,2,exchange_rate, exchange_rate,False
2585,why is the exchange rate for a foreign atm different,64,wrong_exchange_rate_for_cash_withdrawal,2,exchange_rate, exchange_rate,False
2586,my cash withdrawal charged me the wrong exchange rate,64,wrong_exchange_rate_for_cash_withdrawal,64,wrong_exchange_rate_for_cash_withdrawal, wrong_exchange_rate_for_cash_withdrawal,True
2587,i withdrew some cash out of the atm over the holiday. it seems that i was charged some outrageous fees. i would not have done that had i been aware of these outrageous charges!,64,wrong_exchange_rate_for_cash_withdrawal,72,cash_withdrawal_charge, cash_withdrawal_charge,False
2588,the exchange rate for my withdrawal isn't correct and doesn't match the actual exchange rate.,64,wrong_exchange_rate_for_cash_withdrawal,2,exchange_rate, exchange_rate,False
2589,can you explain your exchange rate policy? i don't think i received the correct amount of cash in my atm transaction.,64,wrong_exchange_rate_for_cash_withdrawal,2,exchange_rate, exchange_rate,False
2590,my ecchange rate was wrong for a cash transaction.,64,wrong_exchange_rate_for_cash_withdrawal,2,exchange_rate, exchange_rate,False
2591,i expected a higher exchange rate when i withdrew money. can you tell me current exchange rates?,64,wrong_exchange_rate_for_cash_withdrawal,2,exchange_rate, exchange_rate,False
2592,the see the rate applied to my transaction was wrong at the atm.,64,wrong_exchange_rate_for_cash_withdrawal,2,exchange_rate, exchange_rate,False
2593,the rate of exchange isn't right for my cash withdrawal.,64,wrong_exchange_rate_for_cash_withdrawal,2,exchange_rate, exchange_rate,False
2594,i took out cash abroad and the exchange rate isn't correct.,64,wrong_exchange_rate_for_cash_withdrawal,2,exchange_rate, exchange_rate,False
2595,i used an atm in a foreign currency but the rate applied is wrong!,64,wrong_exchange_rate_for_cash_withdrawal,2,exchange_rate, exchange_rate,False
2596,how do you determine your exchange rates because one of yours was off when i got cash,64,wrong_exchange_rate_for_cash_withdrawal,2,exchange_rate, exchange_rate,False
2597,i used the atm machine to get money out for holiday shopping and saw the outrageous charges. why is that? i would not have used the atm if i had known!,64,wrong_exchange_rate_for_cash_withdrawal,72,cash_withdrawal_charge, cash_withdrawal_charge,False
2598,the cash withdrawal exchange rate is not correct.,64,wrong_exchange_rate_for_cash_withdrawal,2,exchange_rate, exchange_rate,False
2599,"is there a local atm that will provide british pounds, i have no money for my homeward journey and do not feel comfortable waiting until i arrive in britain. will a withdrawal involve extra charges?",64,wrong_exchange_rate_for_cash_withdrawal,72,cash_withdrawal_charge, cash_withdrawal_charge,False
2600,can i get a description of how to use a disposable virtual card,65,get_disposable_virtual_card,60,getting_spare_card, getting_spare_card,False
2601,can i create a disposable virtual card?,65,get_disposable_virtual_card,60,getting_spare_card, getting_spare_card,False
2602,what can you tell me about getting a virtual disposable card?,65,get_disposable_virtual_card,60,getting_spare_card, getting_spare_card,False
2603,i would like to order a disposable virtual card. how can i do this?,65,get_disposable_virtual_card,60,getting_spare_card, getting_spare_card,False
2604,how do vr cards work,65,get_disposable_virtual_card,23,getting_virtual_card, getting_virtual_card,False
2605,what is a disposable virtual card?,65,get_disposable_virtual_card,60,getting_spare_card, getting_spare_card,False
2606,i would like a temporary virtual card,65,get_disposable_virtual_card,60,getting_spare_card, getting_spare_card,False
2607,how do the disposable cards work?,65,get_disposable_virtual_card,60,getting_spare_card, getting_spare_card,False
2608,how do i use a disposable virtual card?,65,get_disposable_virtual_card,60,getting_spare_card, getting_spare_card,False
2609,where's the best place to get a disposable virtual card?,65,get_disposable_virtual_card,60,getting_spare_card, getting_spare_card,False
2610,can you explain the disposable cards to me?,65,get_disposable_virtual_card,60,getting_spare_card, getting_spare_card,False
2611,"is there anyway, i can get a disposable virtual card?",65,get_disposable_virtual_card,60,getting_spare_card, getting_spare_card,False
2612,i just purchased a disposable virtual card. am i able to use it for online purchases immediately?,65,get_disposable_virtual_card,60,getting_spare_card, getting_spare_card,False
2613,how secure is a disposable virtual card,65,get_disposable_virtual_card,34,disposable_card_limits, disposable_card_limits,False
2614,what do i do to get a disposable virtual card?,65,get_disposable_virtual_card,60,getting_spare_card, getting_spare_card,False
2615,i want to get a disposable virtual card.,65,get_disposable_virtual_card,60,getting_spare_card, getting_spare_card,False
2616,can you explain disposable cards?,65,get_disposable_virtual_card,60,getting_spare_card, getting_spare_card,False
2617,how do i get a virtual card for one time use,65,get_disposable_virtual_card,60,getting_spare_card, getting_spare_card,False
2618,may i get a disposable virtual card as well?,65,get_disposable_virtual_card,60,getting_spare_card, getting_spare_card,False
2619,can i get a single use virtual card,65,get_disposable_virtual_card,60,getting_spare_card, getting_spare_card,False
2620,i would like to create a disposable virtual card. how do i go about doing that?,65,get_disposable_virtual_card,60,getting_spare_card, getting_spare_card,False
2621,"i have a disposable virtual card here, so would you tell me what to do with it?",65,get_disposable_virtual_card,60,getting_spare_card, getting_spare_card,False
2622,how does a virtual card work,65,get_disposable_virtual_card,23,getting_virtual_card, getting_virtual_card,False
2623,what is the process of obtaining a disposable virtual card,65,get_disposable_virtual_card,60,getting_spare_card, getting_spare_card,False
2624,what does a disposable virtual card do?,65,get_disposable_virtual_card,60,getting_spare_card, getting_spare_card,False
2625,when can i order a disposable virtual card?,65,get_disposable_virtual_card,60,getting_spare_card, getting_spare_card,False
2626,is it possible to also get a disposable virtual card?,65,get_disposable_virtual_card,60,getting_spare_card, getting_spare_card,False
2627,how do i obtain a disposable virtual card?,65,get_disposable_virtual_card,60,getting_spare_card, getting_spare_card,False
2628,how would you use a disposable card?,65,get_disposable_virtual_card,60,getting_spare_card, getting_spare_card,False
2629,"i need a disposable virtual card, how do i get one?",65,get_disposable_virtual_card,60,getting_spare_card, getting_spare_card,False
2630,how do disposable cards work?,65,get_disposable_virtual_card,60,getting_spare_card, getting_spare_card,False
2631,is there a disposable virtual card i can order?,65,get_disposable_virtual_card,60,getting_spare_card, getting_spare_card,False
2632,where can i get a disposable virtual card?,65,get_disposable_virtual_card,60,getting_spare_card, getting_spare_card,False
2633,will i be able to get a disposable virtual card as well?,65,get_disposable_virtual_card,60,getting_spare_card, getting_spare_card,False
2634,hello! i need to order a disposable virtual card. where can i do that at?,65,get_disposable_virtual_card,60,getting_spare_card, getting_spare_card,False
2635,where do i request a disposable virtual card?,65,get_disposable_virtual_card,60,getting_spare_card, getting_spare_card,False
2636,can i get a throw away card,65,get_disposable_virtual_card,60,getting_spare_card, getting_spare_card,False
2637,how many transactions can i make with a disposable card,65,get_disposable_virtual_card,34,disposable_card_limits, disposable_card_limits,False
2638,what are disposable cards?,65,get_disposable_virtual_card,34,disposable_card_limits, disposable_card_limits,False
2639,what's the process for getting a disposable virtual card?,65,get_disposable_virtual_card,60,getting_spare_card, getting_spare_card,False
2640,the app denied my topped up.,66,top_up_failed,66,top_up_failed, top_up_failed,True
2641,"heyy i tried to top up with my card today but it failed! i just got the couple days before but it has worked last time. what's going on, can you double check please?",66,top_up_failed,66,top_up_failed, top_up_failed,True
2642,i have a top up that didn't go through. why?,66,top_up_failed,66,top_up_failed, top_up_failed,True
2643,"so, i tried topping up my card for the today. unfortunately, it failed. a couple of days back i used it and it works fine. can you double check and tell me what's going on?",66,top_up_failed,66,top_up_failed, top_up_failed,True
2644,why did the app deny my top up?,66,top_up_failed,66,top_up_failed, top_up_failed,True
2645,please tell me why my top-up failed.,66,top_up_failed,66,top_up_failed, top_up_failed,True
2646,my top-up isn't working.,66,top_up_failed,66,top_up_failed, top_up_failed,True
2647,i attempted to top up but the app denied it.,66,top_up_failed,66,top_up_failed, top_up_failed,True
2648,what reason did my top-up fail for?,66,top_up_failed,66,top_up_failed, top_up_failed,True
2649,why didn`t my topup go through?,66,top_up_failed,66,top_up_failed, top_up_failed,True
2650,how can i check to see if my top-up worked?,66,top_up_failed,59,verify_top_up, verify_top_up,False
2651,my top up didn't work.,66,top_up_failed,66,top_up_failed, top_up_failed,True
2652,my top up failed.,66,top_up_failed,66,top_up_failed, top_up_failed,True
2653,why would my topup not go through?,66,top_up_failed,66,top_up_failed, top_up_failed,True
2654,why caused my top up to not work?,66,top_up_failed,66,top_up_failed, top_up_failed,True
2655,why did my top up not work?,66,top_up_failed,66,top_up_failed, top_up_failed,True
2656,why was my top-up unsuccessful?,66,top_up_failed,66,top_up_failed, top_up_failed,True
2657,my funding to my card didn't go through.,66,top_up_failed,21,transfer_not_received_by_recipient, transfer_not_received_by_recipient,False
2658,i need to know why my credit card was declined for top up? what is the deal here and why did it not go through?,66,top_up_failed,45,declined_card_payment, declined_card_payment,False
2659,i topped up but the app did not accept it.,66,top_up_failed,66,top_up_failed, top_up_failed,True
2660,the app denied my top-up,66,top_up_failed,66,top_up_failed, top_up_failed,True
2661,i think my top up did not work,66,top_up_failed,66,top_up_failed, top_up_failed,True
2662,my top up was denied in the app.,66,top_up_failed,66,top_up_failed, top_up_failed,True
2663,can you tell me if my pop-up went through?,66,top_up_failed,66,top_up_failed, top_up_failed,True
2664,can you check why i wasn't able to top up?,66,top_up_failed,66,top_up_failed, top_up_failed,True
2665,how did my top-up fail?,66,top_up_failed,66,top_up_failed, top_up_failed,True
2666,"my top-up failed, why?",66,top_up_failed,66,top_up_failed, top_up_failed,True
2667,i tried to top up. why was it denied?,66,top_up_failed,66,top_up_failed, top_up_failed,True
2668,what's the deal? my card was just denied for top up. why is it not going through?,66,top_up_failed,43,declined_transfer, declined_transfer,False
2669,i don't think my top up is working correctly,66,top_up_failed,66,top_up_failed, top_up_failed,True
2670,the app won't let me top up my account,66,top_up_failed,66,top_up_failed, top_up_failed,True
2671,i'm not sure why my top up request was denied,66,top_up_failed,66,top_up_failed, top_up_failed,True
2672,why can't i top up?,66,top_up_failed,66,top_up_failed, top_up_failed,True
2673,my top-up has failed.,66,top_up_failed,66,top_up_failed, top_up_failed,True
2674,problems with top up,66,top_up_failed,66,top_up_failed, top_up_failed,True
2675,"i really need money from my card today, but my card is getting declined. please help!!",66,top_up_failed,45,declined_card_payment, declined_card_payment,False
2676,how do i know if my top up was unsuccessful?,66,top_up_failed,66,top_up_failed, top_up_failed,True
2677,i'm pretty sure my top up failed. how do i fix this?,66,top_up_failed,66,top_up_failed, top_up_failed,True
2678,why isnt top up working,66,top_up_failed,66,top_up_failed, top_up_failed,True
2679,can you tell me why my top up didn't work?,66,top_up_failed,66,top_up_failed, top_up_failed,True
2680,i made a transfer a few hours ago from a uk banking account. i do not yet see the transfer. please check on this for me.,67,balance_not_updated_after_bank_transfer,21,transfer_not_received_by_recipient, transfer_not_received_by_recipient,False
2681,the balance on my account didnt change when i transferred money,67,balance_not_updated_after_bank_transfer,21,transfer_not_received_by_recipient, transfer_not_received_by_recipient,False
2682,how long will it take for my transferred money to show up?,67,balance_not_updated_after_bank_transfer,51,transfer_timing, transfer_timing,False
2683,why didn't my balance change after i transferred some money?,67,balance_not_updated_after_bank_transfer,21,transfer_not_received_by_recipient, transfer_not_received_by_recipient,False
2684,when will my balance update after a transfer?,67,balance_not_updated_after_bank_transfer,67,balance_not_updated_after_bank_transfer, balance_not_updated_after_bank_transfer,True
2685,how long does it take for an international transfer into my account?,67,balance_not_updated_after_bank_transfer,51,transfer_timing, transfer_timing,False
2686,the amount of time that transfers usually take from a uk account is what?i just completed a transfer and it is not showing up at all. i'm wondering at this point if everything is actually okay.,67,balance_not_updated_after_bank_transfer,21,transfer_not_received_by_recipient, transfer_not_received_by_recipient,False
2687,when will my transfer be available in my account.,67,balance_not_updated_after_bank_transfer,51,transfer_timing, transfer_timing,False
2688,i didn't get the money i transferred,67,balance_not_updated_after_bank_transfer,21,transfer_not_received_by_recipient, transfer_not_received_by_recipient,False
2689,i just completed a bank transfer and the balance didn't update,67,balance_not_updated_after_bank_transfer,66,top_up_failed, top_up_failed,False
2690,i transferred some money but i think it has gotten lost somewhere.,67,balance_not_updated_after_bank_transfer,21,transfer_not_received_by_recipient, transfer_not_received_by_recipient,False
2691,how long does a uk transfer take?,67,balance_not_updated_after_bank_transfer,51,transfer_timing, transfer_timing,False
2692,hello i made a bank transfer couple hours ago from my uk account but it doesn't show up yet. can you please check if everything is alright with it?,67,balance_not_updated_after_bank_transfer,21,transfer_not_received_by_recipient, transfer_not_received_by_recipient,False
2693,i made a transfer and am still waiting.,67,balance_not_updated_after_bank_transfer,21,transfer_not_received_by_recipient, transfer_not_received_by_recipient,False
2694,i made an out of country transfer and it hasn't went through yet.,67,balance_not_updated_after_bank_transfer,21,transfer_not_received_by_recipient, transfer_not_received_by_recipient,False
2695,"after the transfer, the balance did not update.",67,balance_not_updated_after_bank_transfer,21,transfer_not_received_by_recipient, transfer_not_received_by_recipient,False
2696,"could you please check one of my transfer which i made few hours ago from my uk bank account, as its not showing yet.",67,balance_not_updated_after_bank_transfer,21,transfer_not_received_by_recipient, transfer_not_received_by_recipient,False
2697,i had cash transferred but the balance did not change.,67,balance_not_updated_after_bank_transfer,21,transfer_not_received_by_recipient, transfer_not_received_by_recipient,False
2698,i can't see my latest bank transfer,67,balance_not_updated_after_bank_transfer,66,top_up_failed, top_up_failed,False
2699,my bank transfer is still not showing up in my account.,67,balance_not_updated_after_bank_transfer,21,transfer_not_received_by_recipient, transfer_not_received_by_recipient,False
2700,i made a transfer and it doesnt' show up in my account.,67,balance_not_updated_after_bank_transfer,21,transfer_not_received_by_recipient, transfer_not_received_by_recipient,False
2701,i transferred some money but it is yet to arrive.,67,balance_not_updated_after_bank_transfer,21,transfer_not_received_by_recipient, transfer_not_received_by_recipient,False
2702,why is my balance the same? i processed a transfer.,67,balance_not_updated_after_bank_transfer,21,transfer_not_received_by_recipient, transfer_not_received_by_recipient,False
2703,why don't i have my transfer?,67,balance_not_updated_after_bank_transfer,21,transfer_not_received_by_recipient, transfer_not_received_by_recipient,False
2704,why isn't the transfer on my account showing up?,67,balance_not_updated_after_bank_transfer,21,transfer_not_received_by_recipient, transfer_not_received_by_recipient,False
2705,the money i transferred does not show in the balance.,67,balance_not_updated_after_bank_transfer,21,transfer_not_received_by_recipient, transfer_not_received_by_recipient,False
2706,i have completed a transfer but it is not showing up.,67,balance_not_updated_after_bank_transfer,21,transfer_not_received_by_recipient, transfer_not_received_by_recipient,False
2707,i did a transfer to my account but it doesn't show up,67,balance_not_updated_after_bank_transfer,21,transfer_not_received_by_recipient, transfer_not_received_by_recipient,False
2708,how long until my transfer will be available to me,67,balance_not_updated_after_bank_transfer,51,transfer_timing, transfer_timing,False
2709,why doesn't it show that i did a balance transfer?,67,balance_not_updated_after_bank_transfer,67,balance_not_updated_after_bank_transfer, balance_not_updated_after_bank_transfer,True
2710,"i made a bank transfer a couple of hours ago from my uk account. it hasn't appeared, can you check to make sure it went through?",67,balance_not_updated_after_bank_transfer,21,transfer_not_received_by_recipient, transfer_not_received_by_recipient,False
2711,my transfer is pending.,67,balance_not_updated_after_bank_transfer,46,pending_transfer, pending_transfer,False
2712,"hey, i try to make a bank transfer from my uk account a few hours ago, but it haven't show up yet. please check my account to make sure everything alright with it?",67,balance_not_updated_after_bank_transfer,21,transfer_not_received_by_recipient, transfer_not_received_by_recipient,False
2713,where is my transfer from [country]?,67,balance_not_updated_after_bank_transfer,21,transfer_not_received_by_recipient, transfer_not_received_by_recipient,False
2714,i made a bank transfer and my account balance did not show it.,67,balance_not_updated_after_bank_transfer,66,top_up_failed, top_up_failed,False
2715,where is my money? i transfered it and it isn't in my account.,67,balance_not_updated_after_bank_transfer,21,transfer_not_received_by_recipient, transfer_not_received_by_recipient,False
2716,i need to know the time frame that is typical for a transfer from a uk account. i just made a transfer and it doesn't appear. i want to make sure everything is okay.,67,balance_not_updated_after_bank_transfer,21,transfer_not_received_by_recipient, transfer_not_received_by_recipient,False
2717,why doesn't my balance reflect my transfer,67,balance_not_updated_after_bank_transfer,67,balance_not_updated_after_bank_transfer, balance_not_updated_after_bank_transfer,True
2718,my account balance has not gone up even though i just transferred money into it,67,balance_not_updated_after_bank_transfer,67,balance_not_updated_after_bank_transfer, balance_not_updated_after_bank_transfer,True
2719,when will i see my new balance after making my bank transfer?,67,balance_not_updated_after_bank_transfer,66,top_up_failed, top_up_failed,False
2720,think someone has took money out with my card. what shall i do?,68,cash_withdrawal_not_recognised,11,lost_or_stolen_card, lost_or_stolen_card,False
2721,there is a withdrawal that isn't mind in the app.,68,cash_withdrawal_not_recognised,68,cash_withdrawal_not_recognised, cash_withdrawal_not_recognised,True
2722,i just lost my wallet and i see that they are already withdrawing money from my account. how can i stop this?,68,cash_withdrawal_not_recognised,11,lost_or_stolen_card, lost_or_stolen_card,False
2723,"i didn't get cash from an atm, but the app says i did",68,cash_withdrawal_not_recognised,68,cash_withdrawal_not_recognised, cash_withdrawal_not_recognised,True
2724,my app shows some cash i didn't get.,68,cash_withdrawal_not_recognised,68,cash_withdrawal_not_recognised, cash_withdrawal_not_recognised,True
2725,why is there a random withdrawal in my app?,68,cash_withdrawal_not_recognised,68,cash_withdrawal_not_recognised, cash_withdrawal_not_recognised,True
2726,there is a suspicious cash withdraw on the account.,68,cash_withdrawal_not_recognised,68,cash_withdrawal_not_recognised, cash_withdrawal_not_recognised,True
2727,"i didn't get cash from an atm, but according to the app a transaction was made when i didn't make it.",68,cash_withdrawal_not_recognised,68,cash_withdrawal_not_recognised, cash_withdrawal_not_recognised,True
2728,the app said i withdrew cash at an atm and i didn't,68,cash_withdrawal_not_recognised,68,cash_withdrawal_not_recognised, cash_withdrawal_not_recognised,True
2729,my app says that i received cash from an atm and i didn't.,68,cash_withdrawal_not_recognised,68,cash_withdrawal_not_recognised, cash_withdrawal_not_recognised,True
2730,"how do i freeze my bank card, as there has been a strange withdrawal?",68,cash_withdrawal_not_recognised,9,card_not_working, card_not_working,False
2731,i see a cash withdrawal that i did not perform.,68,cash_withdrawal_not_recognised,68,cash_withdrawal_not_recognised, cash_withdrawal_not_recognised,True
2732,i checked the app and saw an extra cash withdrawal that i didn't authorize,68,cash_withdrawal_not_recognised,68,cash_withdrawal_not_recognised, cash_withdrawal_not_recognised,True
2733,i have a strange cash withdrawal in my statement,68,cash_withdrawal_not_recognised,68,cash_withdrawal_not_recognised, cash_withdrawal_not_recognised,True
2734,there's a cash withdraw on my statement that i didn't make.,68,cash_withdrawal_not_recognised,68,cash_withdrawal_not_recognised, cash_withdrawal_not_recognised,True
2735,i think someone is using my card to withdraw money. someone stole my wallet. what can i do? it is urgent.,68,cash_withdrawal_not_recognised,11,lost_or_stolen_card, lost_or_stolen_card,False
2736,i am seeing in the app a some cash withdrawal that its not mine,68,cash_withdrawal_not_recognised,68,cash_withdrawal_not_recognised, cash_withdrawal_not_recognised,True
2737,my account has a weird withdrawal.,68,cash_withdrawal_not_recognised,68,cash_withdrawal_not_recognised, cash_withdrawal_not_recognised,True
2738,i'm unsure of a withdrawl in my statement.,68,cash_withdrawal_not_recognised,68,cash_withdrawal_not_recognised, cash_withdrawal_not_recognised,True
2739,"it looks like someone else withdrew cash from my account, can you help?",68,cash_withdrawal_not_recognised,35,compromised_card, compromised_card,False
2740,i think i see a withdraw i did not make.,68,cash_withdrawal_not_recognised,68,cash_withdrawal_not_recognised, cash_withdrawal_not_recognised,True
2741,some cash is showing up in my app that i did not get.,68,cash_withdrawal_not_recognised,68,cash_withdrawal_not_recognised, cash_withdrawal_not_recognised,True
2742,there is an unauthorized cash withdrawal from my account for 500£. i definitely didn't make this withdrawal. i need your help.,68,cash_withdrawal_not_recognised,-1,unauthorized_transaction, unauthorized_transaction,False
2743,the app is showing an atm withdrawl that i didn't make.,68,cash_withdrawal_not_recognised,68,cash_withdrawal_not_recognised, cash_withdrawal_not_recognised,True
2744,there is a odd withdrawal on my account.,68,cash_withdrawal_not_recognised,68,cash_withdrawal_not_recognised, cash_withdrawal_not_recognised,True
2745,i need to cancel my card that got stolen a little while ago. someone has already taken some money out and i don't want them to take anymore. can you please do that?,68,cash_withdrawal_not_recognised,11,lost_or_stolen_card, lost_or_stolen_card,False
2746,how do i cancel my card? there are charges on my account that i didn't make.,68,cash_withdrawal_not_recognised,20,card_payment_fee_charged, card_payment_fee_charged,False
2747,"there is an error, the app says i made an atm withdrawal and i didn't.",68,cash_withdrawal_not_recognised,68,cash_withdrawal_not_recognised, cash_withdrawal_not_recognised,True
2748,"can anyone help me, i lost my wallet and they've started withdrawing from my account.",68,cash_withdrawal_not_recognised,11,lost_or_stolen_card, lost_or_stolen_card,False
2749,what do i do if i notice a strange withdrawl in my statement?,68,cash_withdrawal_not_recognised,27,card_payment_not_recognised, card_payment_not_recognised,False
2750,i don't recognise a cash withdrawal,68,cash_withdrawal_not_recognised,68,cash_withdrawal_not_recognised, cash_withdrawal_not_recognised,True
2751,help! my wallet was stolen and someone is taking money out. i need this money! what can i do?,68,cash_withdrawal_not_recognised,11,lost_or_stolen_card, lost_or_stolen_card,False
2752,there is a cash withdrawal transaction that i am unsure of.,68,cash_withdrawal_not_recognised,68,cash_withdrawal_not_recognised, cash_withdrawal_not_recognised,True
2753,i didn't take out money from an atm but my app statement shows that i did. how can i fix this?,68,cash_withdrawal_not_recognised,27,card_payment_not_recognised, card_payment_not_recognised,False
2754,"someone has stolen my card. even though i have my card with me, someone just made a 500£ cash withdrawal. please help as soon as possible.",68,cash_withdrawal_not_recognised,11,lost_or_stolen_card, lost_or_stolen_card,False
2755,cash i didn't get shows in my app.,68,cash_withdrawal_not_recognised,68,cash_withdrawal_not_recognised, cash_withdrawal_not_recognised,True
2756,there is a problem with my card. somebody has removed money from my account in a town i haven't been to. can you please freeze my account immediately?,68,cash_withdrawal_not_recognised,35,compromised_card, compromised_card,False
2757,there is an atm withdrawl in the app i don't recognize.,68,cash_withdrawal_not_recognised,68,cash_withdrawal_not_recognised, cash_withdrawal_not_recognised,True
2758,a cash withdrawal is showing up that i didn't do.,68,cash_withdrawal_not_recognised,68,cash_withdrawal_not_recognised, cash_withdrawal_not_recognised,True
2759,the app made a mistake and said i made a cash withdrawal.,68,cash_withdrawal_not_recognised,68,cash_withdrawal_not_recognised, cash_withdrawal_not_recognised,True
2760,is there an exchange fee?,69,exchange_charge,2,exchange_rate, exchange_rate,False
2761,whats your exchange rate,69,exchange_charge,2,exchange_rate, exchange_rate,False
2762,what are your currency exchange fees?,69,exchange_charge,2,exchange_rate, exchange_rate,False
2763,where do i find the exchange rate?,69,exchange_charge,2,exchange_rate, exchange_rate,False
2764,what is the base amount for cross-currency exchanges?,69,exchange_charge,2,exchange_rate, exchange_rate,False
2765,"my work sends me all over the world, can i get a discount for all the money i have to exchange?",69,exchange_charge,2,exchange_rate, exchange_rate,False
2766,how much more do i have to pay to exchange currencies?,69,exchange_charge,2,exchange_rate, exchange_rate,False
2767,is there a fee for exchanging currencies?,69,exchange_charge,2,exchange_rate, exchange_rate,False
2768,how much does it cost to exchange currencies?,69,exchange_charge,2,exchange_rate, exchange_rate,False
2769,whats the exchange charge,69,exchange_charge,2,exchange_rate, exchange_rate,False
2770,is there any discount for someone that exchanges currencies frequently?,69,exchange_charge,2,exchange_rate, exchange_rate,False
2771,is there a fee to exchange foreign money?,69,exchange_charge,2,exchange_rate, exchange_rate,False
2772,do i have to pay for exchanging currencies?,69,exchange_charge,2,exchange_rate, exchange_rate,False
2773,does it cost extra to exchange currencies?,69,exchange_charge,2,exchange_rate, exchange_rate,False
2774,is there a fee for exchanging foreign currencies?,69,exchange_charge,2,exchange_rate, exchange_rate,False
2775,will i be charged a fee for exchanging foreign currencies?,69,exchange_charge,2,exchange_rate, exchange_rate,False
2776,"how much is a cross currency exchange, and can i check to see if i have any discounts available?",69,exchange_charge,2,exchange_rate, exchange_rate,False
2777,do you offer a discount on multiple currency exchanges?,69,exchange_charge,2,exchange_rate, exchange_rate,False
2778,how much do i have to pay for the exchange fee?,69,exchange_charge,2,exchange_rate, exchange_rate,False
2779,"if i want to exchange currency, will there be extras?",69,exchange_charge,2,exchange_rate, exchange_rate,False
2780,if i need to exchange currency is there an extra fee?,69,exchange_charge,2,exchange_rate, exchange_rate,False
2781,i was wondering if there were any discounts offered for frequent currency exchanges?,69,exchange_charge,2,exchange_rate, exchange_rate,False
2782,would i be charged for exchanging currencies?,69,exchange_charge,2,exchange_rate, exchange_rate,False
2783,what is the exchange fee?,69,exchange_charge,2,exchange_rate, exchange_rate,False
2784,does it cost to exchange currencies with this card?,69,exchange_charge,2,exchange_rate, exchange_rate,False
2785,how much you charge for exhcange,69,exchange_charge,2,exchange_rate, exchange_rate,False
2786,are there any extra hidden fees for exchanging currencies?,69,exchange_charge,2,exchange_rate, exchange_rate,False
2787,"when i travel, what will it cost to switch for my currency?",69,exchange_charge,2,exchange_rate, exchange_rate,False
2788,how much will i pay to exchange foreign currency?,69,exchange_charge,2,exchange_rate, exchange_rate,False
2789,does it cost money for currency exchange services?,69,exchange_charge,2,exchange_rate, exchange_rate,False
2790,are there extra charges for exchanging currency?,69,exchange_charge,2,exchange_rate, exchange_rate,False
2791,"i will need to exchange currencies frequently, will i be able to get a discount?",69,exchange_charge,2,exchange_rate, exchange_rate,False
2792,is there a charge for a foreign currency exchange?,69,exchange_charge,2,exchange_rate, exchange_rate,False
2793,is there a discount for frequently exchanging currencies?,69,exchange_charge,2,exchange_rate, exchange_rate,False
2794,what is the cost for an exchange fee?,69,exchange_charge,2,exchange_rate, exchange_rate,False
2795,will it cost more money if my currency needs to be exchanged?,69,exchange_charge,2,exchange_rate, exchange_rate,False
2796,"i would like to exchange currencies, but is there an extra charge to do so?",69,exchange_charge,2,exchange_rate, exchange_rate,False
2797,does it cost anything for exchanges?,69,exchange_charge,2,exchange_rate, exchange_rate,False
2798,can i exchange money from abroad without additional costs?,69,exchange_charge,2,exchange_rate, exchange_rate,False
2799,does it cost to exchange currencies?,69,exchange_charge,2,exchange_rate, exchange_rate,False
2800,is there a fee for using a european bank card to top up?,70,top_up_by_card_charge,70,top_up_by_card_charge, top_up_by_card_charge,True
2801,are there any fees for adding money with an international card?,70,top_up_by_card_charge,70,top_up_by_card_charge, top_up_by_card_charge,True
2802,i was charged when i used a us issued card. why and what cards are free to use to add money,70,top_up_by_card_charge,20,card_payment_fee_charged, card_payment_fee_charged,False
2803,any hidden fees associated with the international card if money is added?,70,top_up_by_card_charge,2,exchange_rate, exchange_rate,False
2804,will i get charged for topping off my card?,70,top_up_by_card_charge,70,top_up_by_card_charge, top_up_by_card_charge,True
2805,are there charges for topping up us cards?,70,top_up_by_card_charge,70,top_up_by_card_charge, top_up_by_card_charge,True
2806,are there fees for top ups?,70,top_up_by_card_charge,15,top_up_by_bank_transfer_charge, top_up_by_bank_transfer_charge,False
2807,what are the charges for us cards with top up.,70,top_up_by_card_charge,70,top_up_by_card_charge, top_up_by_card_charge,True
2808,is there an additional charge for topping up using a european card?,70,top_up_by_card_charge,70,top_up_by_card_charge, top_up_by_card_charge,True
2809,in exchange for top ups will you take fees?,70,top_up_by_card_charge,2,exchange_rate, exchange_rate,False
2810,i just topped off my card will i be charged for it?,70,top_up_by_card_charge,70,top_up_by_card_charge, top_up_by_card_charge,True
2811,how much does it cost to top up by card?,70,top_up_by_card_charge,70,top_up_by_card_charge, top_up_by_card_charge,True
2812,are there any fees if i use a european bank card for a top up?,70,top_up_by_card_charge,70,top_up_by_card_charge, top_up_by_card_charge,True
2813,what are the top-up fees?,70,top_up_by_card_charge,70,top_up_by_card_charge, top_up_by_card_charge,True
2814,how much is the charge to top up my card?,70,top_up_by_card_charge,70,top_up_by_card_charge, top_up_by_card_charge,True
2815,how much can i expect to pay to top up a us card?,70,top_up_by_card_charge,18,top_up_limits, top_up_limits,False
2816,what fee is included if i top up by card?,70,top_up_by_card_charge,70,top_up_by_card_charge, top_up_by_card_charge,True
2817,"if i use a european bank card for top up, do i get charged?",70,top_up_by_card_charge,70,top_up_by_card_charge, top_up_by_card_charge,True
2818,will there be any extra fees for european bank card for top up?,70,top_up_by_card_charge,70,top_up_by_card_charge, top_up_by_card_charge,True
2819,will i be charged if i use european bank card for top up?,70,top_up_by_card_charge,70,top_up_by_card_charge, top_up_by_card_charge,True
2820,i want to use a european bank card for a top up. must i pay?,70,top_up_by_card_charge,22,supported_cards_and_currencies, supported_cards_and_currencies,False
2821,will i be charged for topping up by card?,70,top_up_by_card_charge,70,top_up_by_card_charge, top_up_by_card_charge,True
2822,is there a fee for topping up,70,top_up_by_card_charge,70,top_up_by_card_charge, top_up_by_card_charge,True
2823,what do you charge for top ups?,70,top_up_by_card_charge,70,top_up_by_card_charge, top_up_by_card_charge,True
2824,will it cost anything to top up a us card?,70,top_up_by_card_charge,70,top_up_by_card_charge, top_up_by_card_charge,True
2825,does topping up my card have a fee?,70,top_up_by_card_charge,70,top_up_by_card_charge, top_up_by_card_charge,True
2826,are there fees for adding money using an international card,70,top_up_by_card_charge,70,top_up_by_card_charge, top_up_by_card_charge,True
2827,"when using a us card, what is the cost for a top up/off?",70,top_up_by_card_charge,70,top_up_by_card_charge, top_up_by_card_charge,True
2828,"i need to use a european card for a top up, what will the charge be?",70,top_up_by_card_charge,70,top_up_by_card_charge, top_up_by_card_charge,True
2829,is it okay to use a bank card to top up,70,top_up_by_card_charge,-1,top_up_by_card, top_up_by_card,False
2830,any fee for topping up?,70,top_up_by_card_charge,15,top_up_by_bank_transfer_charge, top_up_by_bank_transfer_charge,False
2831,are there any fees for top ups?,70,top_up_by_card_charge,70,top_up_by_card_charge, top_up_by_card_charge,True
2832,what are the fees of using an international card to add money?,70,top_up_by_card_charge,70,top_up_by_card_charge, top_up_by_card_charge,True
2833,is there a charge or discount if i use a european bank in a top up?,70,top_up_by_card_charge,70,top_up_by_card_charge, top_up_by_card_charge,True
2834,is their a fee for top ups?,70,top_up_by_card_charge,15,top_up_by_bank_transfer_charge, top_up_by_bank_transfer_charge,False
2835,can i top up using an international card,70,top_up_by_card_charge,-1,top_up_by_card, top_up_by_card,False
2836,what will happen if i want to add money using an international card? will i run into any fees?,70,top_up_by_card_charge,70,top_up_by_card_charge, top_up_by_card_charge,True
2837,are there any extra fees for adding money into the international card?,70,top_up_by_card_charge,15,top_up_by_bank_transfer_charge, top_up_by_bank_transfer_charge,False
2838,what are the fees for top ups?,70,top_up_by_card_charge,70,top_up_by_card_charge, top_up_by_card_charge,True
2839,what are the top up charges for us cards?,70,top_up_by_card_charge,70,top_up_by_card_charge, top_up_by_card_charge,True
2840,could you please activate my card,71,activate_my_card,71,activate_my_card, activate_my_card,True
2841,i need to activate my card can you do that now?,71,activate_my_card,71,activate_my_card, activate_my_card,True
2842,what do i need to do to activate my new card?,71,activate_my_card,71,activate_my_card, activate_my_card,True
2843,tell me how to go about activating my new card?,71,activate_my_card,71,activate_my_card, activate_my_card,True
2844,how can i activate my card so i can start using it?,71,activate_my_card,71,activate_my_card, activate_my_card,True
2845,how long will it take to activate my new card?,71,activate_my_card,71,activate_my_card, activate_my_card,True
2846,what's the right way to activate my card?,71,activate_my_card,71,activate_my_card, activate_my_card,True
2847,"i received my new card, how is it activated?",71,activate_my_card,0,card_arrival, card_arrival,False
2848,is there a way my new card can be renewed?,71,activate_my_card,73,card_about_to_expire, card_about_to_expire,False
2849,how do i activate a card i received?,71,activate_my_card,71,activate_my_card, activate_my_card,True
2850,why can't i activate my card?,71,activate_my_card,71,activate_my_card, activate_my_card,True
2851,what is the process of card activation?,71,activate_my_card,71,activate_my_card, activate_my_card,True
2852,what can i do after the card missing,71,activate_my_card,11,lost_or_stolen_card, lost_or_stolen_card,False
2853,i got my new card where do i go to activate it?,71,activate_my_card,71,activate_my_card, activate_my_card,True
2854,would like to use my card and need to activate it first. can you help me do this?,71,activate_my_card,71,activate_my_card, activate_my_card,True
2855,i need help activating my new card.,71,activate_my_card,71,activate_my_card, activate_my_card,True
2856,how to activate card?,71,activate_my_card,71,activate_my_card, activate_my_card,True
2857,"please, activate my card",71,activate_my_card,71,activate_my_card, activate_my_card,True
2858,i tried activating my bill of fare and it didn't workplace,71,activate_my_card,71,activate_my_card, activate_my_card,True
2859,"i just got my card and want to use it, how do i activate my card?",71,activate_my_card,71,activate_my_card, activate_my_card,True
2860,i have a new card and i want to activate it,71,activate_my_card,71,activate_my_card, activate_my_card,True
2861,assist me please with card activation.,71,activate_my_card,71,activate_my_card, activate_my_card,True
2862,i need help with activating my card,71,activate_my_card,71,activate_my_card, activate_my_card,True
2863,how can i start using my card?,71,activate_my_card,71,activate_my_card, activate_my_card,True
2864,activating my card,71,activate_my_card,71,activate_my_card, activate_my_card,True
2865,when will my card be activated?,71,activate_my_card,71,activate_my_card, activate_my_card,True
2866,how can i activate my card>,71,activate_my_card,71,activate_my_card, activate_my_card,True
2867,what are the steps in order to activate my new card?,71,activate_my_card,71,activate_my_card, activate_my_card,True
2868,how do i go about activating my new card?,71,activate_my_card,71,activate_my_card, activate_my_card,True
2869,what is the activation process on my new card?,71,activate_my_card,71,activate_my_card, activate_my_card,True
2870,i would like to get help from someone with activating my card.,71,activate_my_card,71,activate_my_card, activate_my_card,True
2871,what is the process for activating my card?,71,activate_my_card,71,activate_my_card, activate_my_card,True
2872,how do i use my new card?,71,activate_my_card,0,card_arrival, card_arrival,False
2873,i got my new card but i am not sure if it need s activated and how?,71,activate_my_card,71,activate_my_card, activate_my_card,True
2874,what are the steps to activating a new card?,71,activate_my_card,71,activate_my_card, activate_my_card,True
2875,"i would like to activate my card to use now, can you help me?",71,activate_my_card,71,activate_my_card, activate_my_card,True
2876,how do i activate a new card?,71,activate_my_card,71,activate_my_card, activate_my_card,True
2877,i just got this card & i don't know how to activate it.,71,activate_my_card,71,activate_my_card, activate_my_card,True
2878,i got my new card. how do i activate it?,71,activate_my_card,0,card_arrival, card_arrival,False
2879,what do i need to do to activate my card?,71,activate_my_card,71,activate_my_card, activate_my_card,True
2880,i see some fees for cash withdraw.,72,cash_withdrawal_charge,72,cash_withdrawal_charge, cash_withdrawal_charge,True
2881,how come i was charged extra when i withdrew cash?,72,cash_withdrawal_charge,72,cash_withdrawal_charge, cash_withdrawal_charge,True
2882,why am i being charged when i withdraw cash?,72,cash_withdrawal_charge,72,cash_withdrawal_charge, cash_withdrawal_charge,True
2883,what is this charge on my account for a cash withdrawl?,72,cash_withdrawal_charge,72,cash_withdrawal_charge, cash_withdrawal_charge,True
2884,why are fees charged on cash withdrawals? i went to withdraw some money earlier today after shopping. there's a fee that wasn't there before.,72,cash_withdrawal_charge,72,cash_withdrawal_charge, cash_withdrawal_charge,True
2885,"how come you charge for cash withdrawals? i withdrew cash after buying groceries today, and there seems to be a new fee",72,cash_withdrawal_charge,72,cash_withdrawal_charge, cash_withdrawal_charge,True
2886,it looks like i was charged a withdrawal fee for going to my atm. why is that because i haven't been charged previously for doing so?,72,cash_withdrawal_charge,72,cash_withdrawal_charge, cash_withdrawal_charge,True
2887,"do atm cash withdrawals carry a charge now? they've been free in the past, but all of a sudden i have to pay to make atm withdrawals?",72,cash_withdrawal_charge,72,cash_withdrawal_charge, cash_withdrawal_charge,True
2888,why is there an extra charge for money that was withdrawn?,72,cash_withdrawal_charge,4,extra_charge_on_statement, extra_charge_on_statement,False
2889,why was i charged a fee for withdrawing cash?,72,cash_withdrawal_charge,72,cash_withdrawal_charge, cash_withdrawal_charge,True
2890,why did i get a fee?,72,cash_withdrawal_charge,20,card_payment_fee_charged, card_payment_fee_charged,False
2891,why did my cash get charged a fee that should not be there.,72,cash_withdrawal_charge,72,cash_withdrawal_charge, cash_withdrawal_charge,True
2892,why did i have to pay a fee when i got cash?,72,cash_withdrawal_charge,70,top_up_by_card_charge, top_up_by_card_charge,False
2893,"hi, i am calling about a recent transaction that has happened on my account. i recently went to the atm, and tried to make a withdrawal on my account. i just happened to check my transaction slip and noticed a fee for my withdrawal. how can i resolve this, i didn't know fees were charged for this type of action.",72,cash_withdrawal_charge,72,cash_withdrawal_charge, cash_withdrawal_charge,True
2894,a fee was charged for my recent withdrawal.,72,cash_withdrawal_charge,72,cash_withdrawal_charge, cash_withdrawal_charge,True
2895,i got a fee for an atm withdrawal.,72,cash_withdrawal_charge,72,cash_withdrawal_charge, cash_withdrawal_charge,True
2896,what is the reason for this fee i got after a simple cash withdrawal?,72,cash_withdrawal_charge,72,cash_withdrawal_charge, cash_withdrawal_charge,True
2897,did you start charging for cash withdrawals? i thought it was free so far but noticed suddendly there is a fee. how much do i need to pay?,72,cash_withdrawal_charge,72,cash_withdrawal_charge, cash_withdrawal_charge,True
2898,is there a fee for withdrawing cash?,72,cash_withdrawal_charge,72,cash_withdrawal_charge, cash_withdrawal_charge,True
2899,"i've notice i was charged for withdrawing cash, can you explain why?",72,cash_withdrawal_charge,72,cash_withdrawal_charge, cash_withdrawal_charge,True
2900,why was my account charged for using an atm?,72,cash_withdrawal_charge,72,cash_withdrawal_charge, cash_withdrawal_charge,True
2901,why is there a charge on my account for taking out cash?,72,cash_withdrawal_charge,72,cash_withdrawal_charge, cash_withdrawal_charge,True
2902,an atm fee was attached to my recent withdrawal.,72,cash_withdrawal_charge,72,cash_withdrawal_charge, cash_withdrawal_charge,True
2903,i thought cash withdrawals didn't have a fee,72,cash_withdrawal_charge,72,cash_withdrawal_charge, cash_withdrawal_charge,True
2904,why did i get charged a fee when i tried to obtain cash?,72,cash_withdrawal_charge,20,card_payment_fee_charged, card_payment_fee_charged,False
2905,"while i was checking out in the grocery store, i realized i needed cash so i requested some. however, i noticed there was a fee for this transaction. why did i get charged a fee?",72,cash_withdrawal_charge,72,cash_withdrawal_charge, cash_withdrawal_charge,True
2906,using an atm caused me to incur an additional fee. why?,72,cash_withdrawal_charge,72,cash_withdrawal_charge, cash_withdrawal_charge,True
2907,i was charged extra for a withdrawal,72,cash_withdrawal_charge,72,cash_withdrawal_charge, cash_withdrawal_charge,True
2908,is there a limit on how much i can withdraw from my account without being charged?,72,cash_withdrawal_charge,72,cash_withdrawal_charge, cash_withdrawal_charge,True
2909,"i thought cash withdrawals were free? why have i been charged a fee? also, how much is this fee?",72,cash_withdrawal_charge,72,cash_withdrawal_charge, cash_withdrawal_charge,True
2910,"more fees, this time for withdrawing my own cash. why are you robbing me?",72,cash_withdrawal_charge,72,cash_withdrawal_charge, cash_withdrawal_charge,True
2911,i have never been charged a fee for cash withdrawal before. when did that change?,72,cash_withdrawal_charge,72,cash_withdrawal_charge, cash_withdrawal_charge,True
2912,i was charged for a cash withdrawal.,72,cash_withdrawal_charge,68,cash_withdrawal_not_recognised, cash_withdrawal_not_recognised,False
2913,why did you charge me for a cash withdrawal?,72,cash_withdrawal_charge,72,cash_withdrawal_charge, cash_withdrawal_charge,True
2914,i took cash and got charged a fee,72,cash_withdrawal_charge,72,cash_withdrawal_charge, cash_withdrawal_charge,True
2915,was charged an atm fee despite it being a small withdrawal on the 1st day of the month. i thought i was allowed 200 per month?,72,cash_withdrawal_charge,72,cash_withdrawal_charge, cash_withdrawal_charge,True
2916,i had a wrong fee charged at this atm.,72,cash_withdrawal_charge,20,card_payment_fee_charged, card_payment_fee_charged,False
2917,"when i got cash, i'm pretty sure there was a glitch that overcharged me.",72,cash_withdrawal_charge,19,wrong_amount_of_cash_received, wrong_amount_of_cash_received,False
2918,"my account got charged for taking out cash, why did this happen?",72,cash_withdrawal_charge,72,cash_withdrawal_charge, cash_withdrawal_charge,True
2919,why is there a fee for withdrawing?,72,cash_withdrawal_charge,72,cash_withdrawal_charge, cash_withdrawal_charge,True
2920,am i able to order a new card and have it sent to me in china?,73,card_about_to_expire,62,order_physical_card, order_physical_card,False
2921,will you be able to send the new card to china?,73,card_about_to_expire,7,card_delivery_estimate, card_delivery_estimate,False
2922,when my card expires what happens to my account?,73,card_about_to_expire,73,card_about_to_expire, card_about_to_expire,True
2923,what do i do when my card expires?,73,card_about_to_expire,73,card_about_to_expire, card_about_to_expire,True
2924,the expiration date on my card is coming up,73,card_about_to_expire,73,card_about_to_expire, card_about_to_expire,True
2925,"my card's expiring, what happens now?",73,card_about_to_expire,73,card_about_to_expire, card_about_to_expire,True
2926,my card is about to expire. what do i need to do?,73,card_about_to_expire,73,card_about_to_expire, card_about_to_expire,True
2927,how long and how much does it cost for new card,73,card_about_to_expire,7,card_delivery_estimate, card_delivery_estimate,False
2928,what do i do if my card is expiring soon?,73,card_about_to_expire,73,card_about_to_expire, card_about_to_expire,True
2929,how much does it cost to get a new card? mine is almost expired. how fast does it come?,73,card_about_to_expire,73,card_about_to_expire, card_about_to_expire,True
2930,"since my card is about to expire, what do i do to get a new one?",73,card_about_to_expire,62,order_physical_card, order_physical_card,False
2931,my card is about to expire and i need to know how much it costs and how long it takes to get a new one.,73,card_about_to_expire,73,card_about_to_expire, card_about_to_expire,True
2932,when my card expires do you send a new card?,73,card_about_to_expire,73,card_about_to_expire, card_about_to_expire,True
2933,what is the next step if my card is about to expire.,73,card_about_to_expire,73,card_about_to_expire, card_about_to_expire,True
2934,"once my card expires, what should i do?",73,card_about_to_expire,73,card_about_to_expire, card_about_to_expire,True
2935,"i need a new card, my current card is nearly expired.",73,card_about_to_expire,73,card_about_to_expire, card_about_to_expire,True
2936,"it appears my card expires next month, can i order a new one?",73,card_about_to_expire,73,card_about_to_expire, card_about_to_expire,True
2937,my card is about to expire. how much does it cost to order a new one and how fast will i get it?,73,card_about_to_expire,73,card_about_to_expire, card_about_to_expire,True
2938,what do i do when my card is about to expire?,73,card_about_to_expire,73,card_about_to_expire, card_about_to_expire,True
2939,"i will need to get a new card soon, how do i order?",73,card_about_to_expire,62,order_physical_card, order_physical_card,False
2940,going to need a new card what are the fees and time it takes,73,card_about_to_expire,7,card_delivery_estimate, card_delivery_estimate,False
2941,will i need to order a new card since mine expires next month?,73,card_about_to_expire,73,card_about_to_expire, card_about_to_expire,True
2942,"when my card expires, will i get a new one mailed to me?",73,card_about_to_expire,73,card_about_to_expire, card_about_to_expire,True
2943,do you have to order a new card before your current card expires?,73,card_about_to_expire,62,order_physical_card, order_physical_card,False
2944,"since my card is about to expire, i need a new one.",73,card_about_to_expire,73,card_about_to_expire, card_about_to_expire,True
2945,my card is very close to expiring. when can i order a new one and how do i do so?,73,card_about_to_expire,62,order_physical_card, order_physical_card,False
2946,"i need to order a new card, mine is about to expire and i need to know how much it will cost and how long until i receive it.",73,card_about_to_expire,62,order_physical_card, order_physical_card,False
2947,how do i order a new card before it expires?,73,card_about_to_expire,62,order_physical_card, order_physical_card,False
2948,can i receive a new card while i am in china?,73,card_about_to_expire,0,card_arrival, card_arrival,False
2949,"next month my card will expire, do i need to order a new one?",73,card_about_to_expire,73,card_about_to_expire, card_about_to_expire,True
2950,the expiration date of my card is approaching .,73,card_about_to_expire,73,card_about_to_expire, card_about_to_expire,True
2951,"how can i get a new card asap to replace an old, soon to expire one?",73,card_about_to_expire,31,get_physical_card, get_physical_card,False
2952,i need a new card since my old one is about to expire.,73,card_about_to_expire,73,card_about_to_expire, card_about_to_expire,True
2953,my card is about to expire.,73,card_about_to_expire,73,card_about_to_expire, card_about_to_expire,True
2954,"my card is expiring shortly. how much will it cost for a replacement, and how soon can i get it?",73,card_about_to_expire,73,card_about_to_expire, card_about_to_expire,True
2955,what would the price be for an expired card replacement and how long will it take me to get it?,73,card_about_to_expire,73,card_about_to_expire, card_about_to_expire,True
2956,"in china, need new card",73,card_about_to_expire,0,card_arrival, card_arrival,False
2957,"if my card is about to expire, do i need to order a new one?",73,card_about_to_expire,73,card_about_to_expire, card_about_to_expire,True
2958,my card is about to expire. how do i get a new one?,73,card_about_to_expire,73,card_about_to_expire, card_about_to_expire,True
2959,i need to know the cost and when i will receive a new card to replace an old one.,73,card_about_to_expire,62,order_physical_card, order_physical_card,False
2960,is the top up feature available on the apple watch?,74,apple_pay_or_google_pay,70,top_up_by_card_charge, top_up_by_card_charge,False
2961,can i use the system google pay for top-ups?,74,apple_pay_or_google_pay,74,apple_pay_or_google_pay, apple_pay_or_google_pay,True
2962,my top-up for google pay isn't working,74,apple_pay_or_google_pay,70,top_up_by_card_charge, top_up_by_card_charge,False
2963,can i add money with apple pay?,74,apple_pay_or_google_pay,71,activate_my_card, activate_my_card,False
2964,can i use my apple watch to to top up?,74,apple_pay_or_google_pay,71,activate_my_card, activate_my_card,False
2965,does apple pay give the option to top up?,74,apple_pay_or_google_pay,74,apple_pay_or_google_pay, apple_pay_or_google_pay,True
2966,top up on my google pay isn't working.,74,apple_pay_or_google_pay,70,top_up_by_card_charge, top_up_by_card_charge,False
2967,is it possible to top up with apple pay?,74,apple_pay_or_google_pay,-1,top_up_by_card, top_up_by_card,False
2968,do i have to setup apple pay to use it,74,apple_pay_or_google_pay,74,apple_pay_or_google_pay, apple_pay_or_google_pay,True
2969,can i use apple pay to top up?,74,apple_pay_or_google_pay,74,apple_pay_or_google_pay, apple_pay_or_google_pay,True
2970,how can i top up my google pay?,74,apple_pay_or_google_pay,71,activate_my_card, activate_my_card,False
2971,does google play have an app to top up?,74,apple_pay_or_google_pay,-1,top_up_by_card, top_up_by_card,False
2972,"i received my american express card, but i am having problems making it work with apple pay. can you help me with this problem?",74,apple_pay_or_google_pay,1,card_linking, card_linking,False
2973,is apple pay eligible for top up,74,apple_pay_or_google_pay,74,apple_pay_or_google_pay, apple_pay_or_google_pay,True
2974,why can't i use my american express with apple pay to top up my account?,74,apple_pay_or_google_pay,74,apple_pay_or_google_pay, apple_pay_or_google_pay,True
2975,how do i add money with my apple watch,74,apple_pay_or_google_pay,70,top_up_by_card_charge, top_up_by_card_charge,False
2976,"if i want to top up, can i use apple pay?",74,apple_pay_or_google_pay,-1,top_up_by_card, top_up_by_card,False
2977,can i top up with apple pay,74,apple_pay_or_google_pay,-1,top_up_by_card, top_up_by_card,False
2978,"my american express is experiencing a problem with apple play with top up, can you fix it?",74,apple_pay_or_google_pay,74,apple_pay_or_google_pay, apple_pay_or_google_pay,True
2979,my top up is not working in apple pay.,74,apple_pay_or_google_pay,70,top_up_by_card_charge, top_up_by_card_charge,False
2980,is apple pay a possible top up option?,74,apple_pay_or_google_pay,74,apple_pay_or_google_pay, apple_pay_or_google_pay,True
2981,i don't know how to top up my google pay.,74,apple_pay_or_google_pay,71,activate_my_card, activate_my_card,False
2982,can i top up from my apple watch?,74,apple_pay_or_google_pay,70,top_up_by_card_charge, top_up_by_card_charge,False
2983,can i use my american express stored in apple pay to top up?,74,apple_pay_or_google_pay,33,topping_up_by_card, topping_up_by_card,False
2984,is apple pay costly?,74,apple_pay_or_google_pay,74,apple_pay_or_google_pay, apple_pay_or_google_pay,True
2985,how can i top up with google pay?,74,apple_pay_or_google_pay,-1,top_up_by_card, top_up_by_card,False
2986,i can't top up my account using my american express with apple pay.,74,apple_pay_or_google_pay,70,top_up_by_card_charge, top_up_by_card_charge,False
2987,"i got my american express in apple pay, why is top up not working?",74,apple_pay_or_google_pay,74,apple_pay_or_google_pay, apple_pay_or_google_pay,True
2988,i got my american express in apple bay but top up is not working,74,apple_pay_or_google_pay,27,card_payment_not_recognised, card_payment_not_recognised,False
2989,how do i top up? can i use my apple watch?,74,apple_pay_or_google_pay,-1,top_up_by_card, top_up_by_card,False
2990,is it possible to use apple pay to put money in my account?,74,apple_pay_or_google_pay,74,apple_pay_or_google_pay, apple_pay_or_google_pay,True
2991,"my american express is in my apple pay and the top up is failing, why?",74,apple_pay_or_google_pay,74,apple_pay_or_google_pay, apple_pay_or_google_pay,True
2992,how can i top-ff my account using my apple watch?,74,apple_pay_or_google_pay,-1,top_up_by_card, top_up_by_card,False
2993,can google pay be used to make a top-up,74,apple_pay_or_google_pay,-1,top_up_by_card, top_up_by_card,False
2994,how do i get the top up feature on my apple watch working?,74,apple_pay_or_google_pay,71,activate_my_card, activate_my_card,False
2995,how do i troubleshoot google pay top up?,74,apple_pay_or_google_pay,70,top_up_by_card_charge, top_up_by_card_charge,False
2996,how do i top up with apple pay?,74,apple_pay_or_google_pay,-1,top_up_by_card, top_up_by_card,False
2997,why isn't my top up working using my saved american express in applepay?,74,apple_pay_or_google_pay,66,top_up_failed, top_up_failed,False
2998,how do i use the top up app with my apple watch?,74,apple_pay_or_google_pay,2,exchange_rate, exchange_rate,False
2999,"google pay and top up, i want it, can i get it?",74,apple_pay_or_google_pay,74,apple_pay_or_google_pay, apple_pay_or_google_pay,True
3000,what can i use to verify my identify?,75,verify_my_identity,75,verify_my_identity, verify_my_identity,True
3001,what do you need to verify my identity?,75,verify_my_identity,75,verify_my_identity, verify_my_identity,True
3002,"i need to verify my identity, but how do i do that?",75,verify_my_identity,50,verify_source_of_funds, verify_source_of_funds,False
3003,how can i verify my indentity?,75,verify_my_identity,75,verify_my_identity, verify_my_identity,True
3004,what is needed to prove my identity?,75,verify_my_identity,50,verify_source_of_funds, verify_source_of_funds,False
3005,what do you need for my identity check?,75,verify_my_identity,50,verify_source_of_funds, verify_source_of_funds,False
3006,how do you verify an identity?,75,verify_my_identity,75,verify_my_identity, verify_my_identity,True
3007,is there a specific type you need for identity verification?,75,verify_my_identity,50,verify_source_of_funds, verify_source_of_funds,False
3008,i got a message that i need to verify my identity; what do i do?,75,verify_my_identity,75,verify_my_identity, verify_my_identity,True
3009,are there any documents needed for the identity check?,75,verify_my_identity,50,verify_source_of_funds, verify_source_of_funds,False
3010,what are the steps i need to take to verify my identity?,75,verify_my_identity,75,verify_my_identity, verify_my_identity,True
3011,what do i need to verify my identity,75,verify_my_identity,75,verify_my_identity, verify_my_identity,True
3012,i need to verify my identity,75,verify_my_identity,75,verify_my_identity, verify_my_identity,True
3013,i need some help with identity verification.,75,verify_my_identity,50,verify_source_of_funds, verify_source_of_funds,False
3014,what's the process for id verification?,75,verify_my_identity,50,verify_source_of_funds, verify_source_of_funds,False
3015,i would like to know how i can verify my identity.,75,verify_my_identity,75,verify_my_identity, verify_my_identity,True
3016,what kind of documents do i need for the identity check?,75,verify_my_identity,50,verify_source_of_funds, verify_source_of_funds,False
3017,let me know the steps for the identity checks,75,verify_my_identity,50,verify_source_of_funds, verify_source_of_funds,False
3018,what should i do to verify my identity?,75,verify_my_identity,75,verify_my_identity, verify_my_identity,True
3019,what are the steps to verify my identity?,75,verify_my_identity,75,verify_my_identity, verify_my_identity,True
3020,how does my identity get verified?,75,verify_my_identity,50,verify_source_of_funds, verify_source_of_funds,False
3021,what things do i need to verify my identity?,75,verify_my_identity,75,verify_my_identity, verify_my_identity,True
3022,what steps do i take to verify my identity?,75,verify_my_identity,75,verify_my_identity, verify_my_identity,True
3023,can i verify my identity online?,75,verify_my_identity,75,verify_my_identity, verify_my_identity,True
3024,do the details of my profile have to match my documents,75,verify_my_identity,28,edit_personal_details, edit_personal_details,False
3025,where do i verify my identity?,75,verify_my_identity,75,verify_my_identity, verify_my_identity,True
3026,"when getting my id checked, what are the steps involved?",75,verify_my_identity,50,verify_source_of_funds, verify_source_of_funds,False
3027,do i need anything for the identity check?,75,verify_my_identity,50,verify_source_of_funds, verify_source_of_funds,False
3028,which kind of documentation do i need for identity check?,75,verify_my_identity,50,verify_source_of_funds, verify_source_of_funds,False
3029,how do i go forth on verifying my identity?,75,verify_my_identity,75,verify_my_identity, verify_my_identity,True
3030,what can i do to verify my identity?,75,verify_my_identity,75,verify_my_identity, verify_my_identity,True
3031,what do you need so i can verify my identity?,75,verify_my_identity,75,verify_my_identity, verify_my_identity,True
3032,what do i need to show who i am?,75,verify_my_identity,50,verify_source_of_funds, verify_source_of_funds,False
3033,do i need any kind of documentation for the identity check?,75,verify_my_identity,50,verify_source_of_funds, verify_source_of_funds,False
3034,what will i need for identity verification?,75,verify_my_identity,50,verify_source_of_funds, verify_source_of_funds,False
3035,is there any way to verify who i am?,75,verify_my_identity,75,verify_my_identity, verify_my_identity,True
3036,is there any documentation needed for the identity check?,75,verify_my_identity,50,verify_source_of_funds, verify_source_of_funds,False
3037,what all am i required to show for the identity check?,75,verify_my_identity,50,verify_source_of_funds, verify_source_of_funds,False
3038,what do i do for the identity check?,75,verify_my_identity,50,verify_source_of_funds, verify_source_of_funds,False
3039,what do i need to do to verify my identity?,75,verify_my_identity,75,verify_my_identity, verify_my_identity,True
3040,i live in the us but want to get a card,76,country_support,0,card_arrival, card_arrival,False
3041,are your cards available in europe?,76,country_support,24,card_acceptance, card_acceptance,False
3042,can i use your app if i am from the eu?,76,country_support,76,country_support, country_support,True
3043,what countries are supported?,76,country_support,22,supported_cards_and_currencies, supported_cards_and_currencies,False
3044,i live in the us can i still get a card?,76,country_support,22,supported_cards_and_currencies, supported_cards_and_currencies,False
3045,can i get a card outside the uk?,76,country_support,60,getting_spare_card, getting_spare_card,False
3046,"i'm not in the uk, can i still get a card?",76,country_support,76,country_support, country_support,True
3047,"i'm not in the uk, is it possible for me to still get a card?",76,country_support,76,country_support, country_support,True
3048,now that i live in the us how can i get a card?,76,country_support,60,getting_spare_card, getting_spare_card,False
3049,can i get one of your cards in the eu,76,country_support,60,getting_spare_card, getting_spare_card,False
3050,can i get a card despite the fact i'm not in the uk?,76,country_support,60,getting_spare_card, getting_spare_card,False
3051,where do i need to live to get support?,76,country_support,76,country_support, country_support,True
3052,do you support the eu?,76,country_support,6,fiat_currency_support, fiat_currency_support,False
3053,how do i get a card if i am in the usa,76,country_support,60,getting_spare_card, getting_spare_card,False
3054,"please help me get a new card, i reside in the united states.",76,country_support,60,getting_spare_card, getting_spare_card,False
3055,is it possible to get a card if i'm not in the uk?,76,country_support,60,getting_spare_card, getting_spare_card,False
3056,is my country supported,76,country_support,76,country_support, country_support,True
3057,from what countries can i use this product?,76,country_support,22,supported_cards_and_currencies, supported_cards_and_currencies,False
3058,where can i find your locations?,76,country_support,24,card_acceptance, card_acceptance,False
3059,can i get a card even if i live outside the uk?,76,country_support,76,country_support, country_support,True
3060,"i am from the eu, can i sign up?",76,country_support,76,country_support, country_support,True
3061,"i would like to receive and use the card in europe, is that possible?",76,country_support,24,card_acceptance, card_acceptance,False
3062,what countries do you support?,76,country_support,22,supported_cards_and_currencies, supported_cards_and_currencies,False
3063,what countries are you currently in?,76,country_support,76,country_support, country_support,True
3064,what locations are you in?,76,country_support,76,country_support, country_support,True
3065,can you tell me what countries you operate in?,76,country_support,76,country_support, country_support,True
3066,"i need a card, but i'm in the us at the moment.",76,country_support,23,getting_virtual_card, getting_virtual_card,False
3067,what countries will my card be supported in?,76,country_support,22,supported_cards_and_currencies, supported_cards_and_currencies,False
3068,do you have a list of countries you operate in?,76,country_support,76,country_support, country_support,True
3069,in what countries do you do business?,76,country_support,76,country_support, country_support,True
3070,i don't live in the uk. can i still get a card?,76,country_support,76,country_support, country_support,True
3071,where do you support?,76,country_support,22,supported_cards_and_currencies, supported_cards_and_currencies,False
3072,am i able to get a card in eu?,76,country_support,24,card_acceptance, card_acceptance,False
3073,what countries do you currently do business in?,76,country_support,76,country_support, country_support,True
3074,"i'm not in the uk, can i get a card?",76,country_support,76,country_support, country_support,True
3075,"if i'm not in the uk, can i still get a card?",76,country_support,76,country_support, country_support,True
3076,how many countries do you support?,76,country_support,22,supported_cards_and_currencies, supported_cards_and_currencies,False
3077,what countries do you do business in?,76,country_support,76,country_support, country_support,True
3078,what are the countries you operate in.,76,country_support,76,country_support, country_support,True
3079,can the card be mailed and used in europe?,76,country_support,7,card_delivery_estimate, card_delivery_estimate,False
