text,label,label_name
why is the check i deposited this morning not showing up?,6,balance_not_updated_after_cheque_or_cash_deposit
"hi, i tried to top up my card today and it did not work. i have tried it in the past and it worked just fine but it won't do it anymore. can you help me out?",59,top_up_failed
where do i find the verification code for the card i'm topping up?,71,verify_top_up
what can i do after the card missing,0,activate_my_card
i have lost my card! what is my next step?,41,lost_or_stolen_card
there is a strange payment on my statement. what should i do?,16,card_payment_not_recognised
when i'm traveling is it possible to add money automatically at certain time points?,4,automatic_top_up
would a visa or mastercard be more suited to me?,73,visa_or_mastercard
i would like to know how to work out where my funds came from?,70,verify_source_of_funds
how do i get my salary through this account?,50,receiving_money
"lost phone, dont want others to access account",42,lost_or_stolen_phone
my apple pay top up with my american express card is not working? please tell me why,2,apple_pay_or_google_pay
i was wondering about transferring money into my account and how it works. can you tell me about that?,65,transfer_into_account
why is there a charge for my transfer?,64,transfer_fee_charged
can you get me my card fast?,12,card_delivery_estimate
what do i need to do to correct this failed transfer?,35,failed_transfer
why are my payments showing pending?,45,pending_card_payment
what information do i need to gather in order to activate my card?,0,activate_my_card
a mortgage payment i'm making is giving me an error message. this is the first time i'm making this payment and want to know what's wrong.,35,failed_transfer
the amount of cash i selected to withdraw is different than what i received.,75,wrong_amount_of_cash_received
my credit card seems to have been declined for top up. why is it not going through? can you tell me what's going on?,59,top_up_failed
"i made a transfer and according to the receiver ""they haven't received the right amount"" its lesser than it should be.now i have to transfer more money to make up for the missing amount . can you please help me about this,what should be done",64,transfer_fee_charged
i believe that a card payment i made was cancelled.,53,reverted_card_payment?
i think my top up was reversed.,61,top_up_reverted
the check i deposited yesterday isn't listed yet. isn't that pretty slow? i need to see the balance increased by that check.,6,balance_not_updated_after_cheque_or_cash_deposit
there is an unauthorized fee.,15,card_payment_fee_charged
will my transfer be done soon?,48,pending_transfer
what do you charge to top up us cards?,57,top_up_by_card_charge
what is the process when my card is due to expire?,9,card_about_to_expire
"i have a cash withdrawal that says it's pending, why?",46,pending_cash_withdrawal
my refund has not shown up on my statement.,51,Refund_not_showing_up
"can i get money in my home currency at some atm? i'm on holiday and am a bit concerned because i don't have any cash with me, it is possible to withdraw here already without any additional cost?",76,wrong_exchange_rate_for_cash_withdrawal
can i use my mastercard to add money to my account,54,supported_cards_and_currencies
i got charged a service fee on my account. can it be waived since i didn't know about it before?,15,card_payment_fee_charged
"hello, i tried to take some cash out of the atm but i looked at my statement and it still shows that it's pending. is the machine broken? will i receive my money back or will i be charged for this?",46,pending_cash_withdrawal
can i use the apple watch to make a top-up?,2,apple_pay_or_google_pay
i see a direct debit charge that i did not approve,28,direct_debit_payment_not_recognised
what currency can i use to add money?,54,supported_cards_and_currencies
"it seems my card payment was completed twice. i paid at the store previously and the first one did not seem to go through. after a second attempt, it did go through. i now see within the app that i have been charged twice with one of them pending. can you please remove the pending amount because it is clearly something that was declined?",63,transaction_charged_twice
i'v exhausted all the of times i can try my pin,49,pin_blocked
why is my card payment still a pending transaction?,45,pending_card_payment
"i wanted to buy something online yesterday, but i could not because the card got declined on the day of and the following day. what is wrong with the card?",27,declined_transfer
will my pin number be sent with my card?,38,get_physical_card
i was wondering if there were any discounts offered for frequent currency exchanges?,31,exchange_charge
how do i know where my funds come from?,70,verify_source_of_funds
what are the limits for disposable virtual cards?,29,disposable_card_limits
can i verify my identity i the app,69,verify_my_identity
how do i go about transferring money into my bank account?,65,transfer_into_account
"i do not understand why there is a pending 1£ charge on my statement, i do not recall making this transaction. can you please tell me what this is about?",34,extra_charge_on_statement
"i thought i lost my card so i cancelled it, but recently i found it in my jacket and i would like to re-establish the card.",13,card_linking
"on my app i can see that a direct debit payment that i didn't do, appears.",28,direct_debit_payment_not_recognised
what is the time frame for a transfer from the us?,67,transfer_timing
is there a way i can check on the card on route to me?,11,card_arrival
i have transferred some money but the balance hasn't changed,5,balance_not_updated_after_bank_transfer
tell me how to cancel a transfer.,8,cancel_transfer
am i limited to what atm i can use my card?,3,atm_support
can you tell me how to close my account?,55,terminate_account
what cash machines will let me change my pin?,21,change_pin
can i use this app for any currency?,54,supported_cards_and_currencies
"in the app, how can i make it show the new card that arrived?",13,card_linking
does my account have the option to hold multiple currencies?,36,fiat_currency_support
how do i tell if my top up was reverted?,61,top_up_reverted
why wasn't my card payment accepted?,25,declined_card_payment
does this app allow currencies to be exchanged?,33,exchange_via_app
i need help because i drunken blocked my card?,49,pin_blocked
who do i call to activate my new card?,0,activate_my_card
why am i unable to withdrawal cash?,26,declined_cash_withdrawal
looks like my top-up has been cancelled,59,top_up_failed
i still do not see the cash deposit in my account from last week. why?,6,balance_not_updated_after_cheque_or_cash_deposit
i want to change the wrong exchange rate.,17,card_payment_wrong_exchange_rate
what is the reason my transfer was declined?,27,declined_transfer
how come i can't find my payment?,53,reverted_card_payment?
what are exchange rates,32,exchange_rate
can you tell me why i noticed a $1 charge on my statement?,34,extra_charge_on_statement
what's the card you sent me's tracking number?,11,card_arrival
why couldn't i make a withdrawal from the atm?,26,declined_cash_withdrawal
why did my card get charged twice for a transaction?,63,transaction_charged_twice
a payment shows up on the app that i never made.,16,card_payment_not_recognised
please help me! a payment i made had an error on the account number and i can't cancel on my side. can you cancel it?,8,cancel_transfer
"i just saw a charge for a cash withdrawal that i made! atm withdrawals have always been free in the past, so why is there suddenly a charge? what is it going to cost me now?",19,cash_withdrawal_charge
when can i expect the transfer to be complete?,67,transfer_timing
how can i get a refund for a purchase?,52,request_refund
can i have multiple currencies?,36,fiat_currency_support
the app is having trouble verifying my identity.,68,unable_to_verify_identity
what are the restrictions of the disposable cards?,29,disposable_card_limits
how do i get my card back quickly from a bank machine that it?,18,card_swallowed
can you help me to quickly cancel a transaction i accidentally did to the wrong account?,8,cancel_transfer
i need to update my info.,30,edit_personal_details
what works for identity verification?,69,verify_my_identity
my card hasn't shown up yet.,11,card_arrival
how do i order a card?,43,order_physical_card
what do i do if my virtual card won't work.,72,virtual_card_not_working
what other credit cards can i use?,54,supported_cards_and_currencies
why do you have an identity check?,74,why_verify_identity
i'm trying to purchase crypto via the app. i haven't been able to get it to go through. am i doing something wrong?,7,beneficiary_not_allowed
i think the exchange rate was incorrect.,76,wrong_exchange_rate_for_cash_withdrawal
how do your exchange rates work?,32,exchange_rate
does it cost money to top up?,57,top_up_by_card_charge
how do i reactivate a card i thought i lost?,13,card_linking
show me how to change my pin?,21,change_pin
where do i access the auto top-up function?,4,automatic_top_up
will topping up by transfer lead to a charge on my account?,56,top_up_by_bank_transfer_charge
i received a different amount of cash than what i entered.,75,wrong_amount_of_cash_received
can i open an account for a child?,1,age_limit
the card is non-functional.,14,card_not_working
why would i be declined if i had money iin my account,26,declined_cash_withdrawal
contactless payments need to be enabled for my card.,23,contactless_not_working
what is the reason why the transfer shows as pending?,48,pending_transfer
if my card is about to expire how long would it take to receive a new one and how much would that cost me?,9,card_about_to_expire
why didn't the atm give me my money?,26,declined_cash_withdrawal
"since my card is about to expire, what do i do to get a new one?",9,card_about_to_expire
i do not know what this cash withdrawal is,20,cash_withdrawal_not_recognised
i haven't received my order and want a refund,52,request_refund
do you accept cheques for top ups?,58,top_up_by_cash_or_cheque
what are the steps to getting a virtual card?,40,getting_virtual_card
i withdrew money but the full amount wasn't dispensed.,75,wrong_amount_of_cash_received
i've just moved and i need to change my details,30,edit_personal_details
how does the exchange rate work?,32,exchange_rate
what is the age limit for opening a new account,1,age_limit
reason for my card to decline,25,declined_card_payment
i put some money in my account the other day but now its gone? why is this?,61,top_up_reverted
i'm travelling abroad but i've run into a situation where i need to change my pin immediately. can i do this from here?,21,change_pin
how do i change my identity?,69,verify_my_identity
where do i go to top up with cash?,58,top_up_by_cash_or_cheque
can you tell me what is wrong ? i top-up with you all the time but this time it just shows my top-up as pending. what is happening?,47,pending_top_up
"my phone was stolen, what should i do first?",42,lost_or_stolen_phone
how old do my children need to be to open an account?,1,age_limit
i want to go back on what i did this morning,8,cancel_transfer
what documents do i need to validate my identity?,69,verify_my_identity
why did it decline my payment?,25,declined_card_payment
what is the cost for exchanging currencies?,31,exchange_charge
remove my account immediately.,55,terminate_account
can someone assist me with the details explaining which fiat currencies that you support?,36,fiat_currency_support
what card or currency can i use to pay?,54,supported_cards_and_currencies
how many disposable cards can i make in a day?,29,disposable_card_limits
how long does a funds transfer take from one back to another?,67,transfer_timing
"my top up did not show up as shown and my money has disappeared, can you help me fix this glitch problem?",61,top_up_reverted
i think there has been a mistake on my exchange rate for this purchase.,17,card_payment_wrong_exchange_rate
is there a way to track the new card you sent me?,11,card_arrival
what is the current exchange rate?,32,exchange_rate
"hi. a couple hours ago i make a transfer from my uk bank account, but it hasn't shown up. please, would you see what the delay is?",5,balance_not_updated_after_bank_transfer
i can't access my account.,44,passcode_forgotten
"my card will expire soon, do i need to order a new one?",9,card_about_to_expire
i sent some money but the intended recipient says it hasn't arrived,66,transfer_not_received_by_recipient
it is extremely important that i cancel the transfer i made yesterday and put the money into a different account. is this possible?,8,cancel_transfer
i requested a virtual card but it is not showing up. why?,40,getting_virtual_card
why do i need to verify a top-up?,71,verify_top_up
i still don't have a card. how do i get one?,43,order_physical_card
i see a charge for a direct debit that was not me.,28,direct_debit_payment_not_recognised
i made a payment that is not yet complete.,45,pending_card_payment
i could not get money from an atm,26,declined_cash_withdrawal
why can't i use my virtual card for subscription services?,72,virtual_card_not_working
why am i not allowed to add a certain beneficiary?,7,beneficiary_not_allowed
the transfer i did hasn't arrived,66,transfer_not_received_by_recipient
can i add funds to the card directly from my bank account?,65,transfer_into_account
i made a cash withdrawal at an atm but it still says pending in my account.,46,pending_cash_withdrawal
is there a reason to why i was charged twice for a transaction?,63,transaction_charged_twice
can i add money to my account with cash?,58,top_up_by_cash_or_cheque
"my id verification hasn't gone through yet, but can i use my account anyway?",74,why_verify_identity
the wrong rate was applied to an item i bought in a currency different from mine. can this be changed?,17,card_payment_wrong_exchange_rate
i sent some money and the receiver can't access it.,66,transfer_not_received_by_recipient
"i am getting charged fees on some payments. please help me understand, where are these fees disclosed?",15,card_payment_fee_charged
when will my top up be applied?,47,pending_top_up
i hope you can help me. someone has stolen my wallet and now i have noticed that they have been taking money from my account.,20,cash_withdrawal_not_recognised
what are the currency types that i can keep money in.,36,fiat_currency_support
what can i do to verify my card?,71,verify_top_up
how do i go forth on transferring money into my account?,65,transfer_into_account
why was i charged a fee to transfer,64,transfer_fee_charged
how many transactions can i make with a disposable card,37,get_disposable_virtual_card
how are exchange rates determined?,32,exchange_rate
what do you charge for an exchange fee?,31,exchange_charge
how long does it actually take my card payment to make it to the account? i've made a payment a couple of days ago but it hasn't moved since.,45,pending_card_payment
why am i unable to transfer money when i was able to before?,7,beneficiary_not_allowed
someone stole my phone yesterday :( is there anything i need to do?,42,lost_or_stolen_phone
i think that there is a payment on my card that i did not authorize. i don't recognize the name attached to the transaction.,16,card_payment_not_recognised
"i got my american express in apple pay, why is top up not working correctly?",2,apple_pay_or_google_pay
how can i dispute a debit transaction?,28,direct_debit_payment_not_recognised
money is not in recipients account.,66,transfer_not_received_by_recipient
how do i reset the passcode?,44,passcode_forgotten
exchange rate on a purchase was incorrect,17,card_payment_wrong_exchange_rate
tell me how i can verify a card top-up.,71,verify_top_up
i need two cards. is this possible?,39,getting_spare_card
"i show another charge on my card from when i used it, why?",15,card_payment_fee_charged
can my friend send me money if it is not in us dollars?,50,receiving_money
my card is expiring so how fast can i get a new one and how much will it be?,9,card_about_to_expire
is the exchange rate the same on weekends as the weekdays?,32,exchange_rate
my salary comes in gbp can i change my options somewhere?,50,receiving_money
"if i exchange currencies on a regular basis, is there a discount?",31,exchange_charge
changing my pin,21,change_pin
why would an atm swallow my card?,18,card_swallowed
why didn't my top up work?,61,top_up_reverted
"how do i activate my card, so that i can start using it?",0,activate_my_card
i like mastercard better.,73,visa_or_mastercard
"i tried to top up using my card, but now the money just disappeared!",62,topping_up_by_card
what is this charge on my account,28,direct_debit_payment_not_recognised
i did a money transaction and the recipient doesn't see it,66,transfer_not_received_by_recipient
"yesterday, i made an incorrect payment to the wrong account for my rent payment. i need this addressed as soon as possible and the funds transferred to the correct account by no later than tomorrow.",8,cancel_transfer
i need a refund on a direct debit that shows in the app because i did not make it.,28,direct_debit_payment_not_recognised
how much does a transfer cost?,56,top_up_by_bank_transfer_charge
i have been charged two times for one transaction.,63,transaction_charged_twice
i keep getting an error message when i'm trying to transfer funds! why aren't you accepting that?,7,beneficiary_not_allowed
how do i go about getting a virtual card?,40,getting_virtual_card
is there a way yo change my pin?,21,change_pin
the exchange rate for my electronic payment is incorrect.,17,card_payment_wrong_exchange_rate
"i was trying to make a transfer and got an error message telling me it was not possible to make the transfer. this has never happened before, what happened?",7,beneficiary_not_allowed
i have a new card and i need to activate it.,0,activate_my_card
someone else might be using my card without my permission.,22,compromised_card
i left my phone at the hotel.,42,lost_or_stolen_phone
what do i do if an atm ate my card?,18,card_swallowed
the transfer i just made needs to be cancelled right now. it was my mistake. please help me cancel it before it goes through!,8,cancel_transfer
can i activate my card?,0,activate_my_card
what documents do i need to get together to verify my identity?,69,verify_my_identity
i don't know what pending transaction means.,45,pending_card_payment
"i am missing some funds from my account - i tried to transfer them using my credit card number, and it disappeared.",62,topping_up_by_card
i want to know why i have been unable to withdrawn funds.,26,declined_cash_withdrawal
can i use a credit card from the us to top up?,54,supported_cards_and_currencies
"the atm charged me an extra fee, why?",19,cash_withdrawal_charge
"i live in america, but i would like a card.",24,country_support
would you give me a mastercard and visa?,73,visa_or_mastercard
"hi there, i've tried to make a transfer 5 different times and its not working. is your system down or something?",35,failed_transfer
"my new card has arrived, what's the activation procedure?",0,activate_my_card
will i be charged a fee for exchanging foreign currencies?,31,exchange_charge
why is my withdrawl to cash still pending?,46,pending_cash_withdrawal
how long will it take for the money to reach my account?,67,transfer_timing
does my top up and apple pay work together?,2,apple_pay_or_google_pay
google play top up help?,2,apple_pay_or_google_pay
i have duplicate charges for the same transaction,63,transaction_charged_twice
why is my atm cash withdrawal showing up as a pending transaction?,46,pending_cash_withdrawal
do you charge if i use a european bank card for top up?,57,top_up_by_card_charge
i was charged an extra pound.,34,extra_charge_on_statement
i can't input my pin again.,49,pin_blocked
what is the max top-up?,60,top_up_limits
what is going on? my balance still hasn't updated and it has been two weeks since i deposited my money!,6,balance_not_updated_after_cheque_or_cash_deposit
is there a reason my new card hasn't arrived yet?,11,card_arrival
how is the current exchange rate?,32,exchange_rate
which countries do you operate in,24,country_support
i've forgotten my passcode. can i reset?,44,passcode_forgotten
"why am i being charged for atm cash withdrawals? the only reason i use it is because it's been free! now you expect me to pay for them, and how much is that going to cost me?",19,cash_withdrawal_charge
how many different currencies can i have my money in?,36,fiat_currency_support
what payment methods are used to top up?,54,supported_cards_and_currencies
where can i find my pin?,38,get_physical_card
"hi, i was looking over my card receipts for the past week and i realize i had a charge put through two times for the same single restaurant visit. can one of the charges be removed so that i can get the money back that was mistakenly taken from my account?",63,transaction_charged_twice
to receive money are there charges?,56,top_up_by_bank_transfer_charge
the exchange rate was wrong when i bought something outside the country.,17,card_payment_wrong_exchange_rate
"i have used all my pin tries, what now?",49,pin_blocked
what was the extra charge for using my card?,15,card_payment_fee_charged
can i use my card anywhere?,10,card_acceptance
i tried withdrawing money in another country and the exchange rate was wrong.,76,wrong_exchange_rate_for_cash_withdrawal
something's wrong my card won't work.,14,card_not_working
i received duplicate charges.,63,transaction_charged_twice
"i needed to send my friends some money urgently. i tried multiple times to transfer the money this morning, but the transfer keeps failing. can you tell me why the transfer is getting rejected?",35,failed_transfer
how many digits identify the top-up verification code?,71,verify_top_up
the atm won't give back my card,18,card_swallowed
i'd like to cancel a transfer,8,cancel_transfer
what is this fee for transfering,64,transfer_fee_charged
what is the process to link the new card?,13,card_linking
i have exceeded the number of times i can try my pin,49,pin_blocked
i would like to know what exchange rates you use?,32,exchange_rate
i have a transaction that shows several times,63,transaction_charged_twice
what are my options for holding money in multiple currencies?,36,fiat_currency_support
do you accept mastercard?,54,supported_cards_and_currencies
i need assistance with understanding which fiat currencies that you support.,36,fiat_currency_support
when will my new card be delivered?,11,card_arrival
what's the process for terminating an account?,55,terminate_account
why am i being charged for withdrawing cash but haven't in the past?,19,cash_withdrawal_charge
i think my card is lost. what do i do?,41,lost_or_stolen_card
what do i do if i can't prove my identity?,68,unable_to_verify_identity
"i have made a withdraw from an atm this last holiday, why is there such a high charge from this transaction?",76,wrong_exchange_rate_for_cash_withdrawal
i changed my mind on something i purchased through you and i need the transaction canceled and a refund as soon as possible. can you help me please?,52,request_refund
i thought cash withdrawals didn't have a fee,19,cash_withdrawal_charge
what should i do if i think someone is using my card without my permission?,22,compromised_card
cash withdrawal still pending?,46,pending_cash_withdrawal
i think someone stole my card number and brought stuff in different places that i have never been to. i need to suspend any further purchase on my credit card.,22,compromised_card
reasons for top up cancellation.,61,top_up_reverted
i need to know where this charge is coming from?,16,card_payment_not_recognised
"there's a problem - i bought something about a week or two ago but just today the payment somehow came back into my account! i already received the item though, what's going on here?",53,reverted_card_payment?
my new card needs activating.,0,activate_my_card
will there be a fee if i receive a sepa transfer,56,top_up_by_bank_transfer_charge
i just realized i made the wrong transaction yesterday. would you please make it correct?i need it by tomorrow please.,8,cancel_transfer
i am not recognized by the app.,68,unable_to_verify_identity
my attempted transfer failed.,35,failed_transfer
why hasn't my id been verified?,68,unable_to_verify_identity
how much is it to send out additional cards?,39,getting_spare_card
can you please explain why the exchange rate for the item i bought is wrong?,17,card_payment_wrong_exchange_rate
i would like my money back for an item i purchased,52,request_refund
i have an unusual payment in my statement,16,card_payment_not_recognised
is this card accepted by atms?,3,atm_support
what is the difference between standard and express delivery?,12,card_delivery_estimate
why wouldn't my withdrawal go through?,26,declined_cash_withdrawal
"i would like to make a purchase, however my card has been declined. i would like to ask the reason for this. the past two weeks, the card has been working fine.",53,reverted_card_payment?
i am trying to transfer money and something is going wrong.,35,failed_transfer
for what reason is my transfer still pending now?,48,pending_transfer
i prefer to get a mastercard.,73,visa_or_mastercard
how come i don't see my deposit in my account yet?,6,balance_not_updated_after_cheque_or_cash_deposit
"what are my options for topping up, automatic and/or manual?",4,automatic_top_up
one of my card payments looks like it's stuck but i have made the payment days ago. how long until the payment will be applied to my account?,45,pending_card_payment
should i just wait until the post office sends a change of address form?,30,edit_personal_details
"my top-up was reverted, why did this happen?",61,top_up_reverted
i dont have identification,68,unable_to_verify_identity
the atm gave me the wrong amount of cash today when i went to withdraw. the app says it was more.,75,wrong_amount_of_cash_received
"i am traveling to germany, will i be able to use my card there?",10,card_acceptance
how long will it take to transfer something to china urgently?,67,transfer_timing
what kind of fee is there to top-up my account?,56,top_up_by_bank_transfer_charge
is there a location where i can change my pin?,21,change_pin
the bank charged me fees for withdrawing cash!,19,cash_withdrawal_charge
where can i verify my identity?,69,verify_my_identity
how can i add physical money to my card?,58,top_up_by_cash_or_cheque
what's up with the extra fee i got?,19,cash_withdrawal_charge
no visa please. i want to continue with mastercard.,73,visa_or_mastercard
hello! i need to order a disposable virtual card. where can i do that at?,37,get_disposable_virtual_card
can you tell me where to go to get a disposable virtual card?,37,get_disposable_virtual_card
it's requiring me to verify my identity?,74,why_verify_identity
why did i only receive this much currency?,76,wrong_exchange_rate_for_cash_withdrawal
what kind of fiat currencies are supported for holding and exchange?,36,fiat_currency_support
there is a transaction from my account that i don't recognize can you trace back the information so i can make sure it's something i did or not?,28,direct_debit_payment_not_recognised
are there limits to businesses that will accept this card?,10,card_acceptance
i'm getting concerned here. i sent a friend some money and she isn't seeing it. what's going on?,66,transfer_not_received_by_recipient
so the transfer finally worked but now it's been pending for quite a long time. how long do you expect me to wait for it? it's quite urgent,48,pending_transfer
"i can not seem to make a successful transfer, can you tell me what i'm doing wrong?",35,failed_transfer
which country's currency do you support?,36,fiat_currency_support
when i made a cash transfer abroad the wrong exchange rate was applied,76,wrong_exchange_rate_for_cash_withdrawal
how to receive transfers from my employer when i get paid in gbp?,50,receiving_money
will my card be a mastercard or a visa?,73,visa_or_mastercard
"i was abroad and needed some cash, but i think the wrong exchange rate was applied to the transaction.",76,wrong_exchange_rate_for_cash_withdrawal
is my country's currency supported by your system?,36,fiat_currency_support
can i change the amount i made on a payment that i made to the payment is correct.,8,cancel_transfer
why has my top-up failed?,59,top_up_failed
can i cash deposit to top up my account,58,top_up_by_cash_or_cheque
i paid with my card and ended up being charged a fee.,15,card_payment_fee_charged
how can i add money automatically?,4,automatic_top_up
"can you point me in the right direction of where to go to roder a disposable virtual card, i can't seem to find it.",37,get_disposable_virtual_card
i tried using my credit card with top up but it didn't work! i thought it was supposed to?,59,top_up_failed
how can i create another card linked to this account?,39,getting_spare_card
why is the exchange rate so high? this should have been a much higher amount of cash for that to apply.,76,wrong_exchange_rate_for_cash_withdrawal
did not receive correct cash upon withdrawal,75,wrong_amount_of_cash_received
i have been trying to make a transfer and it won't go through. i have checked all the receipts and its all correct but still won't let me do it.,27,declined_transfer
"i made a deposit a couple of days back it's, as of yet, not gone in! it would be ideal if you assist me with this",6,balance_not_updated_after_cheque_or_cash_deposit
why did i get charged a fee for my transfer?,64,transfer_fee_charged
"since i need to exchange currencies frequently, would you be able to offer me a discount?",31,exchange_charge
i don't need to transfer anymore and i want to cancel it.,8,cancel_transfer
i see a charge of 1l i do not recognize on my statement,34,extra_charge_on_statement
what form of payments can i use for topping up?,58,top_up_by_cash_or_cheque
"for some reason, i'm unable to transfer funds.",7,beneficiary_not_allowed
i couldn't make a transfer because it was declined,27,declined_transfer
am i able to get a card in eu?,24,country_support
are there fees for using an international card to top up?,57,top_up_by_card_charge
i tried activating my bill of fare and it didn't workplace,0,activate_my_card
can i use a bank transfer to add money to my account?,65,transfer_into_account
can i still use my account without verifying my identity?,74,why_verify_identity
where can i find out where my funds came from?,70,verify_source_of_funds
i was charged the wing amount for an item.,17,card_payment_wrong_exchange_rate
"please help me get a new card, i reside in the united states.",24,country_support
what should i do if my phone is lost or stolen?,42,lost_or_stolen_phone
let me know when you charge extra for payments please. i just checked the app earlier when i saw that there was an additional fee on one of the payments that i wasn't warned about before.,15,card_payment_fee_charged
can i schedule future top ups?,4,automatic_top_up
what is the time period for money to be transferred?,67,transfer_timing
what do i do if the atm took my card?,18,card_swallowed
what is the charge for using a top up card in the us?,57,top_up_by_card_charge
why was a payment i made reverted?,53,reverted_card_payment?
why can i not do a transfer,7,beneficiary_not_allowed
i need to know about exchange rates,32,exchange_rate
i deposited a cheque but the cash hasn't arrived yet,6,balance_not_updated_after_cheque_or_cash_deposit
how do i unblock my pin?,49,pin_blocked
when my card expires do you send a new card?,9,card_about_to_expire
what is the top up rate charge for using a card in the us?,57,top_up_by_card_charge
the right amount of cash was not sent to me.,75,wrong_amount_of_cash_received
why are all my identity details required,74,why_verify_identity
can you explain what this random $1 charge is?,34,extra_charge_on_statement
my pin isn't here yet,38,get_physical_card
what currencies can i exchange between on your app?,33,exchange_via_app
"my top-up was cancelled, could my bank be the problem?",61,top_up_reverted
i made a withdraw from the atm this past holiday and it seems like a was charged too much. if i would have known about these charges i wouldn't have made a withdraw.,76,wrong_exchange_rate_for_cash_withdrawal
"card payment was declined, do you know why?",25,declined_card_payment
how can i tell if there will be a fee added to my payment or not?,15,card_payment_fee_charged
is it possible to get a new card in china?,9,card_about_to_expire
what is the maximum top up?,60,top_up_limits
i see an unauthorized withdraw.,20,cash_withdrawal_not_recognised
why has my card payment been reverted?,53,reverted_card_payment?
my payment is in the app but hasn't gone through yet,45,pending_card_payment
do you work with all fiat currencies?,36,fiat_currency_support
does it cost money for currency exchange services?,31,exchange_charge
"i can't see if the transfer i did a couple days ago is in my account yet. i double checked my info before sending, too. can you check this?",66,transfer_not_received_by_recipient
"hi, is everything in good standing with my card? i am receiving multiple ""decline"" messages.",25,declined_card_payment
is the top up feature available on the apple watch?,2,apple_pay_or_google_pay
"i cant find my card, it's gone.",41,lost_or_stolen_card
can you explain why my google pay top isn't working?,2,apple_pay_or_google_pay
how do i set up my apple pay watch to connect to my account,2,apple_pay_or_google_pay
when will my payment go through?,45,pending_card_payment
i tried to transfer money but it didn't go through,35,failed_transfer
"i was charged a transfer fee, why is that?",64,transfer_fee_charged
"my bank app said that i got cash from an atm, but that's a mistake.",20,cash_withdrawal_not_recognised
will there be any fees for top ups?,57,top_up_by_card_charge
do i need to verify my identity?,74,why_verify_identity
it is urgency. please freeze my card now. as someone in some odd remote town has withdrawn some money by using my card. as i did not withdraw any money.,20,cash_withdrawal_not_recognised
im very upset as my top-up was canceled and i have no idea why.,61,top_up_reverted
"i made a card payment, but it has been declined?",25,declined_card_payment
"please, i need your help as to whether or not you have money for a large refunded purchase i made. i requested it some time ago from the seller, but nothing is showing up.",51,Refund_not_showing_up
why is there a fee for withdrawing?,19,cash_withdrawal_charge
"apple pay is not accepting my american express card, can you assist me with this problem?",2,apple_pay_or_google_pay
"my transfers keep on getting declined. my card was working fine up until now, however it has suddenly stopped working. why is this?",27,declined_transfer
the atm wouldn't give out cash,26,declined_cash_withdrawal
why do you require so many identity details?,74,why_verify_identity
what is the source of my money?,70,verify_source_of_funds
i bought something and returned it and the money from the return isn't in my account.,51,Refund_not_showing_up
can i use my apple watch to top up?,2,apple_pay_or_google_pay
"i may no longer need gbp, but instead i will need aud, how can i go about making this change?",33,exchange_via_app
how long does a check take to show up in the account balance?,6,balance_not_updated_after_cheque_or_cash_deposit
why was my atm withdrawal cancelled?,26,declined_cash_withdrawal
"hello. i looked at my account and see that a transaction i tried to do is pending, but i did not complete that transaction. when i was at the atm, the machine declined my card. can you make sure that transaction does not go through because i definitely did not receive the money.",46,pending_cash_withdrawal
how do i top up my account using transfer?,65,transfer_into_account
the exchange rate you gave me for my cash withdrawal is wrong,76,wrong_exchange_rate_for_cash_withdrawal
how do i verify my identity?,69,verify_my_identity
i swear that there are 2 payments on the app that i didn't make. could my card me stolen? please advise what i should do.,16,card_payment_not_recognised
why am i charged to get money from the atm?,19,cash_withdrawal_charge
my card payment has been cancelled,53,reverted_card_payment?
i want to choose a new pin.,21,change_pin
there is a direct debit i do not recognise in my statement,28,direct_debit_payment_not_recognised
can i be charged for topping up by card,57,top_up_by_card_charge
why is my 'top up' not showing up in my wallet?,62,topping_up_by_card
i have a duplicate payment on my card.,63,transaction_charged_twice
my refund has not yet been credited on my statement,51,Refund_not_showing_up
a transaction is showing more than once.,63,transaction_charged_twice
has my top up gone through?,47,pending_top_up
i sent money and the recipient has not received their money after two weeks.,66,transfer_not_received_by_recipient
what type of card can i use to top up?,54,supported_cards_and_currencies
i didn't cancel my card payment.,53,reverted_card_payment?
when will my deposit from this morning show up?,6,balance_not_updated_after_cheque_or_cash_deposit
i'm still waiting for my new card.,11,card_arrival
i tried to make a purchase in the store but my card was declined.,25,declined_card_payment
can i receive a refund for an item i purchased?,52,request_refund
are extra charges added for sending out additional cards?,39,getting_spare_card
can you tell me why my transfer failed?,35,failed_transfer
how do a reverse a duplicated charge?,63,transaction_charged_twice
what atms will accept this type of card?,3,atm_support
what do you require to verify someone's identity?,69,verify_my_identity
can it add money every so often automatically while i travel?,4,automatic_top_up
what kind of atm's can i use?,3,atm_support
"it appears my card expires next month, can i order a new one?",9,card_about_to_expire
i happened to forget my passcode,44,passcode_forgotten
"i tried to withdraw cash, but got declined!",26,declined_cash_withdrawal
can you assist me in acquiring a virtual card?,40,getting_virtual_card
what should i do if i've tried to enter my pin too often?,49,pin_blocked
is there a charge to use a top up card in the us?,57,top_up_by_card_charge
"i am tired of getting charged fees, and i have no idea why, please let me know what/when you charge fees for.",15,card_payment_fee_charged
"i paid my rent into the wrong account, could you please pay it into the right account, it needs to be done by tomorrow.",8,cancel_transfer
"there is an incoming payment into my account, but it is deactivated. will they still be processed?",36,fiat_currency_support
the money i transferred didnt arrive,66,transfer_not_received_by_recipient
i have exceeded all my pin tries,49,pin_blocked
can i top-up automatically?,4,automatic_top_up
can i track my card while it is in the process of delivery?,11,card_arrival
can i be given a new passcode?,44,passcode_forgotten
"i deposited a check yesterday to up my account balance, but that deposit hasn't shown up yet. it's been a day already!",6,balance_not_updated_after_cheque_or_cash_deposit
"there are incorrect charges on my account, there was a wd that was made by someone else. i still have my card though.",20,cash_withdrawal_not_recognised
can i top up from a usa credit card,54,supported_cards_and_currencies
could i get tracking on the card?,11,card_arrival
how many countries do you work in?,24,country_support
why do i see an extra fee on my statement?,34,extra_charge_on_statement
my new landlord is a lier and is trying to rip me off by saying i've not paid my rent when i have paid my rent. what is going on? they say the money hasn't got to them but i see it going out of my account. can you check that the money went to the right place?,66,transfer_not_received_by_recipient
i am not satisfied with your company. close my account.,55,terminate_account
"which card would i get, visa or mastercard?",73,visa_or_mastercard
"i need assistance finding out why i am unable to top-up my card, it keeps getting refused. it is extremely imperative i get this resolved quickly.",59,top_up_failed
where did this extra €1 fee on my statement come from?,34,extra_charge_on_statement
i need my card immediately.,12,card_delivery_estimate
i see that i have been charged multiple times for the same transaction.,63,transaction_charged_twice
i sent money to someone but they haven't gotten it yet,66,transfer_not_received_by_recipient
is there a specific date it can be delivered by?,12,card_delivery_estimate
help! my wallet was stolen and someone is taking money out. i need this money! what can i do?,20,cash_withdrawal_not_recognised
i just got my new card. how can i activate it?,0,activate_my_card
i want to get a virtual card!,40,getting_virtual_card
my salary is in gbp - what should i do?,50,receiving_money
how many virtual cards do i get?,29,disposable_card_limits
for some reason my account's been charged an extra dollar.,34,extra_charge_on_statement
at which atms can i use this card?,3,atm_support
how long will it take the money to appear in my account?,67,transfer_timing
"in a month, my card will reach its expiration date, am i required to request the next card?",9,card_about_to_expire
"i have found my lost or stolen card, would i still have to activate the new card that was sent to me through the mail in order to access my account?",13,card_linking
there are duplicate transactions on my account,63,transaction_charged_twice
i was just contacted by a seller that let me know they didn't get my money even though i'm very sure it was removed from my account. now it's back in my account. get this resolved quickly.,53,reverted_card_payment?
"i was out today looking forward to paying with my new card, turns out the payment kept getting declined. this is really sad, what's going on?",25,declined_card_payment
the cash deposit i made this morning has not been credited to my account,6,balance_not_updated_after_cheque_or_cash_deposit
can i have a refund for one of your products?,52,request_refund
why am i getting declines when trying to make a purchase online?,27,declined_transfer
my credit card was declined for top-up. can you see if there is enough funds in my account?,59,top_up_failed
"my card is about to expire, what do i do?",9,card_about_to_expire
is there a way to reset my pin?,49,pin_blocked
tell me which cards and what currency is supported.,54,supported_cards_and_currencies
a transaction on my card shows as pending.,45,pending_card_payment
i need help fixing my contactless. it's not working anywhere i go today.,23,contactless_not_working
why was i charged a higher exchange rate when i bought something abroad?,17,card_payment_wrong_exchange_rate
where can i sign up for a virtual card?,40,getting_virtual_card
how can i dispute a direct debit charge on my account?,28,direct_debit_payment_not_recognised
"i requested a refund, and never received it. what can i do?",51,Refund_not_showing_up
i got an unexpected charge on my transfers. how can i correct this?,64,transfer_fee_charged
why was there a fee on my cash withdrawal?,19,cash_withdrawal_charge
there is a payment that i was charged two times for.,63,transaction_charged_twice
i would like to close my account.,55,terminate_account
what is the process of obtaining a disposable virtual card,37,get_disposable_virtual_card
my card hasn't been working when i try to use it.,14,card_not_working
transactions on my card look really weird. i've been charged twice for a couple things this week! please check this and return the double charged ones.,63,transaction_charged_twice
for what reason was my transfer declined?,27,declined_transfer
the card pin is not visible anywhere?,38,get_physical_card
i recently made a transfer that i would like to cancel,8,cancel_transfer
what would be the reason there's an extra fee on my statement?,34,extra_charge_on_statement
what kind of currency can i hold money in?,36,fiat_currency_support
why can't i get cash?,26,declined_cash_withdrawal
i withdrew cash abroad and the exchange rate applied is wrong.,76,wrong_exchange_rate_for_cash_withdrawal
how do i activate a new card?,0,activate_my_card
there is a cash withdrawal in my account that isn't mine.,20,cash_withdrawal_not_recognised
why did i get charged a fee on my card?,15,card_payment_fee_charged
how long do i need to wait to see an update after i make a bank transfer?,5,balance_not_updated_after_bank_transfer
what do i need to do to verify the source of my funds?,70,verify_source_of_funds
how do my friends top up my account,62,topping_up_by_card
"with my new card, how may i activate it?",0,activate_my_card
"i didn't get cash from an atm, but the app says i did",20,cash_withdrawal_not_recognised
i have a charge for something i didn't buy.,16,card_payment_not_recognised
can you please sort out your top up? i need this to go through asap because i really need the money. it's already been pending for an hour.,47,pending_top_up
is it possible to access my phone from the hotel/,42,lost_or_stolen_phone
"when i top-up, the app reverts it.",61,top_up_reverted
do you accept checks?,58,top_up_by_cash_or_cheque
why wasn't my payment to beneficiary x approved?,7,beneficiary_not_allowed
i have kids and i'm curious at what age could they start to use your service.,1,age_limit
i bought something online a week ago and i never got it in the mail.can i just get my money back now i don't want to keep waiting on something that isn't going to show up.,52,request_refund
can you explain your exchange rate policy? i don't think i received the correct amount of cash in my atm transaction.,76,wrong_exchange_rate_for_cash_withdrawal
i tried the wrong pin too many times.,49,pin_blocked
am i allowed to transfer money to a beneficiary?,7,beneficiary_not_allowed
i need my purchase cancelled.,52,request_refund
i can't use the app. my phone is lost at the hotel.,42,lost_or_stolen_phone
will i have to pay extra to exchange money?,31,exchange_charge
why am i being charged extra when i withdrew money?,19,cash_withdrawal_charge
can you explain where i can find the auto-top option?,4,automatic_top_up
"what is source of my funds, need to verify",70,verify_source_of_funds
can i electronically transfer funds into my account from my american express?,54,supported_cards_and_currencies
where can i find the verification code for the top up card?,71,verify_top_up
my statement has a payment that i do not recall making,16,card_payment_not_recognised
"unhappy with you, how to delete account",55,terminate_account
"when i want to transfer money to my account, how can i do that?",65,transfer_into_account
do i have to pay for topping up by transfer?,56,top_up_by_bank_transfer_charge
do i have to pay for exchanging currencies?,31,exchange_charge
i have a pending transaction,48,pending_transfer
i can't see my refund in my history.,51,Refund_not_showing_up
what all am i required to show for the identity check?,69,verify_my_identity
why can't i transfer money to a beneficiery?,7,beneficiary_not_allowed
how much does currency exchange cost?,31,exchange_charge
my pin is not working and i need assistance.,49,pin_blocked
are you available in my country?,24,country_support
i can't access my money. is it because somethings wrong with the top-up? i set it up correctly.,59,top_up_failed
what cards and currencies can i use?,54,supported_cards_and_currencies
help! i forgot my password.,44,passcode_forgotten
how can i order a card?,43,order_physical_card
can you tell me the countries you operate in?,24,country_support
where do i go if i want to link my new card?,13,card_linking
what's the tracking on the card you sent?,11,card_arrival
"hi, i tried to withdraw some money from an atm and the machine was broken. it says that the transaction is still in progress. can you double check to see what's happening? i don't want to be charged since i was not able to withdraw the money.",46,pending_cash_withdrawal
why does a payment show up twice?,63,transaction_charged_twice
what steps do i have to take to change my pin?,21,change_pin
can my card be used everywhere?,10,card_acceptance
how do i top up by cheque?,58,top_up_by_cash_or_cheque
you have declined my payment.,25,declined_card_payment
"is there a fee when i get cash from an atm? is there a limit i can take out? if there is a fee, what is it?",19,cash_withdrawal_charge
"this is terrible, i want to delete my account",55,terminate_account
visa and mastercard can both be received from you?,73,visa_or_mastercard
where can i find an atm to use this card?,3,atm_support
how do i find the code needed in order to verify my top-up card?,71,verify_top_up
card is being used by someone else,22,compromised_card
"if i feel someone has my card information, can i get a new card?",22,compromised_card
"if my card expires next month, will i need to order a new one?",9,card_about_to_expire
how do i set up an account for my children?,1,age_limit
i am required to make several disposable cards every day.,29,disposable_card_limits
why can't i verify my identity?,68,unable_to_verify_identity
my transfer's stuck on pending.,48,pending_transfer
my address details have changed and i want to update them,30,edit_personal_details
please help! i was mugged and everything stolen. what do i do to stop them from accessing my account?,42,lost_or_stolen_phone
where can i use this card at an atm?,3,atm_support
do you know if i can use this for my salary?,50,receiving_money
how do i begin the process of a refund?,52,request_refund
i have been charged twice on my statement.,63,transaction_charged_twice
the card payment i made didn't work.,25,declined_card_payment
"my phone was taken yesterday, is there something that i need to do?",42,lost_or_stolen_phone
"why did the person i transferred money to not receive the correct amount? what should i do to get them the right amount, do i have to transfer more money to them?",64,transfer_fee_charged
i made a cash withdrawal but the pending status is taking forever.,46,pending_cash_withdrawal
how do i use the top up app with my apple watch?,2,apple_pay_or_google_pay
can you tell me what i need for identity validation?,69,verify_my_identity
status of the card i ordered.,11,card_arrival
when does my transfer from the us arrive in my account?,67,transfer_timing
i would like to be assisted with the activation of my card.,0,activate_my_card
how long does it take for cards to be delivered after ordering them?,12,card_delivery_estimate
i can't figure out how to transfer money into my account.,65,transfer_into_account
do you charge extra for topping up with a debit or credit card?,57,top_up_by_card_charge
yikes! i didn't get the amount of money that i requested. what do i do now?,75,wrong_amount_of_cash_received
i use gbp for my salary deposits. must i set this up somewhere?,50,receiving_money
can i unblock my pin in the app?,49,pin_blocked
it looks like my card payment was sent back.,53,reverted_card_payment?
is my child too young to sign up?,1,age_limit
what's going on? my card wont accept any transactions.,14,card_not_working
i am seeing in the app a some cash withdrawal that its not mine,20,cash_withdrawal_not_recognised
i didn't receive my money earlier and it says the transaction is still in progress. can you fix it?,46,pending_cash_withdrawal
my top up was denied,59,top_up_failed
i just got $20 when i tried to get $100,75,wrong_amount_of_cash_received
what do i need to do to change my pin?,21,change_pin
i purchased something abroad but the exchange rate is incorrect.,17,card_payment_wrong_exchange_rate
i need to modify my details.,30,edit_personal_details
someone might be using my card that is not me.,22,compromised_card
why has my deposit in the atm not cleared yet?,46,pending_cash_withdrawal
"my new card isn't in my app, how do i get it in there?",13,card_linking
why is my payment in pending status?,45,pending_card_payment
can i have one of the virtual cards?,40,getting_virtual_card
i couldn't get the money i needed.,75,wrong_amount_of_cash_received
i did not receive my full withdrawal amount,75,wrong_amount_of_cash_received
i bought something and now i want a refund.,52,request_refund
my daughter needs an acount.,1,age_limit
i was trying to top-up and my credit card was declined. can you tell me why?,59,top_up_failed
why is my cash withdrawal from the atm still not yet showing as confirmed in my account?,46,pending_cash_withdrawal
there are a couple payments with my card displayed in the app which i didn't make. what is happening? maybe someone has access to my card.,16,card_payment_not_recognised
my money is all gone. what ways are okay to add money to my account?,65,transfer_into_account
i tried withdrawing but my cash is not showing up?,75,wrong_amount_of_cash_received
are there steps to see where my funds come from?,70,verify_source_of_funds
why was my withdrawal requested cancelled by the atm?,26,declined_cash_withdrawal
"even though i made a cash deposit, i am not seeing it in my account.",6,balance_not_updated_after_cheque_or_cash_deposit
the balance on my account didnt change when i transferred money,5,balance_not_updated_after_bank_transfer
is there a charge for sepa transfers?,56,top_up_by_bank_transfer_charge
cancel my last transfer,8,cancel_transfer
what's the best way to use a cheque to top up?,58,top_up_by_cash_or_cheque
what atms can i use this card?,3,atm_support
i live in the us but want to get a card,24,country_support
what countries will my card be supported in?,24,country_support
why have i been charged an extra pound?,34,extra_charge_on_statement
after purchasing an item i noticed the exchange rate was incorrect.,17,card_payment_wrong_exchange_rate
which atms accept this circuit board ?,3,atm_support
what is the word?,28,direct_debit_payment_not_recognised
is going to a bank only way to change my pin?,21,change_pin
which countries are you available in?,24,country_support
which countries are you in?,24,country_support
there is a 1£ charge that appears as pending on my statement. what is that? i haven't purchased anything for a pound there.,34,extra_charge_on_statement
"can i check somewhere if there will be a fee on my payment or not? seems you are charging in some cases, what's the pattern there?",15,card_payment_fee_charged
there is a direct debit patentp that i haven't authorized.,28,direct_debit_payment_not_recognised
i could not do a transfer because it was declined,27,declined_transfer
is there a way to use this app with a disposable virtual card?,37,get_disposable_virtual_card
how do you determine exchange rates?,32,exchange_rate
"i need to top up, can i use google pay?",2,apple_pay_or_google_pay
i'm not able to verify my identity.,68,unable_to_verify_identity
the atm didn't give me all my cash,75,wrong_amount_of_cash_received
is there a limit on top-ups?,60,top_up_limits
can i exchange currency to europe?,36,fiat_currency_support
i would like to cancel my previous purchase.,52,request_refund
will you reinstate my pin?,49,pin_blocked
i have paid money into my account but it doesn't show.,6,balance_not_updated_after_cheque_or_cash_deposit
if my kids wanted to use your service how old would they have to be?,1,age_limit
the atm wouldn't let me withdraw cash.,26,declined_cash_withdrawal
is there a top charge for us cards?,57,top_up_by_card_charge
is it really necessary to verify my identity?,74,why_verify_identity
what do i have to do to change my pin?,21,change_pin
can i request a card?,43,order_physical_card
i'd like to make a new pin selection.,21,change_pin
my card seems to not be working at all.,14,card_not_working
i have tried sending a standard transfer five times and it hasn't gone through. what is the problem?,35,failed_transfer
i couldn't get money from the atm,26,declined_cash_withdrawal
can this app be used to exchange currencies?,33,exchange_via_app
i am confused why there is cash i did not accept in my account,20,cash_withdrawal_not_recognised
i want to top up with my apple watch.,2,apple_pay_or_google_pay
my card got charged twice for the same thing!,63,transaction_charged_twice
i was checking my statement and i think one of my card payments has reverted,53,reverted_card_payment?
i need my card now!,12,card_delivery_estimate
can i link my card i previously received?,13,card_linking
can apple pay handle top up exchanges?,2,apple_pay_or_google_pay
how much am i allowed to top-up?,60,top_up_limits
"i went to the store and tried to make a purchase. the first time, it was declined, but the second one went through. but my app shows me that i've already been charged once and the second charge is still pending. can you make sure that i'm not charged twice?",63,transaction_charged_twice
was my card payment reverted?,53,reverted_card_payment?
is there a fee for exchanging currencies?,31,exchange_charge
there's a direct debit payment that i don't recognize.,28,direct_debit_payment_not_recognised
will there be a cost if i exchange currency?,31,exchange_charge
why did i not get the amount of money i requested?,75,wrong_amount_of_cash_received
are there any places that i can't use the disposable cards at?,29,disposable_card_limits
"hi, i don't think your exchange rate is right. i need you to check the official interbank exchange please.",17,card_payment_wrong_exchange_rate
i was charged an extra pound for no reason. why is that?,34,extra_charge_on_statement
"my cash withdrawal says pending, why?",46,pending_cash_withdrawal
why did a transaction i made charge me $1?,34,extra_charge_on_statement
can you provide me a disposable virtual card?,37,get_disposable_virtual_card
would it be possible to activate my card?,0,activate_my_card
the rate of exchange for my card payment is incorrect,17,card_payment_wrong_exchange_rate
i attemped a transfer and it didn't go through.,35,failed_transfer
how much do you charge for exchange rates?,31,exchange_charge
what is your refund policy for products i have purchased?,52,request_refund
show me please how to reset my passcode.,44,passcode_forgotten
i'm being asked for a verification code. where do i find it?,71,verify_top_up
my card is just not working at this time.,72,virtual_card_not_working
why can't my id be verified?,68,unable_to_verify_identity
can i change my address?,30,edit_personal_details
why is a money transfer not showing?,48,pending_transfer
it seems there is an incorrect listing of a direct debit payment on my app that i did not make,28,direct_debit_payment_not_recognised
how does a transfer work?,65,transfer_into_account
what can i pay with? does cash work?,58,top_up_by_cash_or_cheque
i am looking for my top-up verification code and cannot find it.,71,verify_top_up
can i use top-up with apple pay?,2,apple_pay_or_google_pay
my card payment failed.,25,declined_card_payment
can you tell me why i was charged extra when i withdrew money?,19,cash_withdrawal_charge
"daughter needs card, how do i add her",39,getting_spare_card
the transfer that i was trying to complete was declined. what was the cause?,27,declined_transfer
i can't verify identity through the app.,68,unable_to_verify_identity
"i know i entered the right info, but my top up isn't in my balance",62,topping_up_by_card
where is the cash from my cheque i recently deposited?,6,balance_not_updated_after_cheque_or_cash_deposit
how can i tell where my funds came from?,70,verify_source_of_funds
which cards and currencies are supported?,54,supported_cards_and_currencies
where can i view my pin?,49,pin_blocked
how to decide if i get a visa or mastercard?,73,visa_or_mastercard
can i top up any amount?,60,top_up_limits
tell me why my virtual disposable card won't work.,72,virtual_card_not_working
i was charged a fee for a card payment. why?,15,card_payment_fee_charged
why is my top up not completing?,47,pending_top_up
why is it taking so long to update my balance transfer?,5,balance_not_updated_after_bank_transfer
i can't get my card out of the atm,18,card_swallowed
"i am seeing a weird payment showing up that i know i did not make, how can i get it cancelled?",28,direct_debit_payment_not_recognised
what locations can a card be delivered to?,43,order_physical_card
what kind of fees will i pay when i transfer?,64,transfer_fee_charged
how can i locate the virtual card?,40,getting_virtual_card
canceling my order is what i need to do right now.,52,request_refund
i am in the eu. can i get one of your cards?,24,country_support
in which countries does your app work,24,country_support
how can i replace an expired card?,9,card_about_to_expire
i am confused as to why my transfer could still be pending.,48,pending_transfer
"if i receive foreign currencies, am i able to exchange them on the app?",33,exchange_via_app
is apple pay eligible for top up,2,apple_pay_or_google_pay
why would my card payment be reverted?,53,reverted_card_payment?
i just sent money but the person i sent it to doesn't see it. what happened?,66,transfer_not_received_by_recipient
"i live in the eu, can i get one of your cards?",24,country_support
how would i go about getting a second card?,39,getting_spare_card
why is my cash withdrawal still pending?,46,pending_cash_withdrawal
"how long does eu transfer take? i bought something online a couple days ago , sent the money immediately online but the seller says it is still not there yet",48,pending_transfer
i don't know where this debit transaction on my statement came from.,28,direct_debit_payment_not_recognised
is a physical card also available,43,order_physical_card
i'm trying to use my apple watch to top up my google pay. do i need a special app?,2,apple_pay_or_google_pay
should my cash withdrawal still be pending?,46,pending_cash_withdrawal
can i reactivate my card? i reported it lost and found it this morning in my jacket.,13,card_linking
can i top up by cheque?,58,top_up_by_cash_or_cheque
my account transfer was blocked.,7,beneficiary_not_allowed
"if i exchange currency frequently, can i get a discounted rate?",31,exchange_charge
what is the maximum number of transactions that i can put on a disposable card?,29,disposable_card_limits
"how long does it take to activate the card, as it does not look like its working?",0,activate_my_card
i cant find my card.,41,lost_or_stolen_card
my card hasn't arrived yet.,11,card_arrival
there are a couple of payments with my card shown in the app that i really didn't make myself. what's going on with this?,16,card_payment_not_recognised
is my account accessible even though my verification of my identity has not passed yet?,74,why_verify_identity
i am not able to make a purchase because there is an issue with my card,53,reverted_card_payment?
where can i find the verification code for a top-up?,71,verify_top_up
i want a refund for my item,52,request_refund
i am inquiring about why there was an extra fee charged when i used an atm.,19,cash_withdrawal_charge
can i use this app to change dollars into euros?,33,exchange_via_app
my card doesn't work.,14,card_not_working
"hello, in my most recent atm transaction, i didn't receive nearly as much cash as i thought i would - what is your exchange rate policy?",76,wrong_exchange_rate_for_cash_withdrawal
"hi, my card is getting declined continuously when i am trying to top-up. request you to look into this issue or tell me any other alternatives.",59,top_up_failed
why can't i see my top up?,62,topping_up_by_card
my card was not accepted in a shop,25,declined_card_payment
is there a top-up limit?,60,top_up_limits
what is the youngest age for an account?,1,age_limit
i would like to know what your exchange rates are.,32,exchange_rate
"i thought transfers were free, why was i charged a fee?",64,transfer_fee_charged
"i am having trouble doing a transfer. a ""decline "" message appears after making the transfer.",27,declined_transfer
i've already sent the money out and still have not received money in my account.,6,balance_not_updated_after_cheque_or_cash_deposit
"i tried using a virtual card for a hotel but it didn't work, why not",29,disposable_card_limits
"something is wrong, my top-up is gone and i don't know what happened to my money.",61,top_up_reverted
do i get charged for withdrawals?,19,cash_withdrawal_charge
my app says that i received cash from an atm and i didn't.,20,cash_withdrawal_not_recognised
i need my refund,51,Refund_not_showing_up
wheres my pin,38,get_physical_card
i got some cash out of the atm over the holiday and it seems that i've been grossly overcharged. i wouldn't have done that if i knew of these outrageous charges!,76,wrong_exchange_rate_for_cash_withdrawal
what is this $1 charge on my account?,34,extra_charge_on_statement
"after i make a payment, how long will it be before it transitions from ""pending"" to complete?",45,pending_card_payment
why is your exchange rate different on different days?,32,exchange_rate
why is there a fee for cash withdrawal?,19,cash_withdrawal_charge
fees for currency exchange,31,exchange_charge
will you guys charge me for topping up by transfer?,56,top_up_by_bank_transfer_charge
can you tell me what countries you offer support for?,24,country_support
"i've been waiting for 3 days, why is my withdrawal still pending?",46,pending_cash_withdrawal
are there restrictions for ordering extra cards?,39,getting_spare_card
i know i'm getting a new card but would like know when i can expect to receive it.,11,card_arrival
"i tried to withdraw $100, all it gave me was $20.",75,wrong_amount_of_cash_received
"i noticed a fee, while banking abroad, that seems different than any i have been charged before. what does this fee mean?",64,transfer_fee_charged
what are the currency exchange fees?,31,exchange_charge
what are the top-up limits?,60,top_up_limits
how do i get my card out of the atm?,18,card_swallowed
which atms accept this card?,3,atm_support
my top-up never worked,59,top_up_failed
how do i accept exchanges to eu?,36,fiat_currency_support
my atm withdrawal was declined.,26,declined_cash_withdrawal
i made a payment that got charged twice instead of once.,63,transaction_charged_twice
i want to top-up using cash,58,top_up_by_cash_or_cheque
i tried to make a cash withdrawal and it was declined. why did this happen?,26,declined_cash_withdrawal
"for god sake, just delete my account i am sick of this",55,terminate_account
my card shows a cash withdrawal i don't recognize.,20,cash_withdrawal_not_recognised
please help me get a refund?,52,request_refund
is there a way i can get my atm card back from the machine?,18,card_swallowed
i got cash and the exchange rate should have been different than it ended up being.,76,wrong_exchange_rate_for_cash_withdrawal
can you tell me how many currencies i can hold?,36,fiat_currency_support
"in terms of holding and exchange, what fiat currencies do you use.",36,fiat_currency_support
it looks like the exchange rates on my card payment are wrong,17,card_payment_wrong_exchange_rate
am i allowed to change my pin anywhere?,21,change_pin
can i get my money back on an item?,52,request_refund
i don't know my password,44,passcode_forgotten
where do you support?,24,country_support
what am i missing to verify my id?,68,unable_to_verify_identity
need to know where money comes from,70,verify_source_of_funds
"i have an issue. i bought something within the past one to two weeks and have received one of the products; however, today the total was returned to my account. what's going on here?",53,reverted_card_payment?
i sent money about 5 days ago and the recipient has not received the money yet.,66,transfer_not_received_by_recipient
my top-up was just cancelled.,61,top_up_reverted
why hasn't my cash arrived yet from my cheque?!,6,balance_not_updated_after_cheque_or_cash_deposit
i would like to have a physical card to carry around and use. how can i get one?,43,order_physical_card
"i'm locked out of my account as i can't remember my code, what do i do now?",44,passcode_forgotten
i need info on activating my card?,0,activate_my_card
there is a strange payment on my card and i don't know what to do.,16,card_payment_not_recognised
will my gpb update my salary,50,receiving_money
hi i'm sending some money over to an investment bank i do business and the transaction is being rejected. i'm not sure why as i think i have the right details.,35,failed_transfer
what's your refund policy if i bought an item from you?,52,request_refund
there is a pending transaction on my account for when i tried to get money from the atm earlier and it did not work. can you fix this?,46,pending_cash_withdrawal
"i did a transfer to my account, but it hasn't shown up",5,balance_not_updated_after_bank_transfer
how can i top up my google pay?,2,apple_pay_or_google_pay
i have just read my statement and there is a payment i don't recognise.,16,card_payment_not_recognised
why is the cash not showing in my account for the check i deposited?,6,balance_not_updated_after_cheque_or_cash_deposit
"my card payment has been declined, why?",25,declined_card_payment
when will the transaction post to my account?,48,pending_transfer
why was i charged a fee for my withdrawal?,19,cash_withdrawal_charge
how long does it take transfers from europe to complete?,67,transfer_timing
how long does it take for the transfer to go through?,66,transfer_not_received_by_recipient
do i qualify for a visa card?,73,visa_or_mastercard
is there something wrong with the transferring functions? i keep trying to transfer funds and only get an error message.,7,beneficiary_not_allowed
what is my password?,44,passcode_forgotten
"new customer and filling gas for the first time today, not working,",47,pending_top_up
a shop i go to didn't let me pay.,25,declined_card_payment
help me. the passcode doesn't work.,44,passcode_forgotten
is there a charge for topping up by transfer?,56,top_up_by_bank_transfer_charge
got married and need to change name,30,edit_personal_details
where can i find the auto-top option?,4,automatic_top_up
i would like to have a mastercard.,73,visa_or_mastercard
how to order my card?,43,order_physical_card
is it possible to make several disposable cards in a day?,29,disposable_card_limits
is there a reason i was charged an extra fee for using the atm?,19,cash_withdrawal_charge
i think somebody made an unauthorized copy of my card. my account has a cash withdrawal for 500£ that i did not make. please help.,20,cash_withdrawal_not_recognised
the incorrect rate was used in my foreign purchase,17,card_payment_wrong_exchange_rate
is it possible to track the card you sent me?,11,card_arrival
it seems that the rate i got is incorrect.,17,card_payment_wrong_exchange_rate
why are my transfers being declined? it normally works but now it's declining my card. i've tried it a few times but it's still not working.,27,declined_transfer
"i shouldn't have been charged but i see a fee, why?",15,card_payment_fee_charged
do i need a pin,38,get_physical_card
can i use my apple watch to to top up?,2,apple_pay_or_google_pay
can i have money in more than one currency in my account?,36,fiat_currency_support
i cannot get my disposable virtual card to work,72,virtual_card_not_working
it wants me to verify the top up. why?,71,verify_top_up
is there a charge for top-ups?,57,top_up_by_card_charge
"if i lost my phone, how can i stop someone from accessing my account through the app?",42,lost_or_stolen_phone
i made a mistake and need to cancel a transfer.,8,cancel_transfer
why hasn't my account updated to reflect my current balance?,5,balance_not_updated_after_bank_transfer
"someone has copied my card. i have my card with me, but someone just made a 500£ cash withdrawal. please help now.",20,cash_withdrawal_not_recognised
what do i need to do to receive my payroll in the account?,50,receiving_money
"since my id hasn't been verified, when can i use my account?",74,why_verify_identity
i am having trouble with the app recognizing me.,68,unable_to_verify_identity
help me! i don't know what my password is.,44,passcode_forgotten
do i get an actual card?,43,order_physical_card
could i raise a dispute for a large payment that i found out was not done by me in my couple of last statements? i am aware its delayed now. please help me out.,28,direct_debit_payment_not_recognised
"i've been waiting for a pending transfer to go through for a while now, and don't see any reason why i've been waiting this long. i know that i have the correct account details, so that isn't the problem.",48,pending_transfer
can i track when my card will be delivered?,11,card_arrival
my payment was cancelled,53,reverted_card_payment?
i found a charge on my debit that i did not make.,28,direct_debit_payment_not_recognised
"my pin seems to be blocked, help me access it?",49,pin_blocked
my card expires soon,9,card_about_to_expire
there is something wrong with my card. tried to use it a few times today in different places and it just didn't work. the transactions i tried to make were really small so not sure what's going on,14,card_not_working
what time will a transfer from the us take?,67,transfer_timing
which atms accept this bill of fare ?,3,atm_support
how can i know where did my funds come from?,70,verify_source_of_funds
i have been charged twice for the same transaction.,63,transaction_charged_twice
why is there a fee added to my statement?,34,extra_charge_on_statement
what can i and can't do with the disposable cards?,29,disposable_card_limits
can i have a card even if i am not living in the uk?,24,country_support
when will my top-up go through?,47,pending_top_up
using international atms messes up the exchange rate.,76,wrong_exchange_rate_for_cash_withdrawal
i was charged for using my card?,15,card_payment_fee_charged
where is my deposit?,6,balance_not_updated_after_cheque_or_cash_deposit
i was just shopping online for some tickets and the payment was declined by you. why has this happened? i am certain i have the right amount of funds in my account.,25,declined_card_payment
what happens to the funds if a merchant refuses the payment,53,reverted_card_payment?
"i'm waiting for the id verification to go through still, so is it too soon to use my account?",74,why_verify_identity
what do i need for the identity verification?,69,verify_my_identity
my disposable virtual card won't work.,72,virtual_card_not_working
will there be a charge for topping up by account with a sepa transfer?,56,top_up_by_bank_transfer_charge
"i forgot my phone at the hotel, so i can't access the app.",42,lost_or_stolen_phone
what are the requirements to open an account for a minor?,1,age_limit
i have not been able to use this card.,14,card_not_working
need to deposit a cheque into my account,58,top_up_by_cash_or_cheque
"hi, there is a suspicious payment from my card. i definitely do not know who this is or who could have made this payment.",16,card_payment_not_recognised
"my bag was stolen from me yesterday, so i can't use any apps or anything. i need some help.",42,lost_or_stolen_phone
i think the payment from my card was revereted,53,reverted_card_payment?
where is the virtual card?,40,getting_virtual_card
"so much time has gone by, the pending status shouldn't still be there shouldn't it?",46,pending_cash_withdrawal
"i withdrew cash from an atm earlier but it shows up as pending in the app. how can this still be pending, i received the cash already?",46,pending_cash_withdrawal
what is this extra €1 fee about?,34,extra_charge_on_statement
i was taking out funds and was unable to regain my card.,18,card_swallowed
i want to have multiple currencies in my account if possible.,36,fiat_currency_support
i relocated and need to change my personal details.,30,edit_personal_details
the atm keeps declining my card! i tried two different atms already can you please check if everything is alright with my account??,26,declined_cash_withdrawal
why do you need to know so much about me,74,why_verify_identity
why do you require so many details about my identity?,74,why_verify_identity
where in the app can i find out about my new pin,38,get_physical_card
why didn't i get the amount i requested at the atm?,75,wrong_amount_of_cash_received
a withdrawal is showing that i don't recognize,20,cash_withdrawal_not_recognised
dude i put money in the atm last week but it ain't there! i need the money now figure this out!,6,balance_not_updated_after_cheque_or_cash_deposit
i didn't initiate a direct debit that i see on my account,28,direct_debit_payment_not_recognised
i need quickly transfer something from china. about how long will it take?,67,transfer_timing
how do i deal with a stolen card?,41,lost_or_stolen_card
how can i hold and exchange fiat currencies?,36,fiat_currency_support
i got charged twice,63,transaction_charged_twice
can i give a second card for this account to my daughter?,39,getting_spare_card
please let me know how to place an order for a virtual card,40,getting_virtual_card
why am i seeing a transfer fee?,64,transfer_fee_charged
the atm i used for foreign currency provided the wrong exchange rate.,76,wrong_exchange_rate_for_cash_withdrawal
"i just got a card, how can i add it to the app?",13,card_linking
hello i changed my mind and want a refund on one of things i bought recently. can you please cancel the transaction and get me my money back. please it's urgent.,52,request_refund
"hi, i am currently in the process of buying a flat and i am waiting for the mortgage to go through but it keeps showing up as an error. do you know what could be causing this and can you help me get the money over.",35,failed_transfer
"i was charged twice, when i didn't purchase anything twice.",63,transaction_charged_twice
what steps must i follow to get a visa credit card?,73,visa_or_mastercard
"i think i was charged twice, please help!",63,transaction_charged_twice
how can i set a new pin.,21,change_pin
am i limited on the amount of disposable cards i can possess?,29,disposable_card_limits
i left my card at a restaurant and now its missing.,41,lost_or_stolen_card
why can't i get cash from the atm?,26,declined_cash_withdrawal
i didn't receive the correct amount of cash when i exchanged it overseas.,76,wrong_exchange_rate_for_cash_withdrawal
my card was taken from me,41,lost_or_stolen_card
explain what the pending payment means?,45,pending_card_payment
what is the process for setting up and account for my child?,1,age_limit
how do i select a mastercard instead of a visa?,73,visa_or_mastercard
is it possible to get a second card for my daughter?,39,getting_spare_card
i made a payment but the app gave the money back.,53,reverted_card_payment?
can i get spare cards?,39,getting_spare_card
i want one of the virtual cards!,40,getting_virtual_card
"hello, i trying to top up with my card today but it didn't work. when i tried last time it worked but today it isn't. could you take a look at it for me?",59,top_up_failed
the new card that was just sent to me was declined multiple times yesterday when i tried to use it at a restaurant to pay for my dinner. i am really disappointed and embarrassed that my card was denied when i tried to use it to pay for my friend's birthday dinner.,25,declined_card_payment
i used my card to make a payment and wondered why the payment was reverted?,53,reverted_card_payment?
my credit card payment has been in pending status for a super long time. i don't get it. why is it like this? when will it go through?,45,pending_card_payment
"hey, i have my card, how do i get it to show in the app?",13,card_linking
i want to reverse my transaction from earlier,8,cancel_transfer
can i exchange currencies with the app?,33,exchange_via_app
how come i was declined,26,declined_cash_withdrawal
how do i get the card linked,13,card_linking
do you accept visa or mastercard?,73,visa_or_mastercard
can someone in the us have a card?,24,country_support
nothing goes through on my card.,14,card_not_working
my card has been swallowed by an atm,18,card_swallowed
what foreign exchange rate will you use?,32,exchange_rate
"i double checked that i have the correct account details , they're right for sure. transfer is still pending since forever. what should be done now?",48,pending_transfer
how do i get a disposable virtual card as well?,37,get_disposable_virtual_card
how can i tell what foreign exchange rate i will get?,32,exchange_rate
what currencies can be exchanged in the app?,33,exchange_via_app
i was charged a fee for a transfer.,64,transfer_fee_charged
do top-ups have a limit?,60,top_up_limits
i'd like to open an account for my kids can i do that?,1,age_limit
i need a refund. this is not what i wanted.,52,request_refund
how do i verify my identity online,69,verify_my_identity
how long does it take for a pending cash withdrawal?,46,pending_cash_withdrawal
it says the transfer wasn't accepted.,27,declined_transfer
my transfer failed to process correctly. is there a reason this would happen?,35,failed_transfer
i need my pin,38,get_physical_card
how do i get a new card,43,order_physical_card
duplicate transactions appear on my account,63,transaction_charged_twice
my card was working but now it doesn't.,14,card_not_working
why isn't my refund showing up?,51,Refund_not_showing_up
how much is the charge to top up my card?,57,top_up_by_card_charge
"hey i tried to get some money out earlier but the machine didn't work. now just saw the transaction still seems in progress! can you please check what's going there, seems something is broken, i don't want to be charged for money that i haven't actually received!",46,pending_cash_withdrawal
why did my payment get declined?,27,declined_transfer
can you unblock my blocked pin?,49,pin_blocked
why do you need so much information about me,74,why_verify_identity
i was charged a fee after using my card and i shouldn't have been.,15,card_payment_fee_charged
€1 was in my statement as an extra fee.,34,extra_charge_on_statement
can i order a disposable virtual card?,37,get_disposable_virtual_card
somebody made a withdrawal from my account for 500. i have my card so how can this be? does somebody have a duplicate card or something? help please.,20,cash_withdrawal_not_recognised
what do i have to do to get a visa card?,73,visa_or_mastercard
how do i know where i can use my card?,10,card_acceptance
where is my new card?,11,card_arrival
why is the exchange rate on my card wrong?,17,card_payment_wrong_exchange_rate
i can't use my card for anything,14,card_not_working
are you sending me my card?,12,card_delivery_estimate
are extra cards free?,39,getting_spare_card
"i don't understand what a disposable virtual card is, can you help?",37,get_disposable_virtual_card
"i made a transfer and the receiver did not get the right amount its lesser than what it should be,now i have to transfer more money to make up for the missing amount . can you please help me about this, what should be done",64,transfer_fee_charged
do i need to do anything? my phone was stolen yesterday.,42,lost_or_stolen_phone
when can i expect my card to arrive?,12,card_delivery_estimate
reverted top up,61,top_up_reverted
why is my money gone right when i attempted to top up,62,topping_up_by_card
what do i do if i detect fraudulent use on my car?,22,compromised_card
can i return an item?,52,request_refund
what is the price for an additional card?,39,getting_spare_card
what is the length of a transaction completion?,66,transfer_not_received_by_recipient
how to get new card after atm eats it,18,card_swallowed
"bank transfer to account did not show up, please help?",5,balance_not_updated_after_bank_transfer
do you take checks?,58,top_up_by_cash_or_cheque
there was an extra charge when i used my card,15,card_payment_fee_charged
someone must have found my card details as i don't recognize these transactions.,22,compromised_card
why is the exchange rate different from what i expected?,17,card_payment_wrong_exchange_rate
why isn't my refund showing up in my statement?,51,Refund_not_showing_up
i have an unknown charge.,28,direct_debit_payment_not_recognised
"is something wrong with my account, my balance didn't change after i transferred some money",5,balance_not_updated_after_bank_transfer
my card has been lost / stolen,41,lost_or_stolen_card
why wasn't my top-up accepted and where did that money go? at first it said it was confirmed but now i can't find it.,61,top_up_reverted
is there a way to know when my card will arrive?,11,card_arrival
what's the amount that i can top-up?,60,top_up_limits
my friend still hasn't gotten a transaction i made.,66,transfer_not_received_by_recipient
can this app exchange american and english currency?,33,exchange_via_app
what does it mean when my top up is saying still pending?,47,pending_top_up
i am interested in cancelling a purchase,52,request_refund
i have lost my phone or it has been stolen.,42,lost_or_stolen_phone
how to track the card you sent,11,card_arrival
does your app allow currency exchanges between usd and gbp?,33,exchange_via_app
can i call to get my card activated?,0,activate_my_card
tell me why i was charged more with my card?,15,card_payment_fee_charged
what's the procedure for canceling a purchase?,52,request_refund
where can i use my card?,10,card_acceptance
is there a fee for sending additional cards?,39,getting_spare_card
how do i troubleshoot google pay top up?,2,apple_pay_or_google_pay
are virtual cards available to get?,40,getting_virtual_card
what's the deal? my card was just denied for top up. why is it not going through?,59,top_up_failed
why was the exchange rate different when i withdrew my cash?,76,wrong_exchange_rate_for_cash_withdrawal
can i top-up my google pay?,2,apple_pay_or_google_pay
where is this money from,70,verify_source_of_funds
in what places can i use my card?,10,card_acceptance
"the disposable cards, what are they for?",37,get_disposable_virtual_card
how long does it take to recieve my new card?,11,card_arrival
i really need to top-up my card today urgently but my card keeps getting declined!! can you please resolve this problem or try an alternative,59,top_up_failed
do you support top ups?,61,top_up_reverted
tell me if there is a limit to top-up.,60,top_up_limits
where am i able to use the card?,10,card_acceptance
"it's declining my transfers. normally this works, but my card is being declined now and i've tried more than once.",27,declined_transfer
"my wallet was just stolen, and they've already used my card! please help, i can't afford to lose more money!",20,cash_withdrawal_not_recognised
there is a payment that has not processed.,45,pending_card_payment
"i had a cheque deposited, but i don't see my money yet?",6,balance_not_updated_after_cheque_or_cash_deposit
"i enetered the wrong information, i need my account unblocked how do i do that?",49,pin_blocked
can i get a new card?,43,order_physical_card
i made a bank transfer and the balance hasn't updated yet.,5,balance_not_updated_after_bank_transfer
"i finally got my new card and was very excited to use it today. however, my payment kept declining. what is happening?",25,declined_card_payment
i have a second credit card from the us. will you take it?,54,supported_cards_and_currencies
what currencies are available for my use in holding and exchange?,36,fiat_currency_support
why is there a pending hold on one pound on my statement?,34,extra_charge_on_statement
"my account says there are pending funds right now from withdrawing from an atm, but my card was declined and i never took out any money. when will that money be deposited back into my account?",46,pending_cash_withdrawal
i just got married and i need to change my name,30,edit_personal_details
can i also transfer with swift?,56,top_up_by_bank_transfer_charge
there has a recent suspicious withdrawal on my bank account. is it possible to freeze my card?,20,cash_withdrawal_not_recognised
my top-up hasn't happened yet.,47,pending_top_up
why are my payments not working and show pending?,45,pending_card_payment
where is the money i topped off with?,47,pending_top_up
my top up was rejected. why?,61,top_up_reverted
what currencies are accepted to add money?,54,supported_cards_and_currencies
my new card hasn't came in.,11,card_arrival
why was i charged extra using my card?,15,card_payment_fee_charged
is my card valid everywhere?,10,card_acceptance
"i need an accurate exchange rate, when i make my withdrawals.",76,wrong_exchange_rate_for_cash_withdrawal
i haven't received my virtual card yet!!,40,getting_virtual_card
what age do you have to be to open an account?,1,age_limit
"my card payment is showing up as pending for a very long time, what's going on with that, it should be going through at some point?",45,pending_card_payment
i am waiting for the money to enter my account. how long does it take?,67,transfer_timing
i have an incorrect charge and would like a refund.,52,request_refund
"i'm having an issue with transaction. i topped up my account and saw it went through, but that was a few days ago and the money isn't in my account any more. what's up with that?",61,top_up_reverted
why does it show that my transfer is still pending?,48,pending_transfer
i need to change my pin.,21,change_pin
how do i retrieve my passcode?,44,passcode_forgotten
hold old do my kids have to be to use the service?,1,age_limit
i sent a payment but now it's not showing up.,53,reverted_card_payment?
what's the limit for auto top-up?,4,automatic_top_up
why has my payment not gone through?,45,pending_card_payment
which type of card will i receive?,73,visa_or_mastercard
which documents do i need for this identity check?,69,verify_my_identity
where will i find my card?,43,order_physical_card
how come my money hasn't shown up yet?,66,transfer_not_received_by_recipient
"i just went through a old statement and noticed that a very large payment went through and i did not make it. it was from a few months ago, can i still dispute the payment?",28,direct_debit_payment_not_recognised
why is there an extra fee charged?,34,extra_charge_on_statement
what is the process for activating a new card.,0,activate_my_card
what is the minimum age limit?,1,age_limit
"i'm not sure what is going on here. i've received payment back into my account for an item i've already received, from about 2 weeks ago.",53,reverted_card_payment?
"i have a us credit card, will you accept it?",54,supported_cards_and_currencies
"my cash withdrawal is pending, why?",46,pending_cash_withdrawal
my top-up has not posted.,47,pending_top_up
in which countries can i get a card?,24,country_support
what is the price of a transfer?,56,top_up_by_bank_transfer_charge
i added funds to my account but the app didn't process it.,59,top_up_failed
do you have a children account available?,1,age_limit
what is the process for unlocking the pin?,49,pin_blocked
my top up hasn't gone through,47,pending_top_up
why is there more then one charge on my card i only paid for one not twice how can i fix this?,63,transaction_charged_twice
"hi, i had an issue with my card payment and it shows on my account that my payment went through. then i got contacted from the seller saying ""they did not receive my payment"" then the payment was returned to my account. so i would like to see why it did that please.",53,reverted_card_payment?
how dp i top up with a cheque ?,58,top_up_by_cash_or_cheque
will my money be of equal value when i travel abroad?,32,exchange_rate
in the past month i often used this account to manage payments for my new holiday villa. now all of a sudden your fees have increased exorbitantly! don't you have a rewards programme for frequent users?,64,transfer_fee_charged
tell me how to replace my expired card.,9,card_about_to_expire
can you tell me the limits for top ups?,60,top_up_limits
where is my money transfer?,67,transfer_timing
can you tell me how to link one of your cards that i already have?,13,card_linking
"i did a bank transfer to top up, but the money is not available.",59,top_up_failed
how much will i be charged for a cross-currency exchange?,31,exchange_charge
why didn't my transfer to a beneficiary go through?,7,beneficiary_not_allowed
what are the reasons why a card payment would be declined?,25,declined_card_payment
how do i know what the exchange rate will be when i make an exchange.,32,exchange_rate
i want to know how many different currencies my money can be in,36,fiat_currency_support
i want to transfer money to a beneficiery. why can't i?,7,beneficiary_not_allowed
i believe my card has been compromised as there's a cash withdrawal i don't recognize.,20,cash_withdrawal_not_recognised
my card is about to expire. are there any costs with a replacement card? how quick do you mail it to me?,9,card_about_to_expire
i made a payment but it's still pending,45,pending_card_payment
why is it saying i have a pending payment?,45,pending_card_payment
"i tried topping up using my card, but the money is gone?",62,topping_up_by_card
how do i find the top-up verification code?,71,verify_top_up
i made a cash deposit going to my account but it is not there,6,balance_not_updated_after_cheque_or_cash_deposit
i'm pretty sure my top up failed. how do i fix this?,59,top_up_failed
"i recently transferred some cash, but the balance has not changed.",5,balance_not_updated_after_bank_transfer
when will my refund come through,51,Refund_not_showing_up
my card is almost going to expire.,9,card_about_to_expire
my card payment has had the status of pending forever. what is the issue? it should have gone through at some point.,45,pending_card_payment
"i tried verifying my id, but it won't let me.",68,unable_to_verify_identity
why doesn't my disposable virtual card work?,72,virtual_card_not_working
i bought something abroad and the exchange rate applied is wrong,17,card_payment_wrong_exchange_rate
i purchased an item and the exchange rate i was given was incorrect.,17,card_payment_wrong_exchange_rate
what happened to where my top-up was canceled?,61,top_up_reverted
"when i deposit cheques and cash, my balance does not update.",6,balance_not_updated_after_cheque_or_cash_deposit
about this card pin?,38,get_physical_card
where can i find mastercard atms?,3,atm_support
"how come you charge for cash withdrawals? i withdrew cash after buying groceries today, and there seems to be a new fee",19,cash_withdrawal_charge
"last saturday, i was charged extra for the exchange rate on my payment. is something wrong?",17,card_payment_wrong_exchange_rate
how do i get started when i get my card?,38,get_physical_card
can cards be dispatched on a specific date?,12,card_delivery_estimate
i would like to change the the pin on my card.,21,change_pin
could you tell me the fiat currencies that you work with?,36,fiat_currency_support
where's the button to top up with a cheque?,58,top_up_by_cash_or_cheque
a fee was charged for my recent withdrawal.,19,cash_withdrawal_charge
why was i charged twice for the same transaction?,63,transaction_charged_twice
can i get a card? i live in the us.,24,country_support
are my friends able to add funds to my account?,62,topping_up_by_card
is there a limit to how much i can top-up?,60,top_up_limits
can i get a card in the us?,24,country_support
which cards do you support for top up?,54,supported_cards_and_currencies
how do i go forth on holding money in multiple currencies?,36,fiat_currency_support
does the top-up need verified?,71,verify_top_up
i have to have several disposable cards per day.,29,disposable_card_limits
i don't think my card payment exchange rate is correct.,17,card_payment_wrong_exchange_rate
are there any hidden limit on the auto top-up?,4,automatic_top_up
can you look at my account ans see why my card was declined,25,declined_card_payment
what is the current exchange fee?,31,exchange_charge
"i am waiting patiently for a week now for the seller to get back to me and there has been no response, could you please help me further with getting my money back. thank you.",51,Refund_not_showing_up
how much longer until i get my new card?,11,card_arrival
how do i make sure i don't run out of money on my card while traveling?,4,automatic_top_up
"not living in same place, need to change details",30,edit_personal_details
where can money withdrawals be made?,3,atm_support
can i see money source?,70,verify_source_of_funds
i need to figure out who has access to my card there are some payments i didn't make that are showing on the app. could you please help?,16,card_payment_not_recognised
can you please explain how to transfer money using the bank transfer process?,65,transfer_into_account
"i need some help, i thought you guys accepted crypto top ups?? it won't seem to let me do it. i put money in my account and now it's gone and i didn't spend it. where did it go??",61,top_up_reverted
what can i use to verify my identify?,69,verify_my_identity
why can't i see a recent refund in my statement?,51,Refund_not_showing_up
how do i know when my card will expire?,9,card_about_to_expire
please send a new card; the atm ate mine.,18,card_swallowed
i completed a transfer that isn't showing up on my account.,5,balance_not_updated_after_bank_transfer
there are some payments with my card that i don't know where they are coming from. just checked today and it's been since a couple days as well! what to i do? can i revert this retrospectively? my card needs to be frozen immediately as well!,16,card_payment_not_recognised
can you explain the virtual cards limit?,29,disposable_card_limits
why can't i get cash out?,26,declined_cash_withdrawal
"why did i not get all the money that i asked for? i asked for all the cash in my my account, but i only got about half. why is that??",75,wrong_amount_of_cash_received
i think my card payment had been return,53,reverted_card_payment?
i was removing a dollar amount from my account and now don't have access to my card.,18,card_swallowed
i could only take the amount of money that was available to me which was less then i expected.,75,wrong_amount_of_cash_received
i do not see the money i transferred into this account,5,balance_not_updated_after_bank_transfer
can i have more than 2 disposable cards?,29,disposable_card_limits
i am inquiring about a $1 charge on my statement.,34,extra_charge_on_statement
when my card expires what is the cost of a replacement and how fast?,9,card_about_to_expire
the correct exchange rate wasn't given to me for an item i purchased.,17,card_payment_wrong_exchange_rate
there is an extra charge on my app that i was not told about or i was aware of!,34,extra_charge_on_statement
my phone was left at a hotel and i can't access the app.,42,lost_or_stolen_phone
i have a contactless that's broken.,23,contactless_not_working
my recipient hasn't received the money,66,transfer_not_received_by_recipient
what age can sign up for services?,1,age_limit
i got billed an extra pound!,34,extra_charge_on_statement
there is money missing from my account.,20,cash_withdrawal_not_recognised
do you have a return policy?,52,request_refund
i tried to transfer money to a receiver and they didn't get the right amount. what is going on and who do i contact to help me?,64,transfer_fee_charged
"hi, i found a large amount payment in my old statements which i am sure was not made by me. i am aware that the time has passed but is there a way to raise a dispute for this payment now?",28,direct_debit_payment_not_recognised
i was charged twice for the same thing.,63,transaction_charged_twice
"in my statement, there was an extra €1 fee",34,extra_charge_on_statement
i have a fee showing from last time i used my card.,15,card_payment_fee_charged
i would like to change my address.,30,edit_personal_details
i did not make this payment that i see in the app.,16,card_payment_not_recognised
i need help cancelling a transaction.,8,cancel_transfer
my transfer did not go through.,35,failed_transfer
how is top-up verified?,71,verify_top_up
where is my money? i transfered it and it isn't in my account.,5,balance_not_updated_after_bank_transfer
the applied exchange rate is wrong for the cash i got abroad.,76,wrong_exchange_rate_for_cash_withdrawal
it is common for an international transfer to take 2 days or longer? i made a transfer from france 2 days ago and i have not seen it yet.,5,balance_not_updated_after_bank_transfer
i have a direct debit charge that i do not recognize,28,direct_debit_payment_not_recognised
my account shows a direct debit charge that i have never seen before,28,direct_debit_payment_not_recognised
what is the verification process for a top up card?,71,verify_top_up
looking back on my transactions from a couple of months ago i have noticed a charge that is fairly large that i'm certain was not completed by me. i know it has been a while but can i please dispute this charge?,28,direct_debit_payment_not_recognised
i made an error in payment yesterday and i need it fixed asap because it's for my rent tomorrow.,8,cancel_transfer
what currencies are accepted for adding money?,54,supported_cards_and_currencies
i had made a transfer but its still pending.,48,pending_transfer
it's been a week and i have done everything that i was asked to do and still nothing. i have contacted the seller and have not gotten a response. please understand my frustration and put the money back in my account.,51,Refund_not_showing_up
do you have a list of cards and currencies you support?,54,supported_cards_and_currencies
how many disposable cards per person?,29,disposable_card_limits
why are there multiple transactions showing for one purchase?,63,transaction_charged_twice
is it okay to hold money in multiple currencies?,36,fiat_currency_support
will you help me unblock my pin after putting in the wrong pin too many times?,49,pin_blocked
why have i been charged a fee for transferring money?,64,transfer_fee_charged
i was charged multiple times for one purchase,63,transaction_charged_twice
why is my card payment cancelled?,53,reverted_card_payment?
i received a transfer in gbp how do i change it to a different currency?,50,receiving_money
"in receiving cash, the wrong exchange rate was used for my transaction.",76,wrong_exchange_rate_for_cash_withdrawal
when will my transfer arrive from europe?,67,transfer_timing
what fiat currencies are used for holdings?,36,fiat_currency_support
my card doesn't seem to work anymore,14,card_not_working
how do i use the app if i don't have my phone with me?,42,lost_or_stolen_phone
can i give a second card to my daughter?,39,getting_spare_card
"the atm would not give me cash,why?",26,declined_cash_withdrawal
can you help me get top up to work in the apple pay function?,2,apple_pay_or_google_pay
i don't see a code anywhere on my top-up card? where can i find it? i need to verify!,71,verify_top_up
"although i am not located in the uk area, may i still receive a card?",24,country_support
"my money is gone :( i had topped up recently and saw it was there and went through, but now it's disappeared, what's going on?",61,top_up_reverted
what is identity check?,74,why_verify_identity
is there a reason i was charged a fee for using my card as payment? i've never had an extra fee before.,15,card_payment_fee_charged
can i use my bank account to send me more money?,65,transfer_into_account
what's the reason my new card hasn't come?,11,card_arrival
i don't think the exchange rate was right.,76,wrong_exchange_rate_for_cash_withdrawal
"i was charged a fee for the transfer, but can you tell me why?",64,transfer_fee_charged
why did using an atm cause me to be charged an additional fee?,19,cash_withdrawal_charge
my statement shows an extra fee - what is it?,34,extra_charge_on_statement
my contactless is non-functional.,23,contactless_not_working
"i want a refund, but i haven't received the item yet. can i cancel it and get my funds back? how do i do that.",52,request_refund
"while on vacation in spain i think someone saw my pin and i now need to change it, can i do this at an atm in spain?",21,change_pin
what is the most efficient way to activate my new card?,0,activate_my_card
i'm waiting for my transaction to complete.,66,transfer_not_received_by_recipient
i am not in the uk can i get a card?,24,country_support
who should i contact if the amount of my withdrawal doesn't correspond to the amount that i tried to take out of my account?,75,wrong_amount_of_cash_received
someone has taken my money and i don't know who,28,direct_debit_payment_not_recognised
how do i claim a refund?,52,request_refund
does it cost anyting to get my own card?,43,order_physical_card
will money be added automatically when necessary?,4,automatic_top_up
is my card frozen?,14,card_not_working
please help me with my card payments which keeps getting reverted whenever i do online shopping. i am having this problem since last two weeks.,53,reverted_card_payment?
"over the holiday i withdrew cash from the atm and it seems that i was severely overcharged. had i known that i would be charged those fees, i would not have used the atm!",76,wrong_exchange_rate_for_cash_withdrawal
how can we correct a mistake on an atm transaction? the app shows what i should have gotten.,75,wrong_amount_of_cash_received
why can't i see my refund in my statement?,51,Refund_not_showing_up
what are the available cards?,73,visa_or_mastercard
i am trying to revert a transcation i did this morning,8,cancel_transfer
why am i charged a fee for withdrawing cash?,19,cash_withdrawal_charge
can i change my information?,30,edit_personal_details
can i use this app to exchange between dollars and pounds?,33,exchange_via_app
"i topped up my account and even though it was confirmed at first, the money isn't there anymore! why did this happen, and where did my money go?",61,top_up_reverted
how can i reset the passcode if i need to do that?,44,passcode_forgotten
where in the app do i link a new card?,13,card_linking
where is the closest mastercard atm?,3,atm_support
tell me where i can find the auto top up feature and a little bit about it please.,4,automatic_top_up
what top up charges are there for us cards?,57,top_up_by_card_charge
"i'm having money transferred from europe, how long will this take?",67,transfer_timing
"hi, i made a transfer yesterday that i need to reverse. i need to put the money in a different account.",8,cancel_transfer
there's an unauthorized cash withdraw,20,cash_withdrawal_not_recognised
"i was attempting to purchase a golf club off ebay yesterday, but my credit card was declined. i tried multiple times, and again this morning. can you check into my card please?",27,declined_transfer
can i use my card before identity verification?,74,why_verify_identity
how long will a transfer from the us take?,67,transfer_timing
cancel my account,55,terminate_account
is there a charge for exchanging foreign currencies?,31,exchange_charge
will it be possible to change from usd to gbp with this app?,33,exchange_via_app
hello. can you tell me if you use visa or mastercard?,73,visa_or_mastercard
i think someone has access to my card numbers that shouldn't.,22,compromised_card
"in my app, a direct debit payment that i didn't do shows up.",28,direct_debit_payment_not_recognised
i do not see the card pin anywhere?,38,get_physical_card
there's a duplicate charge on my account?,63,transaction_charged_twice
how long do bank transfers usually take?,5,balance_not_updated_after_bank_transfer
i was at the store earlier and my virtual card didn't work. what's the solution for this problem?,72,virtual_card_not_working
what is the process to activate a card,0,activate_my_card
"i sent out money, but was charged extra for transferring. why?",64,transfer_fee_charged
my order needs to be canceled.,52,request_refund
"so, i was under the impression that you have an offer for crypto top up. this doesn't seem to be working. now, the money has just disappeared from my account. what is the deal?",61,top_up_reverted
"i'm not in the uk, is it possible for me to still get a card?",24,country_support
i may need to dispute a direct debit payment.,28,direct_debit_payment_not_recognised
do you take both visa and mastercard?,73,visa_or_mastercard
i noticed after looking over my transactions that i have been charged twice from an earlier restaurant visit this week. is it possible that one of these can be removed so i get the money back for the one that is not accurate?,63,transaction_charged_twice
how old do my kids need to be to open an account?,1,age_limit
what reasons could cause my top up to be reverted,61,top_up_reverted
foreign currency rates were put in wrong at an atm i used.,76,wrong_exchange_rate_for_cash_withdrawal
what is this direct debit in my statement?,28,direct_debit_payment_not_recognised
why have i been charged twice?,63,transaction_charged_twice
my app shows a direct debit that isn't mine.,28,direct_debit_payment_not_recognised
"hello, i am a new customer, and just tried topping up for the first time. according to your information, the transaction should be instant - why does it still show as pending?",47,pending_top_up
i just had a look at my statement. why have i been changed for using the atm?,19,cash_withdrawal_charge
can you tell me why my top-up was canceled?,61,top_up_reverted
"hello. i tried doing a topup and i thought it worked, but now the money is no longer in my account. can you explain?",61,top_up_reverted
if i want to select a new pin what do i do?,21,change_pin
i purchased something abroad and the incorrect exchange rate was applied.,17,card_payment_wrong_exchange_rate
how do i enable auto-top up?,4,automatic_top_up
i just got an error message saying my transfer is not possible? why is that? i've transferred money before and it worked without problem,7,beneficiary_not_allowed
there's a payment with my card that i didn't perform. i don't know that name shown.,16,card_payment_not_recognised
seems like my card payment has been cancelled,53,reverted_card_payment?
i don't see the transaction i made to a friend on my account.,66,transfer_not_received_by_recipient
why can't i see the top up i made?,62,topping_up_by_card
how do i deposit my paycheck to this account?,50,receiving_money
what is my monthly spending limit because i was refused my money at an atm,26,declined_cash_withdrawal
why won't my card show up on the app?,13,card_linking
from where are coming your exchange rates?,32,exchange_rate
"i have a disposable virtual card here, so would you tell me what to do with it?",37,get_disposable_virtual_card
im not sure what this charge is for,15,card_payment_fee_charged
is there a few for exchanging foreign currencies?,31,exchange_charge
"i notice a transaction a couple of weeks ago in my account, from a seller that i don't recognize. is there a way we can trace back the information to make sure it was truly something i did?",28,direct_debit_payment_not_recognised
why did i get a $1 extra fee on the statement?,34,extra_charge_on_statement
"i deposited cash this morning, but it is not yet available.",6,balance_not_updated_after_cheque_or_cash_deposit
are their certain cash machines where i can change my pin?,21,change_pin
can you explain disposable cards?,37,get_disposable_virtual_card
"hi need your help for getting the refund or cancel the payment of an item, i have ordered but still have not received it.",52,request_refund
the money has not yet been placed in recipients account.,66,transfer_not_received_by_recipient
i ordered a card and i still haven't received it. it's been two weeks. what can i do?,11,card_arrival
i don't recognize a purchase that was made with my card.,16,card_payment_not_recognised
"if i am overseas, how do i change my pin?",21,change_pin
where can i get my currencies exchanged?,33,exchange_via_app
please provide me with the restrictions of the disposable cards.,29,disposable_card_limits
my top-up funds aren't available yet.,47,pending_top_up
is an auto top-up option available?,4,automatic_top_up
how do i replace my card before it expires?,9,card_about_to_expire
i believe that the rate of exchange for my cash withdrawl is incorrect.,76,wrong_exchange_rate_for_cash_withdrawal
i accidentally exceeded my pin tries. please advise.,49,pin_blocked
how long does it take for a transfer to post,5,balance_not_updated_after_bank_transfer
can you help me track my card?,11,card_arrival
can you tell me where you get your exchange rates?,32,exchange_rate
i exchanged russian rubles for british pounds today and got less than i expected. was exchange rate correct?,17,card_payment_wrong_exchange_rate
i want to reverse a purchase. can i cancel it?,52,request_refund
why do i see extra charges for withdrawing my money?,19,cash_withdrawal_charge
"i have the funds, why can i not use my top-up?",59,top_up_failed
i want to auto top-up.,4,automatic_top_up
i was charged twice for the same purchase!,63,transaction_charged_twice
my top-up is taking a while to process!,47,pending_top_up
i want to start using my card.,0,activate_my_card
"please, tell me why i can't have the funds i deposited a week ago? i need the money now.",6,balance_not_updated_after_cheque_or_cash_deposit
my account is devoid of funds. am i permitted to submit additional money via bank transfer?,65,transfer_into_account
"please help in finding my card pin, thank you!",38,get_physical_card
"i no longer need aud, i need gbp instead, how can i make this happen?",33,exchange_via_app
how much will i pay to exchange foreign currency?,31,exchange_charge
card payment declined?,25,declined_card_payment
"i have a direct debit transaction i have not set up, but would like to .",28,direct_debit_payment_not_recognised
can you assist me in activating my card?,0,activate_my_card
what is the time for a transfer?,66,transfer_not_received_by_recipient
why would my card payment be cancelled?,53,reverted_card_payment?
send me a physical card,43,order_physical_card
where do you mail physical cards?,43,order_physical_card
why didn't my transfer complete?,35,failed_transfer
i've received my card so now i need to know how to sync it to the app.,13,card_linking
what source do my fund come from?,70,verify_source_of_funds
it seems that something went wrong with my exchange. i changed russian ruble into uk pounds but have been charged entirely too much!,17,card_payment_wrong_exchange_rate
i am noticing that a refund of a large purchase still has not been credited to my account. i contacted the merchant a few days ago and he assured me that he would submit it right away. is there a status update?,51,Refund_not_showing_up
i need a list of currencies you accept for exchange.,36,fiat_currency_support
is there a way to obtain a virtual card?,40,getting_virtual_card
i need to know how to transfer money into my bank account. please help,65,transfer_into_account
"i received my virtual card information, but was unable to use it to make a purchase. why did this happen and what can i do?",72,virtual_card_not_working
i need a visa card,73,visa_or_mastercard
is it possible for me to top up with cash?,58,top_up_by_cash_or_cheque
how much will i be charged for exchanging foreign currency,31,exchange_charge
can i deposit money using apple pay?,2,apple_pay_or_google_pay
i would like to pay by cheque.,58,top_up_by_cash_or_cheque
when are you going to activate my card?,0,activate_my_card
when did you send me my new card?,11,card_arrival
how can i investigate a missing refund?,51,Refund_not_showing_up
what should i do if someone else used my card?,22,compromised_card
are your cards supported in the eu?,24,country_support
i want to make an online purchase but i don't want to use my credit card. can you tell me how a disposable virtual card works and where i can apply for one?,37,get_disposable_virtual_card
what does it mean if my cash withdrawal is pending?,46,pending_cash_withdrawal
my top-up is taking a very long time to complete.,47,pending_top_up
does this app have the same exchange rate as third parties?,32,exchange_rate
can i do a swift transfer?,56,top_up_by_bank_transfer_charge
how do i top-up my card with a cheque?,58,top_up_by_cash_or_cheque
"if my funds are running low, will the app top up automatically?",4,automatic_top_up
can you tell me the atms i can use with my card?,3,atm_support
this disposable virtual card is not working.,72,virtual_card_not_working
what countries can i use the card in?,24,country_support
"what is the reason when i tried to pay contactless at the bus, it didnt work?",23,contactless_not_working
why am i missing my refund,51,Refund_not_showing_up
where did my money go? i'm not able to withdraw it from my atm.,26,declined_cash_withdrawal
how do i get a disposable virtual card?,37,get_disposable_virtual_card
"i have lost my phone, what steps can i take to prevent someone using my account?",42,lost_or_stolen_phone
how can i top up my account and which currency can i use?,54,supported_cards_and_currencies
what extra charges are there?,64,transfer_fee_charged
is apple pay costly?,2,apple_pay_or_google_pay
why can't i see my funds after i topped up?,47,pending_top_up
where can i pay with my card?,10,card_acceptance
if i transfer money from my bank to top-up my account will i be charged?,56,top_up_by_bank_transfer_charge
is it possible to reactivate the card i thought i lost but found this morning in my jacket?,13,card_linking
i have no idea why but my transfers keep getting declined. i have double checked all the recipient details several times already and they're definitely correct.,27,declined_transfer
can i convert currency with the app?,33,exchange_via_app
i need assistance to activate the card on my account.,0,activate_my_card
how do i find the pin?,38,get_physical_card
where should i withdraw money from?,3,atm_support
are swift transfers available at this bank?,56,top_up_by_bank_transfer_charge
how long should i wait for top up go go through ?,47,pending_top_up
my card payment was cancelled.,53,reverted_card_payment?
"my phone was stolen, help!",42,lost_or_stolen_phone
my card was stolen last night.,41,lost_or_stolen_card
i was charged twice for a few things this week when i only bought one. what do i do?,63,transaction_charged_twice
"i see a transfer fee, but to my understand, that should have been free, what happened?",64,transfer_fee_charged
what are the disposable card limits?,29,disposable_card_limits
i was told i would be getting a refund but i have yet to see it,51,Refund_not_showing_up
how can i order my card?,43,order_physical_card
how do i find the refund on my statement?,51,Refund_not_showing_up
why can't my beneficiary make transactions?,7,beneficiary_not_allowed
when will i receive a us transfer,67,transfer_timing
"i can't transfer any money from my account to my friend's account, it keeps rejecting it. can you tell me why? i have enough funds in my account to transfer.",35,failed_transfer
"since my card is about to expire, i need a new one.",9,card_about_to_expire
why hasn't my virtual card come yet?,40,getting_virtual_card
are there any restrictions for the disposable cards?,29,disposable_card_limits
i did a money transaction and dont have a receipt,66,transfer_not_received_by_recipient
i tired to get cash in the atm but it was cancelled,26,declined_cash_withdrawal
is it right that i've been charged for transferring money?,64,transfer_fee_charged
"app malfunctioning, does not know its me",68,unable_to_verify_identity
please help me find my top-up verification code,71,verify_top_up
"help me please, my apple pay american express top up does not work.",2,apple_pay_or_google_pay
i really want a physical card. how do i get one?,43,order_physical_card
what is the exchange rate for eur?,32,exchange_rate
has my top-up has been cancelled,61,top_up_reverted
i am unable to use my card for some reason.,14,card_not_working
do i have a say when it's delivered?,12,card_delivery_estimate
my card payment still pending,45,pending_card_payment
i made a cash withdrawl and there is a charge. what is this?,19,cash_withdrawal_charge
"i needed some cash while abroad, and i'm pretty sure the wrong exchange rate was applied.",76,wrong_exchange_rate_for_cash_withdrawal
what's the process for exchanges?,32,exchange_rate
i just realized i made the wrong transaction yesterday. would you please make it correct?i need it by tomorrow.,8,cancel_transfer
"hello, i am buying a flat and need the inital payment for the mortgage to go through. it keeps showing up as error, what is going on? can you please help me make this transfer?",35,failed_transfer
why did i get charged a fee for transferring money?,64,transfer_fee_charged
why was the exchange wrong for the item i purchased?,17,card_payment_wrong_exchange_rate
why do you keep declining my transfers? it's always been working really well so far but when i tried to buy something just now the card got declined . i tried couple of times already but same thing is happening .,27,declined_transfer
i need a refund for something i bought.,52,request_refund
"help, i see money missing i didn't take out.",20,cash_withdrawal_not_recognised
i cannot use my disposable virtual card.,72,virtual_card_not_working
what do i do if i have been charged twice?,63,transaction_charged_twice
"instead of gbp, how do i exchange for aud?",33,exchange_via_app
there are funds in my app that i did not receive.,20,cash_withdrawal_not_recognised
i received a decline message on a transfer,27,declined_transfer
hi i'm waiting for a refund for an item i bought. i have contacted the merchant directly but had nothing back. can you tell me whether or not you are able to refund me for the item?,51,Refund_not_showing_up
i got cash abroad and need to check the exchange rate,76,wrong_exchange_rate_for_cash_withdrawal
why can't my beneficiary get access?,7,beneficiary_not_allowed
please tell me how you can stop unauthorized payments from being made on my card since on this bill i see that this has happened. there are transactions that i never made from a place i've never been to.,22,compromised_card
can you help me get rid of my account?,55,terminate_account
what do i do if my card is about to expire?,9,card_about_to_expire
the atm machine stole my card.,18,card_swallowed
"hi, i have been transferring money to my friends since morning, but all my transactions were getting failed. can you please look into this issue.",35,failed_transfer
would i need to pay extra for exchanging currencies?,31,exchange_charge
how long does my top up pending last?,47,pending_top_up
why can't i withdraw cash from this atm?,26,declined_cash_withdrawal
i have a cryptocurrency exchange that won't go through. please help me process it.,7,beneficiary_not_allowed
tell me your opinion on the exchange rate.,32,exchange_rate
can i change my pin at the atm?,21,change_pin
i really need to top-up my card today urgently but my card keeps getting declined!! can you please help me with this problem or let me know if you have any alternatives,59,top_up_failed
do you accept credit cards from the us,54,supported_cards_and_currencies
the exchange rate for my withdrawal isn't correct and doesn't match the actual exchange rate.,76,wrong_exchange_rate_for_cash_withdrawal
can i get my card expedited?,12,card_delivery_estimate
is it possible for a transaction to be cancelled?,8,cancel_transfer
i cannot find my card pin,38,get_physical_card
do you have any accounts for children ?,1,age_limit
"i just moved overseas and i noticed that you are charging me more fees. i am a loyal customer, is this how you expect to keep customers?",64,transfer_fee_charged
how do i delete an account?,55,terminate_account
"help! i keep checking my account, but my refund is not showing. i requested that a seller refund my money a while back, but there is no money showing in my account. what can you do for me?",51,Refund_not_showing_up
what is the top up limit,60,top_up_limits
how do i use auto top up?,4,automatic_top_up
why would the app show a withdrawal that i did not make?,20,cash_withdrawal_not_recognised
what currencies can i use?,54,supported_cards_and_currencies
is it possible to order a card?,43,order_physical_card
"i need to use my disposable card multiple times a day, is there a cutoff limit?",29,disposable_card_limits
i must verify the source of my funds,70,verify_source_of_funds
i am yet to receive the money in my account how long will this take?,67,transfer_timing
i see what looks like duplicate charges on account.,63,transaction_charged_twice
what is the €1 fee for?,34,extra_charge_on_statement
there is a payment in my app that i did not make. i have not used that card all day please reimburse my money.,28,direct_debit_payment_not_recognised
"hi, today i have tried to make payment by my new card, but payment got declined many times. i am very disappointed, please look into this.",25,declined_card_payment
you've incorrectly calculated the exchange rate for my cash withdrawal,76,wrong_exchange_rate_for_cash_withdrawal
my top up may have been reverted,61,top_up_reverted
where's accounting for my cash withdrawal?,46,pending_cash_withdrawal
where can the card be used?,10,card_acceptance
tell me how to go about activating my new card?,0,activate_my_card
how long does it take to activate my card?,0,activate_my_card
i have my card now how do i activate it?,0,activate_my_card
my card is no longer lost. how do i enter it back into the app?,13,card_linking
the machine gave me the wrong amount of cash.,75,wrong_amount_of_cash_received
did i do something incorrectly? where is my top-up?,47,pending_top_up
why did i get charged for a transfer?,64,transfer_fee_charged
how long will it take for my transferred money to show up?,5,balance_not_updated_after_bank_transfer
how can i get money in my home currency while i'm traveling internationally? i wanted to take it out of a local atm but am worried that i will get charged extra fees.,76,wrong_exchange_rate_for_cash_withdrawal
how can i view the source of my available funds?,70,verify_source_of_funds
i have been charged way to much so something is apparently wrong with my exchange. i changed russian ruble into uk pounds.,17,card_payment_wrong_exchange_rate
why was my payment reversed?,53,reverted_card_payment?
can i receive my card anywhere?,43,order_physical_card
how do i make my transfer go through,27,declined_transfer
can you tell me why i was declined from getting cash?,26,declined_cash_withdrawal
is there a reason my refund isn't showing on my statement?,51,Refund_not_showing_up
i need to transfer funds from my other bank account into this bank account.,65,transfer_into_account
"i'm not in the uk, but can i still get a card?",24,country_support
i wish to remove my account.,55,terminate_account
the exchange rate was wrong?,76,wrong_exchange_rate_for_cash_withdrawal
i need to know where my funds come from.,70,verify_source_of_funds
my package is taking too long to arrive and i don't want it anymore. can i get a refund?,52,request_refund
what do i need to do to cancel a transaction?,8,cancel_transfer
"i transferred a payment a couple days ago and it shows done, but it has not been received. could you please help me?",66,transfer_not_received_by_recipient
why was my atm withdrawl declined,26,declined_cash_withdrawal
my transfer isn't there,5,balance_not_updated_after_bank_transfer
why isn't my deposit showing up?,6,balance_not_updated_after_cheque_or_cash_deposit
a direct debit payment i didn't do shows in my app,28,direct_debit_payment_not_recognised
what is with the need to have all my id information?,74,why_verify_identity
"i wasn't charged the correct amount for an item i purchased, how can i fix this?",52,request_refund
which foreign currencies do you accept for adding money?,54,supported_cards_and_currencies
what is the extra €1 on my statement for?,34,extra_charge_on_statement
how long will it take for my cash withdrawal to stop pending,46,pending_cash_withdrawal
i recently got charged twice from a restaurant that i was at this week and i would like for one of those payments to be removed from my account.,63,transaction_charged_twice
in what countries do you do business?,24,country_support
i want a virtual card that is disposable,37,get_disposable_virtual_card
i tried to transfer some money and it hasn't done it yet - what's going on?,66,transfer_not_received_by_recipient
is there a way for me to check my balance?,70,verify_source_of_funds
can you tell me why my transfer declined?,27,declined_transfer
how do i set up my card pin?,38,get_physical_card
the exchange rate for my card payment doesn't seem right.,17,card_payment_wrong_exchange_rate
i can't remember my passcode.,44,passcode_forgotten
"what currencies can i not hold many in, if so what are they?",36,fiat_currency_support
why is there extra cash in my account?,20,cash_withdrawal_not_recognised
why is it taking so long for my money to appear in my account? i have been waiting a week!,6,balance_not_updated_after_cheque_or_cash_deposit
why is there a direct debit fee in the app when i didn't do it?,28,direct_debit_payment_not_recognised
i received less cash than the amount i specified in the atm.,75,wrong_amount_of_cash_received
are there any fees for top ups?,57,top_up_by_card_charge
during the last month i used this account to make payments for my place abroad. i noticed the fees have increased and i wonder why. shouldn't frequent users have less fees as incentive to keep using instead of increasing them out of nowhere?,64,transfer_fee_charged
how long do i have to wait for a transfer to reach my account?,67,transfer_timing
how can i get my physical card to work?,14,card_not_working
where is the top up verification code found?,71,verify_top_up
i've checked multiple times to make sure the account number listed is the right one after attempting to make a transfer within the country the day before yesterday. the transfer is still not available so can you please find out what is going on?,66,transfer_not_received_by_recipient
i would like to get help from someone in your customer service department with assisting me with activating my card.,0,activate_my_card
what forms of id work for verification?,69,verify_my_identity
i would like to use cash to make a top-up?,58,top_up_by_cash_or_cheque
"i should only have one charge, but it shows two.",63,transaction_charged_twice
there's an error in regards to the exchange rate for an item i bought.,17,card_payment_wrong_exchange_rate
"if i were to use a european bank card for a top up, will i incur a charge?",57,top_up_by_card_charge
how come the atm gave me less cash than what i asked for?,75,wrong_amount_of_cash_received
how come i have pending transfers?,48,pending_transfer
why was i charged extra on my last uk pound to russian ruble exchange?,17,card_payment_wrong_exchange_rate
how can i find out why my transfer didn't go through?,35,failed_transfer
how long and how much does it cost for new card,9,card_about_to_expire
what are the steps for depositing cash into my account?,58,top_up_by_cash_or_cheque
"how long do eu transfers actually take? i bought something online a couple days ago, sent the money immediately online but the seller says it's still not there yet.",48,pending_transfer
european bank card for top up will come with any extra fees?,57,top_up_by_card_charge
how long do transfers take? i sent money to a friend who needs it urgently. it's been hours and has not gone through.,66,transfer_not_received_by_recipient
what do i need to have with me to activate card,0,activate_my_card
my card is about to expire. how do i order another?,9,card_about_to_expire
why did the cash deposit not show up in my account?,6,balance_not_updated_after_cheque_or_cash_deposit
something is wrong with my password.,44,passcode_forgotten
the app is showing an atm withdrawl that i didn't make.,20,cash_withdrawal_not_recognised
"i didnt make these transactions, i think my card details might be stolen",22,compromised_card
i'd like to have another card,39,getting_spare_card
how does a disposable virtual card work?,37,get_disposable_virtual_card
would i get a visa or mastercard?,73,visa_or_mastercard
the app shows a withdrawal that i did not make or authorize.,20,cash_withdrawal_not_recognised
what is the reason that my top-up is still pending?,47,pending_top_up
why did i only get 20.00,75,wrong_amount_of_cash_received
help me set up a new pin?,21,change_pin
when will my card payment be done pending?,45,pending_card_payment
i got a strange cash withdrawal in my statement,20,cash_withdrawal_not_recognised
i have been trying unsuccessfully to top-up my card. is the system down or not working properly?,59,top_up_failed
what is wrong with my top-up?,47,pending_top_up
i didnt get the correct exchange rate for getting cash,76,wrong_exchange_rate_for_cash_withdrawal
purchases i did not make are appearing in my bank statement?,28,direct_debit_payment_not_recognised
can i transfer money to my account with the app?,65,transfer_into_account
i paid for something in foreign currency but noticed the exchange rate is incorrect.,17,card_payment_wrong_exchange_rate
what happened to my top-up? it was all done and now it's gone! are you having problems with your system?,61,top_up_reverted
"there's an extra fee on my statement, why is that?",34,extra_charge_on_statement
what will i need for identity verification?,69,verify_my_identity
why was i charged an extra fee when paying with my card?,15,card_payment_fee_charged
tell me if there is a top-up limit.,60,top_up_limits
i was unable to transfer to another account.,7,beneficiary_not_allowed
i would like to receive my salary in a different currency. how does that work?,50,receiving_money
why are you not accepting my transfer!! i've tried a couple times already now and it just keeps showing an error message,7,beneficiary_not_allowed
i'm trying to use a cheque to top up,58,top_up_by_cash_or_cheque
will i be charged a fee for topping up using a european card?,57,top_up_by_card_charge
how can you assist me on topping up on bank transfers to my account?,65,transfer_into_account
is there an exchange rate?,32,exchange_rate
how do i transfer cash my into my account?,65,transfer_into_account
where do you get your exchange rates from?,32,exchange_rate
please explain how i use the disposable cards?,37,get_disposable_virtual_card
i am having trouble verifying my id.,68,unable_to_verify_identity
i've made a transfer from france two days ago but i was wondering if international transfers take longer to arrive because it hasn't made it yet.,5,balance_not_updated_after_bank_transfer
why was i declined when i tried to get my money?,26,declined_cash_withdrawal
"i made a transaction, but i made it to an account i didn't mean to make it to.",8,cancel_transfer
i think my card is broke?,14,card_not_working
why do i have to verify my identity?,74,why_verify_identity
how can i put more money into my account?,58,top_up_by_cash_or_cheque
what process should i use to transfer money into my account?,65,transfer_into_account
how much for an actual card?,43,order_physical_card
the machine didn't work earlier when i went to get money out and now my account says transaction in progress.why?,46,pending_cash_withdrawal
"my beneficiary has been denied, is this normal?",7,beneficiary_not_allowed
"after a transfer, i see an extra fee. why?",64,transfer_fee_charged
i am afraid to give you all my identify details.,74,why_verify_identity
i suspect someone used my card.,22,compromised_card
"i've been to several different countries, can i exchange the cash with a discount for a large transaction?",31,exchange_charge
why was i not able to complete a transfer?,35,failed_transfer
"i have never been charged for making an atm cash withdrawal before, but i am now being charged a fee to withdraw cash. what happened?",19,cash_withdrawal_charge
how can i get my card out of the atm?,18,card_swallowed
my bank transfer is still not showing up in my account.,5,balance_not_updated_after_bank_transfer
i was checking my statement and my top-up has been reverted,61,top_up_reverted
what is my money worth in other countries?,32,exchange_rate
"why do you keep declining my transfers? it's always been working really well so far but when i tried to buy something just now the card got declined, i tried couple of times already but same thing is happening.",27,declined_transfer
why can't i get my virtual card to work?,72,virtual_card_not_working
where can i get a second card?,39,getting_spare_card
where is my top-up generated from?,70,verify_source_of_funds
i cannot see a refund in my account,51,Refund_not_showing_up
i'd like to know where my funds come from.,70,verify_source_of_funds
they charged me for paying with my card.,15,card_payment_fee_charged
please can i get a disposable virtual card as well?,37,get_disposable_virtual_card
how simple is it to transfer money into my account?,65,transfer_into_account
why has my transfer failed?,35,failed_transfer
i would like to know why my purchases from this morning are still pending.,45,pending_card_payment
my money transfer has not arrived.,66,transfer_not_received_by_recipient
i have transfered to my account before but it is being declined now?,27,declined_transfer
can you find out why my credit card didn't process payment? it was declined for top up so what's the deal?,59,top_up_failed
explain how to verify my identity?,69,verify_my_identity
why is there an additional fee showing on the statement i received?,34,extra_charge_on_statement
i did all that was asked of me and i am rather frustrated. i don't understand why you just won't credit me my money back. i have contacted the seller and nothing has been done. it's been a week!,51,Refund_not_showing_up
what's up with verifying top-ups?,71,verify_top_up
this transaction needs both a visa and a mastercard.,73,visa_or_mastercard
i would like to exchange currencies on the app. how do i do this?,33,exchange_via_app
my cash transaction isn't showing on my receipt,66,transfer_not_received_by_recipient
can i change my details because i moved?,30,edit_personal_details
the currency exchange rate was wrong for a purchase i made.,17,card_payment_wrong_exchange_rate
someone transferred money to me and it doesn't show,48,pending_transfer
why do you need so much information to verify my identity?,74,why_verify_identity
why can i not make a transfer?,35,failed_transfer
please tell me how to get a refund for something i bought.,52,request_refund
"i tried to make a transfer, but it didn't work.",35,failed_transfer
how can i solve my issue with holding multiple currencies?,36,fiat_currency_support
whats the reason for my payment being declined? it looked like everything went through ok and my account was good.,25,declined_card_payment
why isn't my topup working?,59,top_up_failed
"where can i find the ""auto-top"" feature?",4,automatic_top_up
can i change my pin at an atm?,21,change_pin
can my password be reset if i do not have it?,44,passcode_forgotten
how do i get a virtual card on my device?,40,getting_virtual_card
why is there a payment showing twice?,63,transaction_charged_twice
i need a new pin how do i go about that?,21,change_pin
how can i go about ordering a virtual card?,40,getting_virtual_card
why was a payment cancelled on my account?,53,reverted_card_payment?
"visa and mastercard, can i get them both?",73,visa_or_mastercard
i tried to get cash in the atm but it was not approved,26,declined_cash_withdrawal
i think my card payment has been reverted,53,reverted_card_payment?
it's been a week since you issued me a card and i still didn't get it. should i keep waiting?,11,card_arrival
can i top-up by cheque?,58,top_up_by_cash_or_cheque
the app doesn't think that i am myself,68,unable_to_verify_identity
i'm having trouble proving my identity,68,unable_to_verify_identity
how do i update my pin to a new number?,21,change_pin
what are the limits to using disposable virtual cards?,29,disposable_card_limits
why is my beneficiary not being allowed to get payment services?,7,beneficiary_not_allowed
my card was topped this morning but i can't see the funds. why didn't it complete?,47,pending_top_up
what number of times can i top-up?,60,top_up_limits
i didn't receive the correct amount of cash,75,wrong_amount_of_cash_received
why is their a charge pending on my card still?,45,pending_card_payment
i have two of the same charges on my account!,63,transaction_charged_twice
why was a fee added to my bill when i used my card?,15,card_payment_fee_charged
what do i do to lock my phone after losing it so my account isn't accessed,42,lost_or_stolen_phone
is there a way to tell where the money came from?,70,verify_source_of_funds
may i get a disposable virtual card as well?,37,get_disposable_virtual_card
i need several disposable cards made per day.,29,disposable_card_limits
why can't i withdraw cash?,26,declined_cash_withdrawal
i require verification of my source of funds.,70,verify_source_of_funds
how long does shipping take to get to a us destination?,12,card_delivery_estimate
why did i need to verfiy my identity?,74,why_verify_identity
what is the source of funds for my money?,70,verify_source_of_funds
what options do i have when topping up a us card?,57,top_up_by_card_charge
what is the estimated wait time on a us transfer into my account?,67,transfer_timing
"please help me with the amount that i have withdrawn from the atm today, the atm has given me wrong sum of amount, and i could see that the app is displaying the greater amount than taken out.",75,wrong_amount_of_cash_received
the card pin?,38,get_physical_card
what do i have to do to get my pin unblocked?,49,pin_blocked
i got my card a few days ago but am unable to top up. i'm thinking about closing my account because of this. what is going on?,59,top_up_failed
i havn't received my pin yet.,38,get_physical_card
i lost the code and can not get into the app. help!,44,passcode_forgotten
do you offer account services for children and teens?,1,age_limit
where can i use my mastercard?,10,card_acceptance
i'm still waiting for a money transfer to show.,48,pending_transfer
i tried my pin too many times,49,pin_blocked
is there a charge for getting my money?,56,top_up_by_bank_transfer_charge
which credit or debit cards can i use to top up?,54,supported_cards_and_currencies
how many different currencies can i hold money in?,36,fiat_currency_support
will it automatically top-up money if there isn't a lot left?,4,automatic_top_up
is there a maximum amount of top-ups?,60,top_up_limits
how long does it take to get a refund on something i bought?,52,request_refund
my card is missing! help!,41,lost_or_stolen_card
why does my transfer keep failing? i've tried 5 times and they all failed.,35,failed_transfer
"i got some cash at an atm earlier, but now app is showing that i withdrew more than i did. help!",75,wrong_amount_of_cash_received
i can't find my password,44,passcode_forgotten
i would like to have assistance with activating my card.,0,activate_my_card
is there a reason for my top up to be cancelled?,61,top_up_reverted
"i normally don't use atms, but i was in a rush today and had to withdraw some cash. the atm gave me the wrong amount of money and now my app is not showing the same amount as it should. what do i do?",75,wrong_amount_of_cash_received
i can't find my pin anywhere.,38,get_physical_card
please assist me with activation.,0,activate_my_card
what types of fiduciary currencies are supported for tenure and exchange?,36,fiat_currency_support
i have a pending cash withdrawal,46,pending_cash_withdrawal
the app doesn't think it's me.,68,unable_to_verify_identity
i would like to retract my purchase.,52,request_refund
i did a topup successfully but its not showing in balance. i think there is some problem in system.,61,top_up_reverted
i know there's an auto-top option but i can not locate it when i look?,4,automatic_top_up
is there a fee for transferring money,64,transfer_fee_charged
how do i locate my pin now that i have my card?,38,get_physical_card
what atms can i withdraw money from?,3,atm_support
can my children have an account?,1,age_limit
"i'm running out of money, can i auto top up?",4,automatic_top_up
"hi, i am new to this. are there any additional fees or charges that i should be aware of? i was looking through the app and i thought i saw something in regards to fee-free allowances.",15,card_payment_fee_charged
can it specifically be delivered on a certain date?,12,card_delivery_estimate
what fees do you charge for the standard card?,43,order_physical_card
my address needs to be revised.,30,edit_personal_details
how many transactions can i do with one disposable card?,29,disposable_card_limits
how can my friend give me money?,50,receiving_money
what am i going to need in order to activate my card?,0,activate_my_card
why is it required to verify my identity?,74,why_verify_identity
it's been a week since i ordered my card and it's not here. please help?,11,card_arrival
still waiting for transfer to be completed.,66,transfer_not_received_by_recipient
there is a charge for an additional pound.,34,extra_charge_on_statement
need to exchange currencies,33,exchange_via_app
i forgot my password,44,passcode_forgotten
i would like to apply for a visa card.,73,visa_or_mastercard
can i use the system google pay for top-ups?,2,apple_pay_or_google_pay
please tell me where i can update my details since i moved.,30,edit_personal_details
i have a strange transaction on my account which appears to pertain to a cash withdrawal i made outside nandos in leeds. what is that for? is it fraud?,19,cash_withdrawal_charge
how do i deposit cash?,58,top_up_by_cash_or_cheque
i cannot prove my own identity.,68,unable_to_verify_identity
i don't want to use this method to identify myself.,74,why_verify_identity
"my card got trapped inside an atm, what should i do?",18,card_swallowed
why didn't my payment process,45,pending_card_payment
where can i exchange between gbp and usd,33,exchange_via_app
someone that i had to send money to told me that they didn't receive the full amount i sent them - can you look into this?,64,transfer_fee_charged
i am under 18 and i am trying to verify my id. why wont it work?,68,unable_to_verify_identity
i need a fast transfer from china? how fast will it be?,67,transfer_timing
"something went wrong, i was charged an extra pound?",34,extra_charge_on_statement
i'd like more information about choosing a visa or mastercard.,73,visa_or_mastercard
how do i change to a different currency?,33,exchange_via_app
help me link my card,13,card_linking
can friends transfer money to each other?,50,receiving_money
i want to cancel my purchase,52,request_refund
"in china, need new card",9,card_about_to_expire
i found a direct debit i would like to dispute,28,direct_debit_payment_not_recognised
there are a couple payments with my card in the app i see that i didn't create. what is happening? maybe someone gained access to my account.,16,card_payment_not_recognised
i would like to know if you use visa or mastercard.,73,visa_or_mastercard
why is my payment pending?,45,pending_card_payment
where can i find a virtual card?,40,getting_virtual_card
"someone withdrew money from my account, and it wasn't me.",20,cash_withdrawal_not_recognised
i keep being asked to verify my identity. is this normal?,74,why_verify_identity
is there a fee for topping up a card?,57,top_up_by_card_charge
i haven't received the money from the check i deposited.,6,balance_not_updated_after_cheque_or_cash_deposit
will there be a fee to receive a physical card?,43,order_physical_card
there has been a red flag on my top up.,59,top_up_failed
a wrong amount of cash we sent to me.,75,wrong_amount_of_cash_received
for what reason did my top-up get cancelled?,61,top_up_reverted
can i transfer money to a beneficiery?,7,beneficiary_not_allowed
can i choose whether i receive a visa or a mastercard card?,73,visa_or_mastercard
my card was declined in a shop,25,declined_card_payment
my top up doesn't work,59,top_up_failed
there was some money taken from my account that i don't remember paying for. am i able to look up this transaction which was a few weeks ago to see who took out the money? im not sure i need a refund just want to check to make sure it's legit.,28,direct_debit_payment_not_recognised
what fiat currencies can i use for holding and exchanging?,36,fiat_currency_support
am i able to stop a transfer?,8,cancel_transfer
"i tried topping up my account but it failed, can you help me?",59,top_up_failed
my card is about to expire. how do i get a new card?,9,card_about_to_expire
what do i need to do in order to get a new card?,43,order_physical_card
are cheques accepted for a top up?,58,top_up_by_cash_or_cheque
how do i get a pin for my card,38,get_physical_card
why aren't my payment funds available to me?,45,pending_card_payment
i made a payment and it appears it is showing twice,63,transaction_charged_twice
how many transactions can i do with my disposable card?,29,disposable_card_limits
what steps do you take to check identity,69,verify_my_identity
why did my top-up not work?,59,top_up_failed
we need both a visa and a mastercard.,73,visa_or_mastercard
how can i request cash back? the atm gave me the wrong amount that i've been charged though...,75,wrong_amount_of_cash_received
do you have a tracking number for the card i was sent?,11,card_arrival
the atm won't give me my card back.,18,card_swallowed
how come i can't get money at the atm,26,declined_cash_withdrawal
how do i find my pin?,38,get_physical_card
what is this direct debit i am seeing?,28,direct_debit_payment_not_recognised
i need help with some transactions in my account that i dont recognize or remember purchasing. im not sure if the name is just different or what. should my card be put on hold while the issue gets figured out to be safe or is it ok?,16,card_payment_not_recognised
i would like to know more about what a disposable virtual card is?,37,get_disposable_virtual_card
what is my card's pin?,38,get_physical_card
my phone was left behind. can i still use my card?,42,lost_or_stolen_phone
"i have done a transfer within the country a couple days ago, but it's still not there yet. can you please check what's going on with that, the account number definitely is the right one, i've checked that several times already.",66,transfer_not_received_by_recipient
is it a good time to exchange?,32,exchange_rate
i got charged and extra fee when i transferred money so why was i charged?,64,transfer_fee_charged
i used my card and there was a fee,15,card_payment_fee_charged
what is the way to go about getting a virtual card?,40,getting_virtual_card
can you please check if i was charged twice?,63,transaction_charged_twice
how long does it take for a top-up?,47,pending_top_up
i need you to cancel a transfer that i made. it is the wrong account number and the app won't let me stop the transaction. please stop it!,8,cancel_transfer
why has my top-up been denied?,59,top_up_failed
my phone was lost,42,lost_or_stolen_phone
i see a direct debit transaction that i didn't make.,28,direct_debit_payment_not_recognised
what are some of the restrictions that the disposable cards have?,29,disposable_card_limits
what do i need to do to link my new card for my account?,13,card_linking
what is my identification used for?,74,why_verify_identity
limits on top ups,60,top_up_limits
what is the charges for new card?,23,contactless_not_working
can i get a throw away card,37,get_disposable_virtual_card
"i tried to withdraw cash and got declined, why is that?",26,declined_cash_withdrawal
i need to expedite my card,12,card_delivery_estimate
i noticed my exchange rate was incorrect when i got cash.,76,wrong_exchange_rate_for_cash_withdrawal
"i stupidly initiated a rent payment from the wrong account yesterday. it can't be paid from that account, but it really needs to get paid on time. am i able to move the payment to the right account?",8,cancel_transfer
i have my card here with me and someone has just made a withdrawal for 500. please help!,20,cash_withdrawal_not_recognised
why is there a fee on a card payment?,15,card_payment_fee_charged
will you be able to activate my card,0,activate_my_card
i think you reverted my top up.,61,top_up_reverted
need a new passcode.,44,passcode_forgotten
can you freeze my account? i just saw there are transactions on my account that i don't recognize. how can i fix this?,16,card_payment_not_recognised
i have a transaction showing up more than once.,63,transaction_charged_twice
how do i request a refund?,52,request_refund
my account is locked because i used the wrong pin too many times. please help.p,49,pin_blocked
i think my transfer failed. what do i do now?,35,failed_transfer
can i stop a transaction?,8,cancel_transfer
there is a vendor name i don't recognize on a payment from my account. i don't think i made this payment.,16,card_payment_not_recognised
how do i change my pin while traveling?,21,change_pin
why would a merchant refuse a payment,53,reverted_card_payment?
"hello, there seems to be a billing mistake associated with my account. my app was charged $1 more than it should have. could you please explain why this may have happened?",34,extra_charge_on_statement
my card payment was reverted,53,reverted_card_payment?
what's the youngest i can be to open an account?,1,age_limit
i didn't get all the cash i asked for,75,wrong_amount_of_cash_received
"i topped-up my account, but i don't think it went through.",47,pending_top_up
why is my transaction taking so long to complete?,66,transfer_not_received_by_recipient
how many cards am i allowed?,39,getting_spare_card
can i reset my pin if it is blocked?,49,pin_blocked
i got less cash at the atm than i asked for. why?,75,wrong_amount_of_cash_received
what is the limit to a top-up?,60,top_up_limits
why was money taken for a transfer?,64,transfer_fee_charged
i was making a purchase and it was declined and i wanted to know why.,27,declined_transfer
i need to make an immediate cancellation related to a transfer. this was a mistake. please assist quickly so this does not actually go through.,8,cancel_transfer
"on a card top-up, where can i verify?",71,verify_top_up
how can i change my name because i just got married?,30,edit_personal_details
"i think my card is expiring, what happens then?",9,card_about_to_expire
my refund is not showing.,51,Refund_not_showing_up
i need to order a new card as my other one was stolen.,41,lost_or_stolen_card
my foreign currency exchange has been applied incorrectly.,17,card_payment_wrong_exchange_rate
why has my account balance not changed after depositing a cheque?,6,balance_not_updated_after_cheque_or_cash_deposit
what is the longest a us transfer should take to appear in my account?,67,transfer_timing
i did not charge my account for that transaction. that's an error.,16,card_payment_not_recognised
what do i do when a charge has been made that i did not make?,20,cash_withdrawal_not_recognised
i'm using the app and i noticed a payment that i didn't make.,16,card_payment_not_recognised
yesterday i topped up my card. why didn't it complete as it still pending?,47,pending_top_up
how do i change my details?,30,edit_personal_details
"when traveling, is it possible for it to add money at specific time intervals?",4,automatic_top_up
is there a limit to a disposable virtual card?,29,disposable_card_limits
can a card stop working?,14,card_not_working
what currencies can be used for top up?,54,supported_cards_and_currencies
where is the transfer i started?,66,transfer_not_received_by_recipient
i did not get the cash that is showing up in my app.,20,cash_withdrawal_not_recognised
i still want to use my account but haven't verified is that ok?,74,why_verify_identity
how come the atm won't give me my money?,26,declined_cash_withdrawal
why is there a direct debit payment on my app that is not from me?,28,direct_debit_payment_not_recognised
"i recently purchased something, and the exchange rate was wrong.",17,card_payment_wrong_exchange_rate
i want to reverse a transaction i did this morning,8,cancel_transfer
i had an unexpected fee,64,transfer_fee_charged
why is my card not working?,14,card_not_working
i'd like to have it delivered on saturday. is that possible?,12,card_delivery_estimate
how can i perform a dual money transferring from one account to another?,65,transfer_into_account
is the fee with my cash withdrawal a mistake?,19,cash_withdrawal_charge
my throwaway virtual card won't work,72,virtual_card_not_working
why is a transaction showing as pending when i recieved cash from an atm?,46,pending_cash_withdrawal
do you accept cash?,58,top_up_by_cash_or_cheque
i was getting some cash out of the atm but it cancelled on me without warning.,26,declined_cash_withdrawal
how do i speed up identity verification?,74,why_verify_identity
says that my top-up is incomplete?,47,pending_top_up
after making a transfer from a uk account it's not showing up. how long do these transfers normally take for you? i want to be certain everything is all right.,5,balance_not_updated_after_bank_transfer
where can i order my virtual card?,40,getting_virtual_card
the app will not let me into my account.,68,unable_to_verify_identity
why is there an unknown card payment?,16,card_payment_not_recognised
why is the exchange rate for a foreign atm different,76,wrong_exchange_rate_for_cash_withdrawal
"could not complete transfer, states 'declined'",27,declined_transfer
i used the atm machine to get money out for holiday shopping and saw the outrageous charges. why is that? i would not have used the atm if i had known!,76,wrong_exchange_rate_for_cash_withdrawal
my card got stuck in an atm.,18,card_swallowed
is it acceptable to use either visa or mastercard?,73,visa_or_mastercard
what is the identity check for?,74,why_verify_identity
i am inquiring about your auto top up feature.,4,automatic_top_up
can i choose what card i can use,73,visa_or_mastercard
i need to cancel a transfer i made.,8,cancel_transfer
i have not received a refund.,51,Refund_not_showing_up
there should be a cash withdrawal that i haven't seen yet.,46,pending_cash_withdrawal
can it automatically top-up money if there isn't much left?,4,automatic_top_up
i'm not sure how disposable virtual cards work. please help.,37,get_disposable_virtual_card
i wondered if multiple currencies is okay?,36,fiat_currency_support
"i needed cash today, so i used another provider's atm, and when i attempted to withdraw, it declined. i just checked it out and i'm still showing my account with that amount pending! i didn't take any money out, it was declined, so i don't want that to be processed as a withdrawal.",46,pending_cash_withdrawal
my card won't work at all for anything.,14,card_not_working
"when i got cash, my exchange rate was wrong.",76,wrong_exchange_rate_for_cash_withdrawal
"i believe my money did not go through with my top up, was there a problem on your end?",61,top_up_reverted
seems like my top up has been cancelled,61,top_up_reverted
i've tried several times to make a payment and every time my card is declined? could my card be locked? i don't know what to do.,25,declined_card_payment
i transferred money and was charged and want to know why.,64,transfer_fee_charged
how will i know what the exchange rate is?,32,exchange_rate
i asked for 100 but only got 20.,75,wrong_amount_of_cash_received
why is the exchange rate different on my recent purchase?,17,card_payment_wrong_exchange_rate
how do i transfer money using my credit card?,62,topping_up_by_card
i have got out the wrong amount from an atm. please tell me the process to get the cash back as in app its showing the amount i have been actually received.,75,wrong_amount_of_cash_received
"is there something wrong with my card payment? it's been pending a really, really long time.",45,pending_card_payment
"i want to buy cryptocurrency, but your app doesn't let me. why?",7,beneficiary_not_allowed
where can i receive my card?,43,order_physical_card
i tried to do a transfer but it didn't go through.,35,failed_transfer
what cards and currencies can i use to top up my account?,54,supported_cards_and_currencies
why is my disposable virtual card being denied?,72,virtual_card_not_working
visa or mastercard?,73,visa_or_mastercard
"my phone was taken yesterday, what should i do about my account?",42,lost_or_stolen_phone
how is it possible to add another card to account,39,getting_spare_card
i have been charged twice,63,transaction_charged_twice
i made a transfer and the person i transferred the money to didn't receive the right amount? why did this happen and how do i get the rest of the money to them?,64,transfer_fee_charged
i was spending cash with my card and got a fee.,15,card_payment_fee_charged
my payments from my virtual card keep getting rejected.,72,virtual_card_not_working
"i need to cancel my recent transfer immediately, i made a mistake there, please help quickly before it goes through",8,cancel_transfer
can i get paid for this in another currency?,50,receiving_money
my top-up has failed.,59,top_up_failed
why can't i topup my account?,59,top_up_failed
is there any fees associated with receiving money with this account?,56,top_up_by_bank_transfer_charge
i cannot locate the card pin.,38,get_physical_card
there is a debit i dont recognize,28,direct_debit_payment_not_recognised
can i use your services without access to the app?,42,lost_or_stolen_phone
"i need help, i lost my card",41,lost_or_stolen_card
i only own one other credit card from the usa. will it be accepted?,54,supported_cards_and_currencies
i topped up but the app denied it,59,top_up_failed
"i made a payment with my card and was charged a fee, why would you do that",15,card_payment_fee_charged
"my pin has been blocked, what should i do?",49,pin_blocked
do i need to pay extra for exchanging currencies?,31,exchange_charge
i bought an item at the wrong exchange rate.,17,card_payment_wrong_exchange_rate
i need to move money from another bank to this account.,65,transfer_into_account
i dont have a pin,38,get_physical_card
what's my limit for topping up?,60,top_up_limits
what are the various currencies and cards that you offer support for?,54,supported_cards_and_currencies
i need a visa and a mastercard from you.,73,visa_or_mastercard
what are your exchange rates calculated from?,32,exchange_rate
please send my card as quickly as possible.,12,card_delivery_estimate
where is my money that i transfered?!,5,balance_not_updated_after_bank_transfer
i think my card payment was reverted,53,reverted_card_payment?
how are you determining your exchange rates?,32,exchange_rate
"can you explain your refund policy, please?",52,request_refund
can you tell me how to order a virtual card?,40,getting_virtual_card
how can i tell if someone else is using my card?,22,compromised_card
"i got my american express in apple pay, why is top up not working?",2,apple_pay_or_google_pay
"my new card is here, what's the process for activating it?",0,activate_my_card
how and where can i find the identity checks?,69,verify_my_identity
in what atm can i change my pin?,21,change_pin
i have a problem! the atm stole my card!,18,card_swallowed
how do i exchange currencies using this app?,33,exchange_via_app
the app reverted my top off.,61,top_up_reverted
does it cost anything and how long would it take to get a card if i need a new one? my card is about to expire.,9,card_about_to_expire
i tried to deposit a cheque into my account and it is not letting me.,58,top_up_by_cash_or_cheque
i used my card for a purchase and was charged a fee,15,card_payment_fee_charged
i am still waiting on my card?,11,card_arrival
can i have another card in addition to my first one?,39,getting_spare_card
can i make many disposable cards per day?,29,disposable_card_limits
i would like to get a visa card,73,visa_or_mastercard
can someone assist me with activating my card?,0,activate_my_card
i'm not verifying my identity.,74,why_verify_identity
"i tried to get some with-drawls but the machine didn't work. the transaction still seems in progress.seems like something is wrong,i don't want to be charged for transaction i did not make.",46,pending_cash_withdrawal
how long does it take for pending transfer transactions to post?,48,pending_transfer
how do i know if my top-up went through?,47,pending_top_up
i have used this account overseas recently. has there been an increase in fees that i am unaware of?,64,transfer_fee_charged
are there any charges for topping up my card?,57,top_up_by_card_charge
i want to delete my account. how do i do this?,55,terminate_account
where do i find how to top off with a check?,58,top_up_by_cash_or_cheque
i have cancelled payments to this card.,53,reverted_card_payment?
"hi, during online shopping payment is getting declined yesterday and today as well. please check the issue.",27,declined_transfer
can i unblock my pin using the app?,49,pin_blocked
i tried to send someone money but they haven't received it.,66,transfer_not_received_by_recipient
why does my statement contain an extra fee?,34,extra_charge_on_statement
"my marital status has change, i got to correct my name to reflect that.",30,edit_personal_details
"needed gas, been delayed for half an hour.please fix it!",47,pending_top_up
i can't log into my account because i lost my password,44,passcode_forgotten
i would like to know how my friend would be able to send me money,50,receiving_money
what is the atmosphere of it,10,card_acceptance
is there a way i can get my card expedited?,11,card_arrival
is there a specific source that the exchange rate for the transfer i'm planning on making is pulled from?,32,exchange_rate
i requested money from the atm and it didn't give me as much as i requested.,75,wrong_amount_of_cash_received
"i logged in wrong and am blocked, how do i log in?",49,pin_blocked
i am interested in changing my personal details.,30,edit_personal_details
why would i not be able to do a transfer to a beneficiary?,7,beneficiary_not_allowed
"i saw on the app that a cash withdrawal was completed on my account; however, i did not complete it.",20,cash_withdrawal_not_recognised
it's been a few days since i've tried to pay a seller but the funds aren't going through. what is happening?,45,pending_card_payment
can you tell me why a refund i'm owed is not showing on my statement?,51,Refund_not_showing_up
how did my top-up fail?,59,top_up_failed
my statement does not reflect that a refund has been issued,51,Refund_not_showing_up
how come there is an extra fee on my statement?,34,extra_charge_on_statement
how do i fix a payment that was reverted,53,reverted_card_payment?
is there a way to undo a transaction?,8,cancel_transfer
how old do you have to be to be able to open an account?,1,age_limit
i need to get my card quickly,12,card_delivery_estimate
how do i track the moeney,70,verify_source_of_funds
i went to the notting hill atm to use my card the first time for a cash withdrawal but it didn't work. does this mean that my card isn't working yet?,26,declined_cash_withdrawal
where is my refund? i have been checking my account all day.,51,Refund_not_showing_up
help. my account has been deducted already and the seller says they haven't received the money yet? when can they expect it?,53,reverted_card_payment?
how long does it take to get my card? can i choose when to receive it?,12,card_delivery_estimate
i wanted to know why there is a transfer of mine pending.,48,pending_transfer
do i get charged if i get money?,56,top_up_by_bank_transfer_charge
what is the minimum age to open an account?,1,age_limit
can i have a supplementary card?,39,getting_spare_card
why would there be an extra charge on my app?,34,extra_charge_on_statement
atm refused to give me money,26,declined_cash_withdrawal
what places will accept my card?,10,card_acceptance
how do vr cards work,37,get_disposable_virtual_card
my card has been found. is there any way for me to put it back into the app?,13,card_linking
why does the app revert a payment?,53,reverted_card_payment?
can i exchange from usd to gbp?,33,exchange_via_app
my check or cash deposit has not shown up,6,balance_not_updated_after_cheque_or_cash_deposit
can i find the origination of my funds?,70,verify_source_of_funds
how can i top-up my limit?,60,top_up_limits
"someone has my card number, freeze my account.",22,compromised_card
"i keep trying to make a payment, but it doesn't work.",25,declined_card_payment
"hello- it is urgent i get a refund on this product. the merchant has not been helpful, what can i do now to get this resolved asap?",52,request_refund
please help me get a virtual card.,40,getting_virtual_card
what is the source of the money in my account?,70,verify_source_of_funds
do i have to top-up with my credit card before i can transfer?,62,topping_up_by_card
how can i move money from an account at another bank to this one?,65,transfer_into_account
must i verify my identity?,74,why_verify_identity
"i might need aud instead of gbp, how to change?",33,exchange_via_app
i would like to return my purchases,52,request_refund
what's wrong with my id? i can't verify it.,68,unable_to_verify_identity
what are the requirements to verify my identity?,69,verify_my_identity
can i request a physical card?,43,order_physical_card
do you receive swift transfers?,56,top_up_by_bank_transfer_charge
is there a way to recover my password?,44,passcode_forgotten
google pay top up did not work,2,apple_pay_or_google_pay
what is the process for activating my new card?,0,activate_my_card
i believe my top up has failed,59,top_up_failed
which atms take the card?,3,atm_support
can i use a different currency with my salary?,50,receiving_money
why would i have a pending payment?,45,pending_card_payment
why won't my passcode work?,44,passcode_forgotten
what do i do if i forget my passcode? because i did.,44,passcode_forgotten
how do i receive my physical card,43,order_physical_card
i tried to pay through my account but the payment is not going through. what's going on?,45,pending_card_payment
when will the transfer be completed?,48,pending_transfer
which us cards have top up charges?,57,top_up_by_card_charge
help me figure out how to link the new card.,13,card_linking
i need to transfer money to my account from another bank,65,transfer_into_account
when will the cash that i put in the atm be cleared from pending status?,46,pending_cash_withdrawal
why am i being told this transfer will not go thru,7,beneficiary_not_allowed
i have no idea why my card payment did not work.,25,declined_card_payment
will my friends be able to top up my account?,62,topping_up_by_card
"need a new card, mine is expiring.",9,card_about_to_expire
what is a disposable virtual card?,37,get_disposable_virtual_card
why would a card payment be declined?,25,declined_card_payment
my phone has been lost or stolen,42,lost_or_stolen_phone
how can i find a way to transfer money without it being rejected?,27,declined_transfer
can you help me find top up by cash deposit?,58,top_up_by_cash_or_cheque
my card does not work,14,card_not_working
why is my friend not getting a transaction arrival yet?,66,transfer_not_received_by_recipient
"i need to transfer money into my account, and i don't know how to do that.",65,transfer_into_account
i tried activation my card and it didn't employment,0,activate_my_card
how do i get a new card sent to china?,9,card_about_to_expire
my card hasn't arrived yet. what do i do?,11,card_arrival
"hello, i see that i have been charged an extra $1 on my app. could you please provide me with a reason for this charge?",34,extra_charge_on_statement
"i did not receive my purchase, how do i cancel it?",52,request_refund
can you please disable my current account.,55,terminate_account
how long will it take to get my refund,51,Refund_not_showing_up
where do i go to receive a virtual card,40,getting_virtual_card
why was i charged a fee to transfer money?,64,transfer_fee_charged
why did the transfer fail when i attempted to do it earlier?,35,failed_transfer
is cash good to top up with?,58,top_up_by_cash_or_cheque
are their fee's for top ups?,57,top_up_by_card_charge
i want to use my american express for adding money into my account.,54,supported_cards_and_currencies
could google pay and top up be together?,2,apple_pay_or_google_pay
use my credit to add money,54,supported_cards_and_currencies
is it possible to verify a top up?,71,verify_top_up
the amount of cash i received did not match the amount i requested,75,wrong_amount_of_cash_received
help! i just realised someone has apparently withdrawn money using my card! it's from some odd remote town where i definitely haven't been. please freeze it immediately!,20,cash_withdrawal_not_recognised
"for some reason, the money i added was returned.",61,top_up_reverted
why was there a fee with my cash withdrawal?,19,cash_withdrawal_charge
do you charge a fee on currency exchange?,31,exchange_charge
i noticed an extra pound charge?,34,extra_charge_on_statement
i need to get a disposable virtual card?,37,get_disposable_virtual_card
how long before transferred money shows up?,5,balance_not_updated_after_bank_transfer
"always exchanging currencies, do you offer a discount?",31,exchange_charge
does it cost anything to buy something from another country? like is there going to be hidden transfer fees or currency conversion fees?,64,transfer_fee_charged
how do i go about activating my new card?,0,activate_my_card
i have not received my card,11,card_arrival
what are my bank details so i can do a transfer?,65,transfer_into_account
what is the cost for currency exchanges?,31,exchange_charge
why is there an extra pound charge that is pending?,34,extra_charge_on_statement
do i have to use a bank approved atm to withdraw money?,3,atm_support
i was overcharged a pound.,34,extra_charge_on_statement
how long does it take to prove my identity?,68,unable_to_verify_identity
can am i able to exchange currencies?,33,exchange_via_app
do you support all cards and currencies?,54,supported_cards_and_currencies
"the transactions showing up are strange, i think my card was used without me knowing.",22,compromised_card
can i order cards on the app,43,order_physical_card
"i recently made a payment, and it is showing up in my account as ""pending"". what does that mean?",45,pending_card_payment
is there a way to change my pin without having to go to the bank?,21,change_pin
why is there a fee associated with card use?,15,card_payment_fee_charged
can i change my pin abroad?,21,change_pin
there's a cash withdrawal i am certain i did not make,20,cash_withdrawal_not_recognised
my password doesn't work.,44,passcode_forgotten
why did my top up not work?,59,top_up_failed
do you have the best exchange rate?,32,exchange_rate
"i don't recognize this payment on my app, i am sure i didn't spend any money there.",16,card_payment_not_recognised
a transaction is repeated several times on my account.,63,transaction_charged_twice
problem verifying my account,68,unable_to_verify_identity
is it possible to change my pin?,21,change_pin
is it possible to cancel a transaction?,8,cancel_transfer
my card stopped working. how do i check if there is a freeze on it?,14,card_not_working
what currencies does google pay top up accept?,2,apple_pay_or_google_pay
there is a charge on my card that i did not make,16,card_payment_not_recognised
i saw a payment i did not do,16,card_payment_not_recognised
why wouldn't my contactless work for the metro?,23,contactless_not_working
is there extra fees for making a withdraw in a different country at a cash machine.,76,wrong_exchange_rate_for_cash_withdrawal
i need to change my home address.,30,edit_personal_details
do you accept all cards and currencies?,54,supported_cards_and_currencies
what's the time frame normally for a uk account transfer? i just made one and it's not showing up anywhere. i want to be sure that everything is good.,5,balance_not_updated_after_bank_transfer
are the funds i requested from a merchant a few days ago in my account? i do not see them.,51,Refund_not_showing_up
i am still waiting for the cash to be returned from a cheque i deposited!,6,balance_not_updated_after_cheque_or_cash_deposit
what's the procedure with currency exchange?,33,exchange_via_app
where can i use this card?,10,card_acceptance
can you tell me why i was charged $1 for a transaction?,34,extra_charge_on_statement
"my disposable virtual card was rejected by the merchant, please help?",72,virtual_card_not_working
someone has taken my phone from my hotel room!,42,lost_or_stolen_phone
my card was declined but it shows as multiple charges?,63,transaction_charged_twice
what are the top up charges for us cards?,57,top_up_by_card_charge
why isn't my refund showing in my statement?,51,Refund_not_showing_up
can i set up to my account to automatically top up?,4,automatic_top_up
can you tell me the restrictions for the disposable cards?,29,disposable_card_limits
how do you do currency exchanges?,32,exchange_rate
i bought an item and the exchange rate was wrong.,17,card_payment_wrong_exchange_rate
i need to update my address.,30,edit_personal_details
"what about an auto top-up, is that a option?",4,automatic_top_up
says my transfer can't be completed?,35,failed_transfer
what documents do i need for the identity check?,69,verify_my_identity
why didn't my balance change after i transferred some money?,5,balance_not_updated_after_bank_transfer
how can i find the source for my available funds and money?,70,verify_source_of_funds
would like to use my card and need to activate it first. can you help me do this?,0,activate_my_card
for the first time i got a fee on my account. how do i know when you charge these fees?,15,card_payment_fee_charged
is my salary eligible for this?,50,receiving_money
i wanted to withdraw $100 from the atm but i only got $20,75,wrong_amount_of_cash_received
what is the charge for paying with my card?,15,card_payment_fee_charged
why is the cash deposit not showing up in my account?,6,balance_not_updated_after_cheque_or_cash_deposit
why have i not gotten my new card?,11,card_arrival
why am i being charged to make cash withdrawals? i thought they were supposed to be free!,19,cash_withdrawal_charge
why does my transaction have an added fee?,34,extra_charge_on_statement
"when traveling, can i auto top-up my card at certain times?",4,automatic_top_up
i am not happy with this product can i get a refund?,52,request_refund
i want information about the source of funds.,70,verify_source_of_funds
i've deposited a check but the cash isn't showing that it's there yet.,6,balance_not_updated_after_cheque_or_cash_deposit
i don't recognise a card payment,16,card_payment_not_recognised
i ordered online weeks ago and i never received my package in the mail and i don't want to wait any more. so if i could get my money back now that would be great.,52,request_refund
"i made a rent payment from the wrong account yesterday. it absolutely has to go through tomorrow, so can you please reroute the payment to the right account?",8,cancel_transfer
can i order a card?,43,order_physical_card
i bought something with my card and i was charged a fee,15,card_payment_fee_charged
i sent a check into the system but still haven't received the cash yet,6,balance_not_updated_after_cheque_or_cash_deposit
there was a limited amount of money available at the time of my transaction.,75,wrong_amount_of_cash_received
which atms am i allowed to get money from?,3,atm_support
is there a way to order a new card while in china?,9,card_about_to_expire
there is a weird payment in my statement.,16,card_payment_not_recognised
i tried to transfer cryptocurrency into my account but was denied,7,beneficiary_not_allowed
what caused my top-up to be returned?,61,top_up_reverted
what happened to my top-up? it's not reflected.,47,pending_top_up
"if us cards have a top up charge, what is it?",57,top_up_by_card_charge
i didn't set up a direct debit payment on my account.,28,direct_debit_payment_not_recognised
i made a cash deposit almost a week ago but it's still not there!! please sort this out asap i need the money,6,balance_not_updated_after_cheque_or_cash_deposit
my wallet was stolen and all my credit cards were in there. help?!!?,22,compromised_card
i wasn't able to use my card today when i went out for lunch. wondering why that is?,14,card_not_working
atm ate my card,18,card_swallowed
my statement has a charge that shouldn't have been made.,52,request_refund
do i have to use bank approved atm's,3,atm_support
"my friend deposited $100 into my account, but it is not showing up!",6,balance_not_updated_after_cheque_or_cash_deposit
"may i reactivate my card? i previously reported it lost, but have now found it safe and sound.",13,card_linking
what currency's can i exchange for?,33,exchange_via_app
i am perplexed. why is it that i received an extremely wrong rate when i tried to use an atm using a foreign currency?,76,wrong_exchange_rate_for_cash_withdrawal
where can you deliver cards?,43,order_physical_card
is there a limit on auto top-up?,4,automatic_top_up
are you able to locate my card?,41,lost_or_stolen_card
i got a extra €1 fee in my statement,34,extra_charge_on_statement
how old do you have to be to open an account?,1,age_limit
the exchange rate from my card payment isn't right.,17,card_payment_wrong_exchange_rate
i want to close my account,55,terminate_account
can my 19 year old daughter open a savings account at the bank?,1,age_limit
i withdraw cash from the atm and was charged a fee,19,cash_withdrawal_charge
where to i get my funds from?,70,verify_source_of_funds
i topped up my account but the app failed to process it.,59,top_up_failed
"i found my card, am i able to put it back into the app?",13,card_linking
what is the extra fee that showed up on my card?,15,card_payment_fee_charged
why was my virtual card declined when attempting to setup automatic billing?,72,virtual_card_not_working
"hello, i'd like to inform you of an issue i'm currently experiencing. the goods i have ordered from your website have still not arrived yet; it has been over 3 weeks. i would like to be issued a refund swiftly and be redirected to more competent people. thank you for your assistance.",52,request_refund
i couldn't pay with my card,25,declined_card_payment
how can i top up my account with a cheque?,58,top_up_by_cash_or_cheque
i could not get the atm to work,26,declined_cash_withdrawal
is there something wrong with the atm? it would not let me pull cash out of my account.,26,declined_cash_withdrawal
i deposited cash this morning and i am still waiting,6,balance_not_updated_after_cheque_or_cash_deposit
i dont recognize a charge on my card,16,card_payment_not_recognised
can i get a card that works in other countries like africa and indonesia?,24,country_support
what is the minimum age required to open an account with your service?,1,age_limit
help! in the app there is a direct debit that i don't remember.,28,direct_debit_payment_not_recognised
why was my withdrawal declined,26,declined_cash_withdrawal
there is a transaction showing in my app that i did not make as i have not used that card all day. please reimburse this amount to my account.,28,direct_debit_payment_not_recognised
can i use your app to exchange between usd and gbp,33,exchange_via_app
what is the exchange looking like?,32,exchange_rate
"help, your app is showing a larger wd than i actually did earlier at an atm.",75,wrong_amount_of_cash_received
can i use a check to top up?,58,top_up_by_cash_or_cheque
i still haven't gotten my new card. when will it get here?,11,card_arrival
please tell me why the purchase i made online returned payment. i really wanted this item and i've been trying for 2 weeks.,53,reverted_card_payment?
is gbp a supported currency?,50,receiving_money
why would a cash withdrawal still be pending?,46,pending_cash_withdrawal
what should i do to get transactions off of my account if i didn't make them? my card must have been compromised and i need to freeze it asap!,16,card_payment_not_recognised
i made an atm withdrawal over the holiday and then later realized i was charged an exorbitant fee! i never would've made this withdrawal if i'd known i'd be charged so much.,76,wrong_exchange_rate_for_cash_withdrawal
how can i get my pin unblocked?,49,pin_blocked
"i don't see my refund money yet in my account. i asked the merchant a while ago for a refund, so i don't know what's taking so long. can you look into it and see if the money is there, just not in my account yet?",51,Refund_not_showing_up
i am still awaiting the completion of the transaction.,66,transfer_not_received_by_recipient
tell me why my card payment would be reverted.,53,reverted_card_payment?
when should i expect my card?,12,card_delivery_estimate
i lost my phone!,42,lost_or_stolen_phone
is there a way to see my money's source?,70,verify_source_of_funds
do i get charged for a top up from a european bank?,57,top_up_by_card_charge
i transfered and yet it is still pending,48,pending_transfer
i thought transfers were free. why was i charged to transfer?,64,transfer_fee_charged
i've been waiting for a refund where is it?,51,Refund_not_showing_up
what are all the currencies and cards supported to use this?,54,supported_cards_and_currencies
i no longer have my phone.,42,lost_or_stolen_phone
help me activate my card.,0,activate_my_card
do i need any kind of documentation for the identity check?,69,verify_my_identity
i asked for more cash than what was received,75,wrong_amount_of_cash_received
which cash machines will allow me to change my pin?,21,change_pin
why didn`t my topup go through?,59,top_up_failed
"while abroad, i got cash, and the exchange rate applied is wrong.",76,wrong_exchange_rate_for_cash_withdrawal
"i have a card payment that was declined, but why?",25,declined_card_payment
how can i get another card?,39,getting_spare_card
are eur exchanges allowed?,36,fiat_currency_support
why am i seeing a fee for transferring money?,64,transfer_fee_charged
how do i get a real card?,43,order_physical_card
i got my new card where do i go to activate it?,0,activate_my_card
is there a reason behind why my transfer did not work?,35,failed_transfer
"hello, i am facing the issue with my new card as payments are declining again and again. please help me in this issue.",25,declined_card_payment
what is the matter?,28,direct_debit_payment_not_recognised
"i need a refund from you because the merchant is refusing, can you do that?",51,Refund_not_showing_up
can you let me know if visa is among the card scheme assignments?,73,visa_or_mastercard
can i use my account if the identity verification is not complete?,74,why_verify_identity
my refund is not here yet,51,Refund_not_showing_up
"would you please tell me the status of my refund request for a large purchase i made not long ago? i contacted the merchant nearly a week ago, but haven't received it.",51,Refund_not_showing_up
"if my card is going to expire this month, do i need to order a new one?",9,card_about_to_expire
does a us transfer take long,67,transfer_timing
is it possible to top up using a cheque?,58,top_up_by_cash_or_cheque
i want to have an item refunded can i do that?,52,request_refund
google pay top up isn't working,2,apple_pay_or_google_pay
"i think i want aud and not gbp, can you help?",33,exchange_via_app
how do i access the auto top-up option?,4,automatic_top_up
my virtual card was rejected for a car rental. why?,72,virtual_card_not_working
how can i get additional cards?,39,getting_spare_card
is there a possibility to open an account for my sons and daughters?,1,age_limit
how long does it take for a card to arrive?,12,card_delivery_estimate
can you tell me if a credit/refund is coming from a seller? i asked for refund directly from them and am still waiting. it's been a week now and i still havn't seen my refund yet.,51,Refund_not_showing_up
how do i edit my details?,30,edit_personal_details
i believe my credit card was stolen.,41,lost_or_stolen_card
how can i choose between visa and mastercard?,73,visa_or_mastercard
are there any restrictions on the disposable cards?,29,disposable_card_limits
there is a direct debit transaction that i did not authorize,28,direct_debit_payment_not_recognised
what can you use the disposable cards for?,37,get_disposable_virtual_card
can i order a new card to china?,9,card_about_to_expire
"if i have already completed a cash withdrawal at an atm, is it normal for it to show as a pending transaction on the app?",46,pending_cash_withdrawal
i need some help figuring out what this strange payment is on my account. it's stays pending and won't go away.,34,extra_charge_on_statement
why is it saying my card payment is declined when i made it?,25,declined_card_payment
i bought something and the money appeared back into my account? why?,53,reverted_card_payment?
"my card is broke, what do i do?",14,card_not_working
why do i see a fee when i do a transfer?,64,transfer_fee_charged
i made a mistake and need to cancel a transaction,8,cancel_transfer
if my identy verifacation hasn't gone through can i use my account?,74,why_verify_identity
"i've used my account frequently over the last month to manage my payments from abroad for my new place. i noticed that my fees have suddenly increased. as a frequent customer, shouldn't i be rewarded rather than suddenly being subject to a new fee?",64,transfer_fee_charged
can i use my virtual card for recurring monthly payments?,72,virtual_card_not_working
what countries are getting support?,24,country_support
how much would it cost me if i transfer?,56,top_up_by_bank_transfer_charge
how do i report a cash withdrawal that wasn't me?,20,cash_withdrawal_not_recognised
"i want to add money to my international card, so are there any fees charged to do this?",57,top_up_by_card_charge
why was i unable to finish this transfer?,35,failed_transfer
what are your supported countries?,24,country_support
"i double checked that i have the correct account details already, they're right for sure. transfer is still pending since forever. it should not have been done so.",48,pending_transfer
"i couldn't transfer money to my bank, why not?",7,beneficiary_not_allowed
i wanted to know what discounts were offered for current exchanges as it is something that occurs frequently.,31,exchange_charge
will it cost extra to add money to an international card?,57,top_up_by_card_charge
is there any way i can get more physical cards to use with my account?,39,getting_spare_card
what all is needed to verify the top-up card?,71,verify_top_up
will i get charged for sending out more cards?,39,getting_spare_card
i think a card payment i made was cancelled.,53,reverted_card_payment?
when are cards shipped?,12,card_delivery_estimate
mastercard is preferred to me.,73,visa_or_mastercard
i have a direct debit i didn't make,28,direct_debit_payment_not_recognised
my card doesn't accept any transaction at all. what's wrong??,14,card_not_working
i don't recognize what this payment on my statement would be for.,16,card_payment_not_recognised
i wanted to know why my transaction didn't go through.,27,declined_transfer
explain to me how to verify the top-up card.,71,verify_top_up
"i'd like to make a sepa transfer to my account, but will i be charged?",56,top_up_by_bank_transfer_charge
i noticed a duplicate charge on my statement.,63,transaction_charged_twice
"|i moved out of my old house two weeks ago and cancelled my direct debit to my old landlord, this direct debit was working fine. now i've moved in to a new place and set up a transfer to a new landlord but it's not reached her yet, can you check it please?",66,transfer_not_received_by_recipient
"i have a visa and mastercard, can i use these?",73,visa_or_mastercard
hello i have lost my phone and i'm worried someone's going to steal money from me,42,lost_or_stolen_phone
how long do european transfers take?,67,transfer_timing
which countries does your service work in?,24,country_support
is there an age limit to get an account?,1,age_limit
how can i top up?,62,topping_up_by_card
how can i find an atm that accepts this card?,3,atm_support
my card is lost! what do i do now?,41,lost_or_stolen_card
i dont see my reciept,66,transfer_not_received_by_recipient
do you have to order a new card before your current card expires?,9,card_about_to_expire
i need to get some more physical cards.,39,getting_spare_card
i am extremely unhappy with this app and want to get rid of my account?,55,terminate_account
how long is the wait for my card?,12,card_delivery_estimate
why does the same transaction appear multiple times?,63,transaction_charged_twice
"my funds are low, can i auto top up?",4,automatic_top_up
how can i verify my identity?,69,verify_my_identity
which merchants accept this card?,10,card_acceptance
i'm worried my card might be lost in the mail? how long does it usually take to arrive?,12,card_delivery_estimate
there are a couple of payments with my card shown in the app that i really didn't make myself. why is it happened?,16,card_payment_not_recognised
looks like my top up failed.,59,top_up_failed
how long will my payment be pending?,45,pending_card_payment
i need more assistance with how to activate my card.,0,activate_my_card
why do i have an extra fee on my statement?,34,extra_charge_on_statement
my payment has an incorrect exchange rate.,17,card_payment_wrong_exchange_rate
i know that i am able to make transfers for free. that was something that i valued. after i bought something online from abroad i noticed that i got charged a fee? what is this and can it be removed?,64,transfer_fee_charged
what are the rules for transferring to a beneficiary?,7,beneficiary_not_allowed
how do i link a card that i already have?,13,card_linking
i need this item refunded,52,request_refund
"i'm starting to think my card is lost because it still hasn't arrived, can you help?",11,card_arrival
can you please tell me why i was charged an extra fee on my transfer?,64,transfer_fee_charged
i have heard about these disposable virtual cards but don't understand how they work.,37,get_disposable_virtual_card
"i do not need gbp, i need aud, how do i convert it?",33,exchange_via_app
what should i do to verify my identity?,69,verify_my_identity
do i need to verify my identity each time i wish to use my account?,74,why_verify_identity
i have a strange payment in my statement,16,card_payment_not_recognised
i would like to know why i was charged twice for my purchase.,63,transaction_charged_twice
can i get the mastercard?,73,visa_or_mastercard
why did i not get a virtual card yet?,40,getting_virtual_card
why is there an extra €1 fee in my statement?,34,extra_charge_on_statement
how long does it take for a transfer from europe to go through?,67,transfer_timing
"i received my new card, how is it activated?",0,activate_my_card
i've already tried 5 times to complete a transfer that's just standard. what's the deal? is your system down at this time?,35,failed_transfer
how's the exchange rate looking right now?,32,exchange_rate
i was using a foreign currecy to make a payment and the applied the wrong rate.,17,card_payment_wrong_exchange_rate
i didn't know there was a charge for tranferring. what is the charge?,64,transfer_fee_charged
what is the top-up limit?,60,top_up_limits
there is no way for me to prove my identity.,68,unable_to_verify_identity
"on my last trip, i received the incorrect exchange rate.",76,wrong_exchange_rate_for_cash_withdrawal
what's the normal time frame for a transfer from a uk account? after just making a transfer it doesn't appear at all. i need to know if things went okay.,5,balance_not_updated_after_bank_transfer
help me. my transfer was declined. how could this happen?,27,declined_transfer
i would like to order a disposable virtual card. how can i do this?,37,get_disposable_virtual_card
i haven't gotten my credit card in the mail.,11,card_arrival
"transfer was declined, could not complete request.",27,declined_transfer
this card is accepted by what businesses?,10,card_acceptance
what areas are cards delivered to?,43,order_physical_card
are eur exchanges acceptable?,36,fiat_currency_support
how do i make my card show up in the app?,13,card_linking
how can i add a new card?,13,card_linking
can you please explain why i was charged an extra fee for my transfer?,64,transfer_fee_charged
how do i change my address ?,30,edit_personal_details
the wrong exchange rate was applied to me while pulling out cash.,76,wrong_exchange_rate_for_cash_withdrawal
what is needed for identity verification?,69,verify_my_identity
how can i reset my passcode ?,44,passcode_forgotten
is it possible for me to get money out in a different currency?,50,receiving_money
can you explain why my payment was charged a fee?,15,card_payment_fee_charged
"if i have more than one disposable card, can i make five payments on each of them?",29,disposable_card_limits
i accidentally blocked my pin. how do i reset it?,49,pin_blocked
"my friend wants to send me money, can she?",50,receiving_money
when will the money from my bank transfer be available?,5,balance_not_updated_after_bank_transfer
want a new card what are the fees,9,card_about_to_expire
do you do swift transfers?,56,top_up_by_bank_transfer_charge
i need my payment in another currency,50,receiving_money
"i'm not in the uk, can i still get a card?",24,country_support
"i would like to exchange currencies, how do i go upon it?",33,exchange_via_app
"i would like to know why my payment is still pending, can you help?",48,pending_transfer
"just received my replacement card, what steps do i need to take to activate it?",0,activate_my_card
i need help right now. i realize i sent my payment to the wrong account number after making a typo. please cancel the transfer now since i can't do it from the app.,8,cancel_transfer
where is my pin located?,38,get_physical_card
how many days to deliver to a us customer?,12,card_delivery_estimate
can friends i have top-up my account?,62,topping_up_by_card
do you know if there is a tracking number for the new card you sent me?,11,card_arrival
help me locate the nearest atm.,3,atm_support
what is required documents for new card process ?,23,contactless_not_working
do i have to pay more for exchanges?,31,exchange_charge
i would like to invalidate my account. i am very disappointed with your services.,55,terminate_account
do the disposable cards have restrictions?,29,disposable_card_limits
"i need to hold money, what currencies can i use?",36,fiat_currency_support
maximum how many days get the courier?,11,card_arrival
when can i expect a transfer from europe to go through?,67,transfer_timing
i got charged two times for a transaction,63,transaction_charged_twice
am i able to top up with this cheque i received?,58,top_up_by_cash_or_cheque
when do i get my card pin?,38,get_physical_card
i am not happy with your service and request that my account be terminated!,55,terminate_account
"i transferred money, why was charged for an extra fee?",64,transfer_fee_charged
do you have any card fees if i want to add money using an international card?,57,top_up_by_card_charge
what is wrong with the exchange rate? this should have been a much higher amount of cash for that to apply.,76,wrong_exchange_rate_for_cash_withdrawal
"hi, i am disappointed to see such a bad exchange rate and hope you can assist me. would you be able to confirm the official interbank exchange rate for me?",17,card_payment_wrong_exchange_rate
can i get some help to get me card activated?,0,activate_my_card
how might i change my pin?,21,change_pin
where is card accepted,10,card_acceptance
i may have a fraud charge on my debit statement.,28,direct_debit_payment_not_recognised
where is the card pin located?,38,get_physical_card
is there a fee for european bank cards?,57,top_up_by_card_charge
why was my pin blocked?,49,pin_blocked
how do i go forth with bank transfers for top up accounts?,65,transfer_into_account
i can't seem to be able to use my card,14,card_not_working
"my pin is not working, can you help?",49,pin_blocked
is there something wrong with my atm card? tried using it earlier and it did not work.,26,declined_cash_withdrawal
i might need a new card because it's not working at any of the atms. i don't think ive used all my money. why is it doing this?,26,declined_cash_withdrawal
the atm keeps declining my card. i tried at two different atms. can you tell me if there's an issue with my account?,26,declined_cash_withdrawal
how do i get my card to work?,14,card_not_working
my identity verification didn't work,68,unable_to_verify_identity
what should i do if my card doesn't work?,14,card_not_working
i don't think my top up is working correctly,59,top_up_failed
how do i initiated a bank transfer to top up?,65,transfer_into_account
how do i find out where my funds came from?,70,verify_source_of_funds
why hasn't the money transfer arrived yet?,66,transfer_not_received_by_recipient
my exchange seems to have something wrong with it. i changed over russian ruble to uk pounds and it appears i was charged way more than i was supposed to be.,17,card_payment_wrong_exchange_rate
i received my salary in gbp. how do i change this to my currency?,50,receiving_money
"i need a second card, can i have more than one?",39,getting_spare_card
"my things were stolen yesterday and i can't use any apps or anything, so i am going to need some help.",42,lost_or_stolen_phone
how do i track my card?,11,card_arrival
the atm i'm standing in front of only gave me 10 pounds rather than the 30 pounds i wanted. the app shows i took out 30 pounds also. what do i need to do to fix this?,75,wrong_amount_of_cash_received
i noticed my card was used in a small town that i have never been to. can you stop the card from being used more?,22,compromised_card
i have a top up that didn't go through. why?,59,top_up_failed
where do i find my code to verify my top-up card?,71,verify_top_up
there has been a payment in the app that has not be done by me.,16,card_payment_not_recognised
what do i do if i forgot my passcode?,44,passcode_forgotten
can i have a card after my first one?,39,getting_spare_card
how do i do a successful transfer to an account?,7,beneficiary_not_allowed
"i already made a transfer and want to cancel it, how do i do that?",8,cancel_transfer
"i made a transfer and the receiver said an amount was received, but less than the right amount. i now have to transfer more to get the remainder to the receiver. can you tell me about this. what's been going on?",64,transfer_fee_charged
my card is very close to expiring. when can i order a new one and how do i do so?,9,card_about_to_expire
i was charged extra or a hidden fee when i purchased something from you. what's the deal? i didn't authorize that charge.,34,extra_charge_on_statement
i have an american express that i'd like to add money to my account with.,54,supported_cards_and_currencies
can i directly deposit my salary to this account?,50,receiving_money
"i want to top up by transfering accounts, what do i do?",65,transfer_into_account
i made a transaction to the wrong account!,8,cancel_transfer
my cash withdrawal has not come out of my account yet.,46,pending_cash_withdrawal
"i was just shopping and my payment was declined in a store! it was very embarrassing, what is going on and when will it be fixed?",25,declined_card_payment
the activation process for my card isn't working.,0,activate_my_card
how much does it cost to do a transfer?,56,top_up_by_bank_transfer_charge
i would like to know the countries you are offer services in?,24,country_support
why hasn't my card been delivered?,11,card_arrival
what do i owe for a new card?,43,order_physical_card
is it possible that my card payment was reverted?,53,reverted_card_payment?
the exchange rate at which my card payment is at is wrong,17,card_payment_wrong_exchange_rate
help! my card is stolen.,41,lost_or_stolen_card
the exchange rate used on your app is really bad. i'm considering closing my account because of it.,17,card_payment_wrong_exchange_rate
can you check if my money has reached my account since it is not showing up yet?,5,balance_not_updated_after_bank_transfer
i would like to get an account for my child.,1,age_limit
when would my card be charged an extra fee for a transaction?,15,card_payment_fee_charged
what are the steps i should take to recover my swallowed card?,18,card_swallowed
i'm interested in getting a virtual card. how do i get one?,40,getting_virtual_card
my transfer says pending. what does that mean?,48,pending_transfer
i hope you can help me. my account has been compromised from a different town that i haven't been to. can you please place a hold on my account until i can make it to the bank?,20,cash_withdrawal_not_recognised
can i revive a physical card.,43,order_physical_card
where can virtual cards be ordered?,40,getting_virtual_card
i made a purchase and would like to get a refund for what i bought can you have the money put back in my account?,52,request_refund
"my app says i made a withdrawal, but i didn't.",20,cash_withdrawal_not_recognised
someone else used my card!,22,compromised_card
i tried to make a payment with my card and it was declined. why is it pending?,45,pending_card_payment
why is there an extra fee on a transfer?,64,transfer_fee_charged
do you supply both visa and mastercard?,73,visa_or_mastercard
"i tried using a foreign currency at an atm, but the atm provided me an incorrect rate. why is that?",76,wrong_exchange_rate_for_cash_withdrawal
if my transfer is from europe how long will it take?,67,transfer_timing
do you have the option for a disposable virtual card?,37,get_disposable_virtual_card
the card got declined twice when i tried to use it to buy something online yesterday.,27,declined_transfer
why didn't the atm give me all my money,75,wrong_amount_of_cash_received
what currencies do you accept to add money?,54,supported_cards_and_currencies
how do you top up with a cheque?,58,top_up_by_cash_or_cheque
i've made more than one attempt to make a purchase and the card keeps getting declined. why do you keep denying my transfers?,27,declined_transfer
can i choose between visa and mastercard?,73,visa_or_mastercard
help! i need to transfer something to china.,67,transfer_timing
my passcode won't work.,44,passcode_forgotten
what are all of the different steps for identity checks?,69,verify_my_identity
"if i want a friend to top off my account, can they?",62,topping_up_by_card
will my transfer immediately show up in my account?,67,transfer_timing
"i was using foreign currency at an atm, but the rate was typed in wrong.",76,wrong_exchange_rate_for_cash_withdrawal
my phone was stolen yesterday. what should i do?,42,lost_or_stolen_phone
the card payment exchange rate is wrong,17,card_payment_wrong_exchange_rate
is there a fee to make a transfer?,56,top_up_by_bank_transfer_charge
i didn't know i was going to get charged to use my card.,15,card_payment_fee_charged
is there a specific date i can have it delivered?,12,card_delivery_estimate
is it possible for me to track the card is was mailed to me?,11,card_arrival
how can i get my card back out?,18,card_swallowed
why was i charged extra for transferring money?,64,transfer_fee_charged
i did a transfer but its still pending,48,pending_transfer
i'm not familiar with a card payment.,16,card_payment_not_recognised
"for a week now, i have tried to use my card and it is still not working.",14,card_not_working
why is there a payment i didn't do in my app?,16,card_payment_not_recognised
why would the app deny my top-up?,59,top_up_failed
how long do money transfers take? my friend really needs the money i sent a couple of hours ago but it's not there yet.,66,transfer_not_received_by_recipient
i have transactions that i don't recognize - i think someone is using my card.,22,compromised_card
i need to freeze my card. there are charges on there that i did not authorize. they've been coming out for a couple of days. can i get this money back?,16,card_payment_not_recognised
i feel as though i have been over charged for the exchange rate on my payment on last saturday.,17,card_payment_wrong_exchange_rate
how can someone add money to my account?,62,topping_up_by_card
i need a new card because the atm took mine.,18,card_swallowed
can i top up my balance with a cheque?,58,top_up_by_cash_or_cheque
my transfer to another account was not allowed. why is that?,7,beneficiary_not_allowed
will my employer be able to pay me with this service,50,receiving_money
how old do my kids need to be to use your service?,1,age_limit
am i able to cancel a transfer i just made,8,cancel_transfer
"i need to exchange my gbp to aud, how would i do this?",33,exchange_via_app
i need to know what is going on. i'm attempting to purchase a flat and need the money to pay on my initial mortgage payment. i'm only getting an error. can you find out what's going on and help in making the transfer?,35,failed_transfer
is there a problem with my account? when i tried to withdraw cash at an atm i was denied.,26,declined_cash_withdrawal
there was a charge applied when i used my card.,15,card_payment_fee_charged
can i change my pin at a nearby atm when in spain? i think someone saw my pin and i need to change it but am on vacation.,21,change_pin
why was i unable to do a transfer?,27,declined_transfer
i can't add any more money.,59,top_up_failed
is it possible to have a discount for exchanging currency frequently?,31,exchange_charge
i am having a problem proving who i am,68,unable_to_verify_identity
how long until a cash withdrawal will show on my account,46,pending_cash_withdrawal
when will my transfer come through?,5,balance_not_updated_after_bank_transfer
"hello, i was just went through my recent transaction on my bank account and i just noticed that i was charged twice at a place that ate at this past week. can i get that second transaction removed from my account?",63,transaction_charged_twice
how many times can i use a disposable card?,29,disposable_card_limits
why am i being charged a hidden fee?,15,card_payment_fee_charged
why couldn't i transfer to a beneficiairy?,7,beneficiary_not_allowed
hello. i'm trying to transfer some money to a friend but it keeps getting rejected. can you help me?,35,failed_transfer
i anticipate getting a visa card,73,visa_or_mastercard
what if my top up doesn't go through?,47,pending_top_up
"i just got my new card, how do i activate it?",0,activate_my_card
where can i order a virtual card?,40,getting_virtual_card
i have been double charged,63,transaction_charged_twice
why do i have duplicate transactions for one purchase?,63,transaction_charged_twice
what do i do if i lost my phone?,42,lost_or_stolen_phone
my disposable virtual card was rejected.,72,virtual_card_not_working
why doesn't it show that i did a balance transfer?,5,balance_not_updated_after_bank_transfer
what is the extra fee i was charged when using an atm?,19,cash_withdrawal_charge
what's the phone number to freeze a card?,41,lost_or_stolen_card
i am trying to exchange crypto and it's not working. tell me how to fix this.,7,beneficiary_not_allowed
my automatic top-up was unsuccessful,61,top_up_reverted
i have an emergency and lost my phone. i need help accessing my account.,42,lost_or_stolen_phone
where do i verify a top-up card?,71,verify_top_up
"i seem to have been charged to much for my holiday purchases, the exchange rate is wrong.",17,card_payment_wrong_exchange_rate
i want to transfer money. how do i do that for my account?,65,transfer_into_account
can you provide a reason as to why my transfer did not work?,35,failed_transfer
what are the top-up fees for my card?,57,top_up_by_card_charge
i want to exchange usd and gbp with the app,33,exchange_via_app
"i no longer want to transfer funds, can we cancel that transaction?",8,cancel_transfer
"it says that my payment is pending, what does that mean?",45,pending_card_payment
please tell me how to get a physical card.,43,order_physical_card
the amount of money i pushed at the atm machine did not come out of the machine.,75,wrong_amount_of_cash_received
i think my passcode was changed,44,passcode_forgotten
why did my transfer fail? what can i do?,35,failed_transfer
how young can i be to open my own account?,1,age_limit
can i go ahead and use my account even though my identify hasn't been verified yet?,74,why_verify_identity
can i track history on funds?,70,verify_source_of_funds
how do i know what exchange rate i will get?,32,exchange_rate
there are some strange charges on my card that i didn't make from a few days ago. is my card stolen and if so should i cancel it? will i get refunded the charges?,16,card_payment_not_recognised
the app is showing a cash withdrawal that i didn't make.,20,cash_withdrawal_not_recognised
can i use this card at any store?,10,card_acceptance
i see a direct debit payment on my statement that wasn't me,28,direct_debit_payment_not_recognised
why would a merchant revert my payment?,53,reverted_card_payment?
the refund has not appeared in my account,51,Refund_not_showing_up
i got mugged yesterday and lost access to the app. i need to regain it.,42,lost_or_stolen_phone
somebody used my card without my knowledge!,22,compromised_card
show me where to order my card.,43,order_physical_card
i'd prefer to use my american express when putting funds into my account.,54,supported_cards_and_currencies
do all atms take this card?,3,atm_support
your exchange rate is totally wrong for my card payment,17,card_payment_wrong_exchange_rate
when should i expect to receive my card?,12,card_delivery_estimate
my beneficiary is unable to transact,7,beneficiary_not_allowed
can you explain why i am now getting charged a fee for using my card?,15,card_payment_fee_charged
why did i get charged more than once?,63,transaction_charged_twice
is there restrictions on where i can use my card?,10,card_acceptance
can my account me accessed by a thief? i was mugged.,42,lost_or_stolen_phone
did a card payment that i made get cancelled?,53,reverted_card_payment?
"there is an error, the app says i made an atm withdrawal and i didn't.",20,cash_withdrawal_not_recognised
my transfer has not arrived.,66,transfer_not_received_by_recipient
i have yet to receive my virtual card,40,getting_virtual_card
can you tell me where to find top up by cash deposit?,58,top_up_by_cash_or_cheque
how can i fix this? the atm gave me more cash than i'd asked for.,75,wrong_amount_of_cash_received
what's the fee for exchange of foreign currencies?,31,exchange_charge
what do i do if it says my card payment has been cancelled?,53,reverted_card_payment?
"hello. please, would you tell me if you have or have not received funds for a refund that i recently requested for a big purchase? i've contacted the merchant, but i can't tell that they have taken any action on it.",51,Refund_not_showing_up
where can i find my fund information?,70,verify_source_of_funds
can you help with a transfer to an account,7,beneficiary_not_allowed
"hae there, i have a transaction that is in progress despite the fact that the atm was not working, what do i do to avoid being charged?",46,pending_cash_withdrawal
how can i cancel a transaction to a wrong account?,8,cancel_transfer
how soon will i get my card?,12,card_delivery_estimate
how long will my transaction take?,66,transfer_not_received_by_recipient
can i top up using my apple watch?,2,apple_pay_or_google_pay
"while getting cash, i was charged a fee.",19,cash_withdrawal_charge
"i got a transfer fail message, but no explanation of why-- what happened?",35,failed_transfer
is there a minimum age for having an account?,1,age_limit
still need to get card pin,38,get_physical_card
where are your cards delivered to?,43,order_physical_card
there's a payment in the app that i didn't authorize.,16,card_payment_not_recognised
i need a new card since my old one is about to expire.,9,card_about_to_expire
how many transactions can go on a disposable card?,29,disposable_card_limits
"i want to get a new card before my current one expires, how much will it cost me and how long will it take to get here.",9,card_about_to_expire
how to cancel a transaction,8,cancel_transfer
do all businesses take this card?,10,card_acceptance
when can i expect to receive my card?,12,card_delivery_estimate
is there a limit on how much i can top up?,60,top_up_limits
how do i deactivate my account?,55,terminate_account
can i get a spare card for someone else to use?,39,getting_spare_card
i am asking to end my account.,55,terminate_account
how would i use a disposable card?,37,get_disposable_virtual_card
why hasn't my top up gone through yet,47,pending_top_up
can i use my account although the identity verification has not been accepted yet?,74,why_verify_identity
i could not transfer funds to a beneficiary; is there a problem with your software?,7,beneficiary_not_allowed
what's taking my top-up so long?,47,pending_top_up
i want a reason as to why my beneficiary is not allowed?,7,beneficiary_not_allowed
i am having problems transferring to a beneficiary.,7,beneficiary_not_allowed
they is a payment i don't recognize on my statement.,16,card_payment_not_recognised
where can i use a disposable card?,29,disposable_card_limits
why isn't the recipient seeing the transaction? i just sent the money.,66,transfer_not_received_by_recipient
how long do you have to wait to see your virtual card your ordered?,40,getting_virtual_card
i just purchased a disposable virtual card. am i able to use it for online purchases immediately?,37,get_disposable_virtual_card
how long to uk transfers usually take? i made a transfer but it didn't pop up in my history yet. i just want to make sure it went through.,5,balance_not_updated_after_bank_transfer
what are my payment options?,54,supported_cards_and_currencies
"hi, i am interested buying crypto currency but unable to purchase it through the application. i do want to do the exchange, could you please let me know what is the problem?",7,beneficiary_not_allowed
can i get a new card even though i am in china?,9,card_about_to_expire
i want to know about your refund policy.,52,request_refund
there is a card payment that i'm not recognizing.,16,card_payment_not_recognised
please help me unblock my pin which i put the wrong one too many times.,49,pin_blocked
my statement indicates i made a payment to an unfamiliar merchant.,16,card_payment_not_recognised
what do i do if i see a cash withdrawal on my account that i don't remember making?,20,cash_withdrawal_not_recognised
what does it mean by pending payment?,45,pending_card_payment
how do i switch to a different currency?,33,exchange_via_app
how can i track my card's delivery?,11,card_arrival
my refund is missing,51,Refund_not_showing_up
i didn't get my card back from the atm.,18,card_swallowed
please sort your top up! my top up has been pending for an hour already. can you please make it go through as soon as possible. i really need the money.,47,pending_top_up
what are some reasons that would cause atm machines to decline my card? it has happened to me multiple times!,26,declined_cash_withdrawal
can i choose between mastercard and visa?,73,visa_or_mastercard
when do i see my recent refund in my statement,51,Refund_not_showing_up
"i used my card to top up, but the money is not there!",62,topping_up_by_card
what do you do to transfer money to my account?,65,transfer_into_account
a duplicated payment was made for something.,63,transaction_charged_twice
can i reset the passcode?,44,passcode_forgotten
how can a payment be declined,25,declined_card_payment
what's the limit for disposable virtual cards?,29,disposable_card_limits
what countries do your services support?,24,country_support
"something is wrong with the top up! i'm a regular customer and use your service all the time, usually this works but now it just shows up as pending",47,pending_top_up
is there any age limit?,1,age_limit
what is the system for determining the exchange rate?,32,exchange_rate
i want to replace my current pin.,21,change_pin
i want to track the card you sent,11,card_arrival
is there a limit to how high i can top-up?,60,top_up_limits
it is impossible to verify my identity,68,unable_to_verify_identity
i have a direct debit on my records that is strange and i need help.,28,direct_debit_payment_not_recognised
"help me! when i was abroad, the exchange rate was wrong.",76,wrong_exchange_rate_for_cash_withdrawal
i left my phone at the hotel i was staying at so i can't use the app!,42,lost_or_stolen_phone
which countries can i change my pin in?,21,change_pin
my virtual card has not came yet!,40,getting_virtual_card
why was one of my transfers declined?,27,declined_transfer
how do i exchange aud for gbp?,33,exchange_via_app
"i've use my accounts all the time to manage my payments for my place abroad that i just got. i now see that i suddenly have new fees.i'm a frequent customer, so why are you charging me new fees instead of rewarding me?",64,transfer_fee_charged
i need to stop a transaction that i made.,8,cancel_transfer
are you located in other countries?,24,country_support
i received a returned payment that i made.,53,reverted_card_payment?
i have paid by my card but payment is still its coming as pending. i think there is some issue please check and let me know when the status will complete.,45,pending_card_payment
i thought transfers were free of charge. i bought something abroad and got charged a ridiculous fee. how do i get this problem fixed.,64,transfer_fee_charged
do i need to use a limit on top-ups?,60,top_up_limits
which cards are accepted for topping up?,54,supported_cards_and_currencies
my salary is in gbp; how can i note this in the app?,50,receiving_money
i was expecting my new card by now.,11,card_arrival
why did my transfer get declined?,27,declined_transfer
what do i need to see my source of money?,70,verify_source_of_funds
i took out money and there is a fee. why?,19,cash_withdrawal_charge
is there an option to have a virtual card?,40,getting_virtual_card
"for some reason, the virtual card won't work for me.",72,virtual_card_not_working
how do i get a refund for something i bought?,52,request_refund
are you sure this is the interbank exchange rate? this rate is really bad.,17,card_payment_wrong_exchange_rate
"i have obtained the salary in gbp, will it need to be configured?",50,receiving_money
it's been some time ago that i placed an order and it just isn't coming. at this point just give me back my money because i'm not paying them.,52,request_refund
why is my top-up still pending?,47,pending_top_up
do you deal with eur?,36,fiat_currency_support
i was charged twice.,63,transaction_charged_twice
why cant you just refund me instead of a merchant,51,Refund_not_showing_up
what do you need to verify my identity?,69,verify_my_identity
what do i need to do to activate my card?,0,activate_my_card
my card declined,25,declined_card_payment
i just got my card. it's not linked yet--how do i do that?,13,card_linking
i withdrew cash but it still shows as pending?,46,pending_cash_withdrawal
are both visa and mastercard offered?,73,visa_or_mastercard
how can get a visa card?,73,visa_or_mastercard
what can i use to verify my identity?,69,verify_my_identity
"could you help me reactivate my card? it was previously lost, but i found it this morning in my jacket.",13,card_linking
what caused my cash withdrawal to be declined?,26,declined_cash_withdrawal
"i made a mistake and did a transaction to a wrong account, can i cancel?",8,cancel_transfer
how do i return something for a full refund?,52,request_refund
would reinstalling the app solve the problem?,23,contactless_not_working
why hasn't my return cleared my account?,51,Refund_not_showing_up
what steps can i take if someone else is using my card?,22,compromised_card
i still haven't seen a refund on my account,51,Refund_not_showing_up
my payment for my card is not working,25,declined_card_payment
"my pin is unlocked, what do i do?",49,pin_blocked
can you tell me why you won't let me get my own money out of the money machine? i know i used the right pin.,26,declined_cash_withdrawal
"i see random purchases to my account, was it hacked?",22,compromised_card
do i have to go somewhere to activate my card?,0,activate_my_card
there were a couple of payments that i have noticed on my account with my card that i didn't make. is it possible that somebody else has my card information?,16,card_payment_not_recognised
why is there an extra charge for money that was withdrawn?,19,cash_withdrawal_charge
the payment for the card did not go through,25,declined_card_payment
"if i exchange foreign currency, are there any other charges?",31,exchange_charge
there is a odd withdrawal on my account.,20,cash_withdrawal_not_recognised
i am seeing in the app a diret debit that its not mine,28,direct_debit_payment_not_recognised
why would a transfer to an account not be allowed?,7,beneficiary_not_allowed
what is the closest atm?,3,atm_support
why has my beneficiary been denied?,7,beneficiary_not_allowed
i would like to receive a refund for something i bought.,52,request_refund
which countries do you support?,24,country_support
what countries do your accounts send and receive to?,24,country_support
"i bought something while traveling, and the exchange rate was wrong.",17,card_payment_wrong_exchange_rate
please give me a mastercard instead.,73,visa_or_mastercard
it looks like my top-up was cancelled,61,top_up_reverted
i can't verify my id. why?,68,unable_to_verify_identity
how come you need to know my identity?,74,why_verify_identity
how old do you have to be to get an account?,1,age_limit
what is the next step if my card is about to expire.,9,card_about_to_expire
"i tried to add a topup to my account but the money isn't there, anymore. did i do something wrong?",61,top_up_reverted
can i make a withdraw in my home currency at an atm? i'm on vacation and don't have cash with me. this is cause for a bit of concern. is it possible to withdraw here without additional fees?,76,wrong_exchange_rate_for_cash_withdrawal
please help! the app won't let me cancel a money transfer. i accidently sent money to an account that wasn't mine. i need this cancelled immediately.,8,cancel_transfer
how many transactions can be made with a disposable card?,29,disposable_card_limits
i need help proving that this is really me and to verify my identity.,68,unable_to_verify_identity
what kind of money can i hold?,36,fiat_currency_support
i purchased something about one to two weeks ago but for some reason the payment was returned to my account today even though i've already received one of the items. can you tell me what's going on?,53,reverted_card_payment?
i want to know the source of my funds.,70,verify_source_of_funds
i think the rate that was applied to my purchase using foreign currency is wrong. help!,17,card_payment_wrong_exchange_rate
"i think my identity has been stolen, can you check on unauthorized charges?",22,compromised_card
may i receive a different card pin,21,change_pin
"i'm still waiting for delivery of my new card, why is it taking so long?",11,card_arrival
how can i configure what currency my salary is in if it's in gbp?,50,receiving_money
can i pay with my card anywhere?,10,card_acceptance
how can i check if my card is working?,14,card_not_working
"if i wanted to change my pin, how would i do that?",21,change_pin
my cheque is taking a while,6,balance_not_updated_after_cheque_or_cash_deposit
there are funds showing in my app that i did not receive.,20,cash_withdrawal_not_recognised
is there a fee for a sepa transfer,56,top_up_by_bank_transfer_charge
i did a transfer and was charged a fee that i shouldn't have been!,64,transfer_fee_charged
can i choose a specific delivery date?,12,card_delivery_estimate
can you tell me how i go about activating a new card?,0,activate_my_card
what us the fee to transfer money from my bank?,56,top_up_by_bank_transfer_charge
i a having trouble proving my identity,68,unable_to_verify_identity
how do i change my aud into gbp?,33,exchange_via_app
"hello, there was an error while attempting top-up with my card this morning. i was able to use the card two days ago with no issues. could you please assist?",59,top_up_failed
how do i get my card pin?,38,get_physical_card
i am not seeing a refund in my statement.,51,Refund_not_showing_up
is it possible for me to get a virtual card?,40,getting_virtual_card
i was charged and shouldn't have been charged when using my card!,15,card_payment_fee_charged
what needs to be provided for identity verification?,69,verify_my_identity
please list what fiat currencies are supported for both holding and exchanging.,36,fiat_currency_support
why hasn't my transaction arrived?,66,transfer_not_received_by_recipient
hello! i recently made a purchase and i'm needing to cancel my order and process a refund as soon as possible.,52,request_refund
is it possible to get a disposable virtual card as well?,37,get_disposable_virtual_card
why has my money disappeared? i topped up earlier and seen it was there and had went through. what seems to be the problem?,61,top_up_reverted
how come i did not get a virtual card yet?,40,getting_virtual_card
"it looks like someone besides me ordered something with my card, what should i do?",22,compromised_card
the exchange rate is bad. are you sure this is the exchange rate?,17,card_payment_wrong_exchange_rate
i got a message that i need to verify my identity; what do i do?,69,verify_my_identity
can i see where my money is being transferred from?,70,verify_source_of_funds
"hi, i was just checking over my card transactions and notice i was charged twice for a restaurant visit this week. can you please remove one of these false charges from my account?",63,transaction_charged_twice
there is a payment i don't recognise!,28,direct_debit_payment_not_recognised
how do you verify an identity?,69,verify_my_identity
how do i receive a disposable virtual card?,37,get_disposable_virtual_card
a wrong exchange rate was applied to a transaction made abroad.,76,wrong_exchange_rate_for_cash_withdrawal
"a transaction i did to my friend hasn't arrived yet, why?",66,transfer_not_received_by_recipient
is getting my identity verified required before i can use my account?,74,why_verify_identity
where is the transfer that i did?,5,balance_not_updated_after_bank_transfer
when will my transfer arrive,66,transfer_not_received_by_recipient
how do i link a new card to an existing one?,13,card_linking
what do i do if i notice a strange withdrawl in my statement?,20,cash_withdrawal_not_recognised
can i purchase extra non-virtual cards?,39,getting_spare_card
tell me about the card pin?,38,get_physical_card
"i only have one more us credit card, is it accepted?",54,supported_cards_and_currencies
what is the extra €1 fee in my statement,34,extra_charge_on_statement
i want to see what this fee is on my card payment.,15,card_payment_fee_charged
i have a withdrawal waiting to go through.,46,pending_cash_withdrawal
is usd free to top up with a us card?,57,top_up_by_card_charge
what happens when a beneficiary can't receive my transfer?,7,beneficiary_not_allowed
can i have a auto top-up when my account is short?,4,automatic_top_up
which currencies do you work with?,54,supported_cards_and_currencies
"i am adding money, what currencies do you accept to do this?",54,supported_cards_and_currencies
why did i get less cash than what i asked in the atm?,75,wrong_amount_of_cash_received
i want to know where my money comes from.,70,verify_source_of_funds
what do i do now my credit card has been swallowed by the atm?,18,card_swallowed
i need help finding the auto top up option.,4,automatic_top_up
i am waiting for a pending money transfer to process.,48,pending_transfer
the app is showing a direct debit transaction that i did not perform,28,direct_debit_payment_not_recognised
can i get a virtual card online,37,get_disposable_virtual_card
when will the money be made available in my account?,67,transfer_timing
i got a strange fee when i used the atm.,19,cash_withdrawal_charge
is it normal to get charged extra when i use my card?,15,card_payment_fee_charged
i am having to wait for my transfer to be fully processed. it seems to be taking a very long time in the pending phase. what is the normal turn around time that i can expect to see it completed?,48,pending_transfer
how long does a transfer from the us take?,67,transfer_timing
someone stopped my payment,53,reverted_card_payment?
will you deal with swift transfers?,56,top_up_by_bank_transfer_charge
"i think someone saw my pin and i am on vacation in spain, can i change it locally at an atm?",21,change_pin
how do i go forth verifying my top-up card?,71,verify_top_up
i made a card payment but it didn't work. why not?,25,declined_card_payment
i need to cancel a transaction.,8,cancel_transfer
"i did transfer, why is it pending",48,pending_transfer
how can i tell if my top-up has been cancelled?,61,top_up_reverted
how do i enable contactless pay?,23,contactless_not_working
can you refund my purchase?,52,request_refund
why have i got a pending transfer? i'm confused!!,48,pending_transfer
you advertise no fee when paying with a card then my statement shows a fee.,15,card_payment_fee_charged
is it okay to use a bank card to top up,57,top_up_by_card_charge
are you able to guide me to my card's location?,41,lost_or_stolen_card
please explain why my top-up hasn't been processed yet?,47,pending_top_up
i took out money from the atm and it's still showing as pending?,46,pending_cash_withdrawal
how do i add an existing card to the app?,13,card_linking
why is the identity check involved?,74,why_verify_identity
how can correct top up with the app to work correctly?,59,top_up_failed
i need help reapplying my top-up. it seems it isn't working.,59,top_up_failed
"i would like an account for my children, how do i go about doing this?",1,age_limit
can it add money automatically while travelling,4,automatic_top_up
"i need to order a new card, can you please direct me to the virtual cards?",40,getting_virtual_card
why is my card not working anymore?,14,card_not_working
do i get charged if i top up with my european bank card?,57,top_up_by_card_charge
"i've made a transfer, how long until the money reaches my account?",67,transfer_timing
the transfer i tried to make failed.,35,failed_transfer
stop the transaction,8,cancel_transfer
the withdrawal was declined i am unsure as to why this happened?,26,declined_cash_withdrawal
"i am attempting to make a purchase online, but my card is not working. i know there are funds available, is this an issue on the banks end?",53,reverted_card_payment?
i can't find the virtual card,40,getting_virtual_card
please tell me what this direct debit in my statement is,28,direct_debit_payment_not_recognised
it says pending status for my payment. why?,45,pending_card_payment
"my pin needs unblocking, unblock it please?",49,pin_blocked
they declined my card payment.,25,declined_card_payment
how will i know when i can use the auto top-up feature?,4,automatic_top_up
there's a card payment with a name i don't recognize,16,card_payment_not_recognised
i'm not sure how to complete the identity checks process.,69,verify_my_identity
what is the youngest someone can be to open an account?,1,age_limit
can i change my pin on holiday?,21,change_pin
is it possible to open an account for my children?,1,age_limit
i'm supposed to have a refund but it isn't there,51,Refund_not_showing_up
am i able to order a disposable virtual card?,37,get_disposable_virtual_card
think someone has took money out with my card. what shall i do?,20,cash_withdrawal_not_recognised
why was my virtual card rejected?,72,virtual_card_not_working
i'd like to order another card,39,getting_spare_card
why was i charged a fee when i paid with card?,15,card_payment_fee_charged
i have a new card. how do i activate it?,0,activate_my_card
what are the restrictions to top-offs?,60,top_up_limits
where do i order a card?,43,order_physical_card
it appears my top-ups have been canceled.,61,top_up_reverted
which part of the app do i order virtual cards from?,40,getting_virtual_card
do you know when the withdrawal will show?,46,pending_cash_withdrawal
i sent my friend some money a few hours ago but she has not received it yet. she really needs it. how long does this take?,66,transfer_not_received_by_recipient
how can i find out where the funds are flow?,70,verify_source_of_funds
i am still waiting on my bank transfer,5,balance_not_updated_after_bank_transfer
my card hasn't been working for even small transactions today.,14,card_not_working
how do you top up on the apple watch?,2,apple_pay_or_google_pay
are swift transfers an option?,56,top_up_by_bank_transfer_charge
what places will accept my card for payment?,10,card_acceptance
i can use this card at which atms?,3,atm_support
how can i activate my card so i can start using it?,0,activate_my_card
how do i use cash to top up my account?,58,top_up_by_cash_or_cheque
i am still waiting for a transfer to show up,48,pending_transfer
can you please advise if there is something wrong with my card? i have had multiple rejections and do not know the reason. thanks!,25,declined_card_payment
"i tried to use my debit card, but the payment did not work.",53,reverted_card_payment?
someone stole my card!,41,lost_or_stolen_card
i moved and need to change my address.,30,edit_personal_details
how do i know if my top up worked?,59,top_up_failed
is there something blocking me from making transfers,7,beneficiary_not_allowed
how can i get a physical card,43,order_physical_card
what do i need to show who i am?,69,verify_my_identity
how many years old do i have to be?,1,age_limit
why is there an extra charge of 1 dollar on my statement?,34,extra_charge_on_statement
a cash withdrawal that i didn't authorize is shown on my account - can you please cancel my card as soon as possible?,20,cash_withdrawal_not_recognised
does the package with my card have tracking?,11,card_arrival
i didn't get a pin yet. what gives?,38,get_physical_card
do you limit my top-ups?,60,top_up_limits
i just checked my account on the app and there is a payment on there that i did not make.,16,card_payment_not_recognised
i want to add funds to my account. what payment methods are accepted?,54,supported_cards_and_currencies
"hi, i lost my phone yesterday, what can i do to stop someone using my account on it?",42,lost_or_stolen_phone
when i was drunk i got my card stuck in your machine because i mis-typed my pin. what do i need to do to get it restored?,49,pin_blocked
i don't live in the uk. can i still get a card?,24,country_support
"hi, last week i have contacted the seller for a refund as directed by you, but i have not received the money yet. please look into this issue with seller and help me in getting the refund.",51,Refund_not_showing_up
i need to reverse a transaction,8,cancel_transfer
"can i still use my account, even though the identity verification has not passed yet?",74,why_verify_identity
tell me how to setup a new pin.,21,change_pin
"i did a cash deposit to my account, but i am not seeing it on my statement.",6,balance_not_updated_after_cheque_or_cash_deposit
why can't the person i sent the money transfer to see it?,66,transfer_not_received_by_recipient
can i dispute a debit payment that i am seeing that i didn't make from a couple of months ago?,28,direct_debit_payment_not_recognised
i did not receive the correct amount of cash.,75,wrong_amount_of_cash_received
"i removed cash from an atm earlier but it shows up as pending in the app. how can this still be pending, i already received the cash?",46,pending_cash_withdrawal
how can i find out where my contactless works?,23,contactless_not_working
where'd the rest of my cash go from the atm,75,wrong_amount_of_cash_received
"i don't want this account anymore, how do i delete it?",55,terminate_account
can you check the exchange rate on a cash transaction i did overseas,76,wrong_exchange_rate_for_cash_withdrawal
"for my account, how do i transfer money in?",65,transfer_into_account
why was my top-up unsuccessful?,59,top_up_failed
i tried to buy something online yesterday but it kept saying declined. tried again today but same thing happened. what's broken?,27,declined_transfer
i can't remember what my password is,44,passcode_forgotten
why do you need my name and id,74,why_verify_identity
what are the time frames for the money to be available in my account?,67,transfer_timing
"i think my pin has been compromised, what do i do?",21,change_pin
where can i edit personal details?,30,edit_personal_details
"when i got cash, my exchange rate was off.",76,wrong_exchange_rate_for_cash_withdrawal
help! when will the card arrive at my home?,12,card_delivery_estimate
how does tranferring money into my account work?,65,transfer_into_account
how are the exchange rates determined?,32,exchange_rate
where do my available funds come from?,70,verify_source_of_funds
what will i need to configure if my salary is in gbp?,50,receiving_money
this place has been too much work so i'd just like to close out my account & be done.,55,terminate_account
"my top-up hasn't gone through, what happened?",59,top_up_failed
how can i transfer money to my account?,65,transfer_into_account
is the eur accepted for exchanges?,36,fiat_currency_support
what are the top-up fees?,57,top_up_by_card_charge
what do i need to do if the atm kept my card?,18,card_swallowed
i don't know where the top-up verification code is.,71,verify_top_up
is there a problem that makes my payments show pending?,45,pending_card_payment
balance is not up to date.,5,balance_not_updated_after_bank_transfer
can you unblock my pin because i put the wrong one too many times.,49,pin_blocked
tell me how to top up my account using bank transfer.,65,transfer_into_account
i have trouble proving my identity.,68,unable_to_verify_identity
"the transfer keeps rejected, i tried to transfer some money to friends but it keeps getting rejected for some reason, would you please check the issue?",35,failed_transfer
"why are you charging for cash withdrawals? i went to withdraw some money earlier today after getting my groceries, and it appears there is a fee that wasn't there before",19,cash_withdrawal_charge
"my card has been declined by two separate atm, and i'm worried something is wrong with my account. would you please see if my account is okay?",26,declined_cash_withdrawal
does your app allow currency exchange from usd to gbp?,33,exchange_via_app
i've forgotten my app passcode completely.,44,passcode_forgotten
do you have info about the card on delivery?,11,card_arrival
i'm not happy with service and would like to delete this account.,55,terminate_account
i topped up but my money is not showing. why is that?,61,top_up_reverted
there was a direct debit i don't recognize.,28,direct_debit_payment_not_recognised
"i heard that you support more than one type of fiat currency, would you tell me which ones please?",36,fiat_currency_support
i have an unauthorized direct debit on my account,28,direct_debit_payment_not_recognised
where is my transfer from [country]?,5,balance_not_updated_after_bank_transfer
i need help finding the verification code on the top up card.,71,verify_top_up
help! in the app there is a payment that i don't remember.,16,card_payment_not_recognised
why isn't my id verified?,68,unable_to_verify_identity
do you charge for making a withdrawal? i took some money out of my account earlier and i was charged for this.,19,cash_withdrawal_charge
can i get a visa or mastercard?,73,visa_or_mastercard
i was charged twice for an in-store purchase that i thought was declined. my app says that it's still pending for one of the payments. please make sure one of the charges is removed.,63,transaction_charged_twice
how much does it cost to top up by transfer?,56,top_up_by_bank_transfer_charge
i need to add my new address now that i've moved.,30,edit_personal_details
it didn't give me my cash,75,wrong_amount_of_cash_received
why is a payment showing up on my card as pending?,45,pending_card_payment
why hasn't my top-up gone through?,47,pending_top_up
i left my phone somewhere and can't use the app.,42,lost_or_stolen_phone
how can i unblock my pin?,49,pin_blocked
will you send me a new card in china?,9,card_about_to_expire
where can i pay with my debit or credit card?,10,card_acceptance
can i use my account before the identity verification is complete?,74,why_verify_identity
can you tell me about these disposable virtual cards?,37,get_disposable_virtual_card
what documentation do i need for the identity check?,69,verify_my_identity
there's a direct debit on my account that i didn't authorize,28,direct_debit_payment_not_recognised
what are the steps i need to take to verify my identity?,69,verify_my_identity
i don't recognize some transactions. is someone else using it?,22,compromised_card
am i able to get a refund for something i bought?,52,request_refund
i will be traveling. can i add money automatically?,4,automatic_top_up
why is my card being declined at the atm? i have tried multiple atms and i keep running into the same problem. could you verify that everything is okay with my account?,26,declined_cash_withdrawal
can you delete the account?,55,terminate_account
please tell me about swift transfers at this bank.,56,top_up_by_bank_transfer_charge
i do i top up from my apple watch?,2,apple_pay_or_google_pay
what is an exchange rate?,32,exchange_rate
i want to get a card but i live in the us,24,country_support
how can i check if i have received a refund if it is not yet on my statement?,51,Refund_not_showing_up
am i free to top-up as much as i want?,60,top_up_limits
what do i do if i cannot access the app?,42,lost_or_stolen_phone
does it cost to exchange currencies with this card?,31,exchange_charge
there is a payment on my card that i do not recognize. i've never seen the name on the transaction before.,16,card_payment_not_recognised
why wouldn't the atm give me cash?,26,declined_cash_withdrawal
where can i locate my pin at?,38,get_physical_card
when will i see my new balance after making my bank transfer?,5,balance_not_updated_after_bank_transfer
my balance doesn't include my latest transfer,5,balance_not_updated_after_bank_transfer
do you have an auto-top function and how do i use it if so?,4,automatic_top_up
in which stores can i shop with this card?,10,card_acceptance
would it be possible to get another card?,39,getting_spare_card
"this is urgent, i typed the wrong payment information for a payment i needed to make and have clicked send, i need to reverse the transaction immediately.",8,cancel_transfer
how long to take the time to solve,14,card_not_working
"hey i double checked that i have the correct account details already, they're right for sure. transfer is still pending since forever. it's not that difficult to transfer money to another country in 2018 is it?",48,pending_transfer
how do i receive a refund for my item?,52,request_refund
the app won't let me log in as myself.,68,unable_to_verify_identity
there are a couple of payments with my card shown in the app that in reality i didn't make. maybe someone has access to my card?can you check whats the issue ?,16,card_payment_not_recognised
i can't get my virtual card to work at all,72,virtual_card_not_working
how long do i have to wait for a transfer from the us?,67,transfer_timing
i tried to do a transfer and it hasn't worked!,35,failed_transfer
how can i transfer money to a beneficiary?,7,beneficiary_not_allowed
"i didn't get as much cash as i asked for from the atm, why?",75,wrong_amount_of_cash_received
why does my card continually get declined? i thought i had enough money in there but i've tried several times now and it still isn't working.,27,declined_transfer
my card payment was cancelled. why?,53,reverted_card_payment?
my top up isnt working,59,top_up_failed
why was i charged for payments? you didn't warn me about additional fees.,15,card_payment_fee_charged
atm would not give me cash,26,declined_cash_withdrawal
i'm not quite understanding why my cash withdrawal is showing as pending.,46,pending_cash_withdrawal
do you know why my contactless won't work?,23,contactless_not_working
i haven't been able to complete any transactions on my card today. do you know what's wrong?,14,card_not_working
will my new card work outside of the eu?,24,country_support
"i have checked my statements multiple times, but my refund that i requested a while back is not showing on my account. is there a reason for this? can i get some help getting my money back from this transaction?",51,Refund_not_showing_up
help! i made a transfer in error and need to cancel it before it's complete!,8,cancel_transfer
i need a new pin.,21,change_pin
what do you charge for physical cards?,43,order_physical_card
i want a refund,52,request_refund
"i've now been trying to do a really standard transfer 5 times already. what's going on, is your system broken or something?!",35,failed_transfer
where do i find the virtual card?,40,getting_virtual_card
why and i being charged this fee?,15,card_payment_fee_charged
i want to change my pin number from an atm. is this possible?,21,change_pin
"got married, need to change account name",30,edit_personal_details
"i have not received my card and it's been a week, what do i do?",11,card_arrival
is there a way to reset the passcode?,44,passcode_forgotten
how do i re-add a card to the app?,13,card_linking
how can i start using my card?,0,activate_my_card
help me. my card doesn't work.,14,card_not_working
i need to be made aware when i am being charged an extra amount for payments please. i looked over the app earlier and noticed an additional feel related to one of the payments. i was not warned about this before.,15,card_payment_fee_charged
"i'm waiting on a top-up, its still pending",47,pending_top_up
my cash deposit isn't in my account. what happened?,6,balance_not_updated_after_cheque_or_cash_deposit
do i pay a fee for sepa transfers?,56,top_up_by_bank_transfer_charge
"if i top up by card, what options do i have re: currency and card type?",54,supported_cards_and_currencies
i am so angry right now! i went to the atm and did not get the correct amount of money i chose to withdraw. how could this happen? i need my money and want to know how i can get it asap!,75,wrong_amount_of_cash_received
i would like to cancel a transfer,8,cancel_transfer
the top-up verification code is missing,71,verify_top_up
where can cards be delivered?,43,order_physical_card
"looks like my card payment was made two time by mistake. i went to pay at the store earlier which rejected once, second time it worked. app is on pending for one of the payments. can you please remove one of them as it's wrong and clearly was declined?",63,transaction_charged_twice
my rate is not right when i used my card in a different country's money.,76,wrong_exchange_rate_for_cash_withdrawal
my transfer got declined.,27,declined_transfer
why was there a fee for paying by card?,15,card_payment_fee_charged
i deposited a cheque but i don't see the funds in my account.,6,balance_not_updated_after_cheque_or_cash_deposit
how long does it take in europe to do a transfer?,67,transfer_timing
"if i ordered my new card last week, how much longer should i wait to receive it?",11,card_arrival
why isn't the transferred money there?,5,balance_not_updated_after_bank_transfer
i could not use my card in a store.,25,declined_card_payment
please delete account,55,terminate_account
how can i cancel my transfer?,8,cancel_transfer
how can i transfer money to this account from another bank?,65,transfer_into_account
can i use a different bank atm than my own?,3,atm_support
what should i do to top up using my apple watch?,2,apple_pay_or_google_pay
there is a payment done with my card which i definitely did not do.never seen that name before.,16,card_payment_not_recognised
approximately how long will an urgent transfer from china take?,67,transfer_timing
what cards do you support,54,supported_cards_and_currencies
"i made an international purchase, but the exchange rate was wrong",17,card_payment_wrong_exchange_rate
i need to reset my passcode. where do i go to do that?,44,passcode_forgotten
what is needed for the identity verification?,69,verify_my_identity
my new card has not been delivered to my home yet. what is going on?,11,card_arrival
"my transfer is quite urgent, and finally worked out, but i've been waiting for it for quite some time. can you tell me how long to expect to wait for it?",48,pending_transfer
"i have a disposable card, how many transactions can i make?",29,disposable_card_limits
do i really need to verify my identity?,74,why_verify_identity
my cheque deposit didn't seem to work.,6,balance_not_updated_after_cheque_or_cash_deposit
i question today's exchange rate for rubles into pounds. i was hoping for a better return.,17,card_payment_wrong_exchange_rate
why can't i make a transfer?,35,failed_transfer
i can't seem to use my card. can you help?,14,card_not_working
please tell me how i verify my identity.,69,verify_my_identity
why is the exchange rate for my payment incorrect?,17,card_payment_wrong_exchange_rate
can you tell me what the disposable cards are used for?,37,get_disposable_virtual_card
i have a fee listed for a transfer.,64,transfer_fee_charged
i an not sure but it looks as if a card payment i made was cancelled.,53,reverted_card_payment?
"the exchange rate given to me wasn't correct, after i purchased an item",17,card_payment_wrong_exchange_rate
there is a card payment i do not recognise.,16,card_payment_not_recognised
i think a fee was applied for paying with a card.,15,card_payment_fee_charged
how do i request a disposable virtual card?,37,get_disposable_virtual_card
i'd like to make some changes to my personal information.,30,edit_personal_details
i want to return an item for a refund can i do that?,52,request_refund
"my card payment has been declined, do you know why?",25,declined_card_payment
how do i make my virtual card work?,72,virtual_card_not_working
why is my refund missing from my statement?,51,Refund_not_showing_up
what is the reason for the identity check,74,why_verify_identity
what are the benefits to verifying the top-up?,71,verify_top_up
i must make several disposable cards per day.,29,disposable_card_limits
how many active transactions can i make with a disposable card?,29,disposable_card_limits
can i see my available money?,70,verify_source_of_funds
"hey, i think someone stole my card numbers. there is a purchase showing up on my app from a store pretty far away from me.. i really need that money back to pay my rent.",28,direct_debit_payment_not_recognised
at what cash machines can i change my pin?,21,change_pin
who can put money in my account?,70,verify_source_of_funds
"i thought i was going to get a virtual card but i haven't received it yet, how can we resolve this?",40,getting_virtual_card
who gets support?,24,country_support
"my card will expire soon, when do i need to order a new one?",9,card_about_to_expire
is there a fee for withdrawing cash?,19,cash_withdrawal_charge
where is the top-up verification code?,71,verify_top_up
"hi! a seller that i requested a refund from a long time ago has yet to send the money into my account, even though i keep checking it. can the seller be contacted by you guys to see what's going on?",51,Refund_not_showing_up
why is my identity verification process not working?,68,unable_to_verify_identity
what is the minimum age?,1,age_limit
why could i not choose cash at the atm?,26,declined_cash_withdrawal
when will the transaction be done?,66,transfer_not_received_by_recipient
there is a card payment i'm not familiar with.,16,card_payment_not_recognised
the app doesn't believe that i am myself,68,unable_to_verify_identity
i made a purchase a few weeks ago but wasn't happy with it so recently requested a refund from the supplier. can you check where the money is?,51,Refund_not_showing_up
i would like to top up my account automatically. how do i do that?,4,automatic_top_up
i have exceeded the number of pin attempts,49,pin_blocked
i tried to buy something online yesterday but it wouldn't stop saying declined. tried again today but same thing happened. what's broken?,27,declined_transfer
"i want to do a bank transfer to this bank, from an account at another bank.",65,transfer_into_account
"my cash withdrawal shows pending, why?",46,pending_cash_withdrawal
i've been trying to do a transfer multiple times and have failed? is the system down?,35,failed_transfer
"i have been waiting longer than expected for my bank card, could you provide information on when it will arrive?",11,card_arrival
should i keep waiting for my card to be delivered?,11,card_arrival
i just got my card and cannot get it to work.,0,activate_my_card
why was i charged an extra pound?,34,extra_charge_on_statement
what is maximum top up?,60,top_up_limits
what is the procedure for depositing a virtual card,37,get_disposable_virtual_card
"hello i made a bank account transfer from the uk. the transfer was a couple hours ago, nothing has shown up yet. can you check to see if everything okay. please.",5,balance_not_updated_after_bank_transfer
how do i get my cash withdrawal to show?,46,pending_cash_withdrawal
i am entering my passcode but getting an error.,44,passcode_forgotten
i have a strange direct debit in my statement,28,direct_debit_payment_not_recognised
you did not give me the correct exchange rate for an item that i bought.,17,card_payment_wrong_exchange_rate
how can i pay for top-ups?,54,supported_cards_and_currencies
i think my card is broke it's not working anymore,14,card_not_working
what will my exchange rate be?,32,exchange_rate
i bought something in a foreign currency but the rate applied is wrong!,17,card_payment_wrong_exchange_rate
why am i being charged a fee on a card payment?,15,card_payment_fee_charged
what id do i need to verify my identity?,69,verify_my_identity
i noticed the exchange rate for cash withdrawal isn't right.,76,wrong_exchange_rate_for_cash_withdrawal
my statement shows and extra 1$ that was charged to it and i would like to know why.,34,extra_charge_on_statement
why can't i add any beneficiary i choose?,7,beneficiary_not_allowed
can both a visa and mastercard be received from you?,73,visa_or_mastercard
unknowingly to me the payment sent to seller has been redeposied back in my account. i do not know why it would take out the payment and then put it back in my account. can you resolve this as soon as possible?,53,reverted_card_payment?
i withdrew cash and dont see it reflected on the balance,46,pending_cash_withdrawal
some cash is showing up in my app that i did not get.,20,cash_withdrawal_not_recognised
i was charged $1 in a transaction.,34,extra_charge_on_statement
what steps do i take to verify my identity?,69,verify_my_identity
what do i do if i think my card was improperly used?,22,compromised_card
please list the countries you support.,24,country_support
transferring money using credit card,62,topping_up_by_card
the rate of exchange for my cash withdrawal is wrong.,76,wrong_exchange_rate_for_cash_withdrawal
what are the restrictions on the virtual cards?,29,disposable_card_limits
what would ii do if i wanted to activate my new card,0,activate_my_card
why are there additional fees for transfers?,64,transfer_fee_charged
tell me what the steps for the identity checks are,69,verify_my_identity
from where are you getting your exchange rates?,32,exchange_rate
my account was charged twice for one purchase,63,transaction_charged_twice
how come my card doesn't work anymore?,14,card_not_working
i sent money to a person and they haven't received the payment yet.,66,transfer_not_received_by_recipient
may i choose when it's delivered?,12,card_delivery_estimate
i transferred some cash and it has not arrived yet.,66,transfer_not_received_by_recipient
my card payment has been declined,25,declined_card_payment
i received my new card. where is it in the app?,13,card_linking
is there a fee for topping off a us card?,57,top_up_by_card_charge
does the exchange rate change?,32,exchange_rate
how can i trade currencies with this app?,33,exchange_via_app
i am still waiting for verification. can i use my account before i am verified?,74,why_verify_identity
explain the card pin to me.,38,get_physical_card
what is the most amount of disposable cards allowable?,29,disposable_card_limits
there's a payment that isn't mine on my app,16,card_payment_not_recognised
"i'm stuck here at your broken atm and i don't know what to do next. asked for 30 pounds, got 10. atm said i got 30. something very wrong here and i want my money now!",75,wrong_amount_of_cash_received
please help! there was an extra fee when i got cash.,19,cash_withdrawal_charge
explain top-up cancellation,61,top_up_reverted
is my country supported,24,country_support
why couldn't i use my card at a store?,25,declined_card_payment
activate my card,0,activate_my_card
i would like to cancel my order.,52,request_refund
change currency,33,exchange_via_app
my purchase used the wrong exchange rate,17,card_payment_wrong_exchange_rate
i live in the eu. can i order one of your cards?,24,country_support
my account says i have money but i withdrew it in cash.,46,pending_cash_withdrawal
my source of funds need verified.,70,verify_source_of_funds
could you tell me what your exchange rates are?,32,exchange_rate
why do i have a charge for an atm withdrawal? i thought these were free?,19,cash_withdrawal_charge
i didnt do this charge,16,card_payment_not_recognised
why did i get a fee for getting cash?,19,cash_withdrawal_charge
"my card is showing a fee from when i used it, but i thought this card was supposed to be fee free?",15,card_payment_fee_charged
the atm keeps declining my transaction . i tried two different atms already would you please check if everything is okay with my account?,26,declined_cash_withdrawal
the receipient doesn't see my money transfer.,66,transfer_not_received_by_recipient
why should i verify the top-up?,71,verify_top_up
what fiat currencies do you allow exchange with?,36,fiat_currency_support
i would like a temporary virtual card,37,get_disposable_virtual_card
is there a limit to how many transactions i can make on one disposable card?,29,disposable_card_limits
what should i do once my card expires?,9,card_about_to_expire
"i can't freeze my account as i need the card as i am traveling, how do i change my pin?",21,change_pin
can i exchange currencies with this app?,33,exchange_via_app
how can i top up with my apple watch?,2,apple_pay_or_google_pay
how many disposable cards per day am i allowed to have?,29,disposable_card_limits
i just have one additional card from the usa. do you support that?,54,supported_cards_and_currencies
"transfers may show up as pending for up to one business day while they are processed, and then they'll depart for the beneficiary accounts. please confirm that you have correctly entered your account details. sepa transfers typically take up to two working days, while swift transfers can take up to five working days.",48,pending_transfer
my phone was stolen,42,lost_or_stolen_phone
i believe someone is using my card without my agreement!,22,compromised_card
how can i prove i am me?,69,verify_my_identity
i want to get my salary deposited as pesos?,50,receiving_money
what is the limit for top-ups?,60,top_up_limits
what are your currency exchange fees?,31,exchange_charge
i have not received an item i ordered yet so i want to cancel it and get a refund. can you please guide me on how to go about it?,52,request_refund
i want to order a card. where do you deliver to?,43,order_physical_card
how can i lookup where funds came from?,70,verify_source_of_funds
why was there an additional fee on the payment i just made? i don't usually have additional fees applied to my payments.,15,card_payment_fee_charged
i have a duplicate charge,63,transaction_charged_twice
does the app top up automatically?,4,automatic_top_up
how long will my transfer be pending?,48,pending_transfer
"hi, i sent a payment to the wrong account number - can you cancel it as soon as possible?",8,cancel_transfer
what should i do? i topped off but the app reversed it.,61,top_up_reverted
are there restrictions on disposable virtual cards?,29,disposable_card_limits
are there businesses that don't accept this card?,10,card_acceptance
my payment had a wrong exchange rate.,17,card_payment_wrong_exchange_rate
what are you going to use my identification details for?,74,why_verify_identity
can i top-up any amount?,60,top_up_limits
how do i add a card to the app?,13,card_linking
i topped up but the app did not accept it.,59,top_up_failed
i found my card. how can i put it into my app?,13,card_linking
"i thought cash withdrawals were free? why have i been charged a fee? also, how much is this fee?",19,cash_withdrawal_charge
causes of top-up cancellation,61,top_up_reverted
can you transfer money to your card by bank transfer?,65,transfer_into_account
my balance didn't change after i transferred some money.,5,balance_not_updated_after_bank_transfer
how do i know what my pin is?,38,get_physical_card
what is the process for using my credit card to transfer money?,62,topping_up_by_card
what if there is an error on the exchange rate?,17,card_payment_wrong_exchange_rate
what steps do i need to take to exchange currencies?,33,exchange_via_app
your atm pin can be changed at any visa or mastercard atm with pin services. certain countries don't support atm pin changes.,21,change_pin
"i've just made a money transfer to the wrong account, i need to stop the money from being moved as it may be going to someone i don't know. please can you help?",8,cancel_transfer
"one of my charges was declined, but the second one went through. but i notice on my app that one of them has gone through, and the other one is still pending. please ensure that only one charge is processed. thanks",63,transaction_charged_twice
do you have any fees if i want to add money using an international card.,57,top_up_by_card_charge
why cant i send money to a beneficiary?,7,beneficiary_not_allowed
which atms accept mastercard?,3,atm_support
there is a fraudulent payment!,16,card_payment_not_recognised
how can i receive my salary in another currency?,50,receiving_money
what could the reason be that my payment card was declined?,25,declined_card_payment
how to a go about ordering a disposable virtual card?,37,get_disposable_virtual_card
why is the top-up i made still pending.,47,pending_top_up
how do i avoid getting charged a fee on my card?,15,card_payment_fee_charged
am i able to modify my account details?,30,edit_personal_details
can i use my card anywere?,10,card_acceptance
i am seeing pending from the card payment i made.,45,pending_card_payment
"i'd like to get a visa card, please.",73,visa_or_mastercard
can i use my card while on vacation overseas?,10,card_acceptance
am i able to add money into my account using my american express?,54,supported_cards_and_currencies
"hi. i just withdrew cash from an atm and received the wrong amount. however, my app shows the correct amount i withdrew. how do i get the rest of the cash?",75,wrong_amount_of_cash_received
"there's a €1 fee on my statement, why?",34,extra_charge_on_statement
my card was frozen due to putting in the wrong pin too much. how many tries do i have,26,declined_cash_withdrawal
will the card be a mastercard or a visa?,73,visa_or_mastercard
"i purchased something while traveling, and the exchange rate applied was wrong.",17,card_payment_wrong_exchange_rate
do you have a top-up limit?,60,top_up_limits
i am worried about fees for top up cards?,57,top_up_by_card_charge
i see a cash withdrawal in the app that i did not do.,20,cash_withdrawal_not_recognised
my card arrived but i don't know how to get my pin.,38,get_physical_card
what do i do for the identity check?,69,verify_my_identity
how do i activate a card i received?,0,activate_my_card
can i use my account before my identity verification has passed?,74,why_verify_identity
is there a way to do top up with apple pay,2,apple_pay_or_google_pay
"someone stole my account, there's a withdrawal but it wasn't me, can we put a stop to it please?",20,cash_withdrawal_not_recognised
i made a check deposit but the cash hasn't arrived in my account yet.,6,balance_not_updated_after_cheque_or_cash_deposit
"i requested a refund from a seller a while ago, but when i check my statements it doesn't show up. can you help me get my refund.",51,Refund_not_showing_up
i did not get the item i ordered. how should i go about this? should i just cancel my order or my payment? please help me.,52,request_refund
"i received my card, how do i get it to show in the app?",13,card_linking
how can i go about getting a disposable virtual card?,37,get_disposable_virtual_card
how do i contact customer support about a transfer?,27,declined_transfer
why is my top-up showing as cancelled?,61,top_up_reverted
when will my top-up happen?,47,pending_top_up
i was recently charged for withdrawing money from my bank atm. how can that be possible when i haven't been charged for using it before?,19,cash_withdrawal_charge
"i'm not sure why my card payment was cancelled, can you find out why?",53,reverted_card_payment?
where can i see who sent me funds,70,verify_source_of_funds
why isn't my balance reflecting a transfer i did?,5,balance_not_updated_after_bank_transfer
i believe my card payment were reverted,53,reverted_card_payment?
why do you ask for top-up verification?,71,verify_top_up
i tried taking out 30 pounds from the atm just now and it only gave me 10. why would it do that? i need the 30 pounds now!,75,wrong_amount_of_cash_received
a few hours ago i made a bank transfer from my uk account but i don't see that it has arrived. can you check and see if all is ok please?,5,balance_not_updated_after_bank_transfer
which cash machines will allow me to change my pin?,21,change_pin
"i prefer using mastercard, can i substitute?",73,visa_or_mastercard
do you offer any discounts for someone who exchanges currencies frequently?,31,exchange_charge
physical cards are what i need more of,39,getting_spare_card
can i get a disposable virtual card?,37,get_disposable_virtual_card
i did not receive the right amount of cash i requested,75,wrong_amount_of_cash_received
i didn't see the money i added to my card.,59,top_up_failed
can someone please assist me with finding my nearest atm?,3,atm_support
where is my card accepted?,10,card_acceptance
i want to get few more physical cards,39,getting_spare_card
how to get a new card in china,9,card_about_to_expire
i'm still waiting on my new card to be delivered!,11,card_arrival
what are the steps in order to activate my new card?,0,activate_my_card
why do i have to verify my top-up card?,71,verify_top_up
how can i verify my top-up card?,71,verify_top_up
why did you charge me extra?,34,extra_charge_on_statement
i don't have the device i used to log onto the platform so i can't access it.,42,lost_or_stolen_phone
how does it work when i transfer money into my account?,65,transfer_into_account
why was a transfer to an account not allowed?,7,beneficiary_not_allowed
why am i being charged for withdrawing cash funds?,19,cash_withdrawal_charge
why is a payment i made reverted back to my account?,53,reverted_card_payment?
i've been charged an extra £1 and i don't know why,34,extra_charge_on_statement
why is it asking me to verify my identity,74,why_verify_identity
where can i activate my card?,0,activate_my_card
"i attempted to top up my car today, it failed! i just got it a couple of days before and it worked then. what is going on with it?",59,top_up_failed
does transferring money have a fee?,64,transfer_fee_charged
i think my card was stolen.,41,lost_or_stolen_card
why hasn't my transfer gone through,35,failed_transfer
can we skip verifying?,74,why_verify_identity
how much is the fee for a sepa transfer?,56,top_up_by_bank_transfer_charge
how can i move money from my account at a different bank to the account i have at this bank.,65,transfer_into_account
"i put money in my account a week ago but its still not there, what is happening?",6,balance_not_updated_after_cheque_or_cash_deposit
how do i reset my password?,44,passcode_forgotten
where are the virtual cards located?,40,getting_virtual_card
i just looked over my statement and i don't recognize the name of a card payment.,16,card_payment_not_recognised
please let me know how to change my pin?,21,change_pin
what does it mean if it says that my payment is pending?,45,pending_card_payment
how can i change my address?,30,edit_personal_details
"i made a cash deposit, but it hasn't shown up in my balance yet.",6,balance_not_updated_after_cheque_or_cash_deposit
will i be charged for receiving the money?,56,top_up_by_bank_transfer_charge
i was mugged yesterday and they took everything. i can't access my app. what are my next steps?,42,lost_or_stolen_phone
help! the app has an atm withdrawl that i didn't make.,20,cash_withdrawal_not_recognised
is there a list of atm machines?,3,atm_support
i have another card from the u.s. will you be able to accept that one?,54,supported_cards_and_currencies
i got charged twice for the same payment. please removed the pending payment. thank you.,63,transaction_charged_twice
if i need to exchange currency is there an extra fee?,31,exchange_charge
"i want to transfer money into my account, what do i do?",65,transfer_into_account
where's the best place to get a disposable virtual card?,37,get_disposable_virtual_card
"my card payment is just showing up as pending and it has been a while , what's going on with that, it should be going through at some point?",45,pending_card_payment
how old does my kids need to be to open an account?,1,age_limit
i need help finding the verification code for my top-up card.,71,verify_top_up
someone stole my wallet a couple of hours ago now and they have taken money from my account. is there any way that you can help so i won't lose any more of my money.,20,cash_withdrawal_not_recognised
what currencies can i hold?,36,fiat_currency_support
i was mugged and everything taken. what do i do to protect my account?,42,lost_or_stolen_phone
why did the atm eat my card?,18,card_swallowed
i'm having trouble with proving my identity.,68,unable_to_verify_identity
i have a disposable card but it does not work?,72,virtual_card_not_working
can i get money out of any machine?,3,atm_support
"my american express is experiencing a problem with apple play with top up, can you fix it?",2,apple_pay_or_google_pay
why did i receive an error message saying that my transfer was not possible?,7,beneficiary_not_allowed
what do i do if i forgot my pin?,49,pin_blocked
i had to pay in order to do a transfer,64,transfer_fee_charged
"how do i get money from an atm using my card? i can't seem to get it to work? i used the pin i had, but maybe it's wrong? what do i need to do to fix this?",26,declined_cash_withdrawal
i did a transfer and was charged a fee that should not have been charged!,64,transfer_fee_charged
when can i use money sent to my account?,67,transfer_timing
i added money but my top-up wasn't processed by the app.,59,top_up_failed
the atm isn't giving out any money.,26,declined_cash_withdrawal
i had a decline on my card. why?,25,declined_card_payment
why does it still charge me even though i was unable to withdraw money from the atm?,46,pending_cash_withdrawal
will i get charged on a foreign currencies exchange?,31,exchange_charge
want to know where funds come from,70,verify_source_of_funds
"i tried transferring money to a beneficiary, however, i was unsuccessful.",7,beneficiary_not_allowed
"my top-up was supposed to be done, but now the money is gone! is there a glitch in your system?",61,top_up_reverted
"i would like open a second card for my daughter, how can you assist me?",39,getting_spare_card
what other methods are there to verify my identity?,74,why_verify_identity
"please check my card. as withdrawal was working fine so far, but this morning suddenly got declined. can you please check the problem?",26,declined_cash_withdrawal
how long will i have to wait for my money to be in my account?,67,transfer_timing
"when i went to $100, all the machine would give me was $20.",75,wrong_amount_of_cash_received
i sees some suspicious spending on my credit card that i don't recall i had made. what should i do?,22,compromised_card
i'm happy with mastercard and want to stick with just that credit card.,73,visa_or_mastercard
"my american express works with my apple pay, why is top up not working?",2,apple_pay_or_google_pay
i moved so i need to change my address. how do i do that?,30,edit_personal_details
what's the process of changing from gbp to aud?,33,exchange_via_app
there is an urgent thing that i need to transfer from china. approximately how long will it take?,67,transfer_timing
where can i check out the source of available funds in my account?,70,verify_source_of_funds
are you aware of any charges for receiving money?,56,top_up_by_bank_transfer_charge
"i'm really concerned because i only made one transaction, but it's appearing multiple times.",63,transaction_charged_twice
seems like my transfer was declined how come?,27,declined_transfer
how do i fill out the identity check?,69,verify_my_identity
the amount of cash i requested to withdrawal did not match what i received when exchanged,76,wrong_exchange_rate_for_cash_withdrawal
is there an age limit for opening an account?,1,age_limit
it's been a couple days how much longer do i have to wait for my transfer?,67,transfer_timing
what's the cost for exchanges?,31,exchange_charge
i would like to transfer some money from my other bank account into this one.,65,transfer_into_account
i think the top up failed,59,top_up_failed
can i transfer from swift?,56,top_up_by_bank_transfer_charge
i made a bank transfer and my account balance did not show it.,5,balance_not_updated_after_bank_transfer
can i use the app without my phone?,42,lost_or_stolen_phone
is it free to transfer money or is there a fee?,64,transfer_fee_charged
can you tell me what currency i can have?,36,fiat_currency_support
why won't my card work.,14,card_not_working
what are the age requirements for opening an account?,1,age_limit
why wont the atm give me cash?,26,declined_cash_withdrawal
what is the limit to disposable cards you can have?,29,disposable_card_limits
can i go into my app to find my pin,38,get_physical_card
what us cards do you accept? i only have 1 other.,54,supported_cards_and_currencies
can my children get an account?,1,age_limit
i just found a payment from a while back in my account that i didn't make. can i still dispute it even though it was a couple of months ago?,28,direct_debit_payment_not_recognised
why do i not have a virtual card,40,getting_virtual_card
i need to change my phone number.,30,edit_personal_details
the atm didn't let me get any cash,26,declined_cash_withdrawal
how do i get a virtual card for one time use,37,get_disposable_virtual_card
what is the price for a physical card?,43,order_physical_card
did you start charging for cash withdrawals? i thought it was free so far but noticed suddendly there is a fee. how much do i need to pay?,19,cash_withdrawal_charge
what information am i going to have to have in order to do a transfer with my card?,62,topping_up_by_card
how can my friend pay me?,50,receiving_money
there is a single payment on my card which shows as pending.,45,pending_card_payment
need help with a stolen card.,41,lost_or_stolen_card
the cheque i deposited isn't showing in my account,6,balance_not_updated_after_cheque_or_cash_deposit
my account shows up as pending after i received cash from the atm earlier. how can this be still pending? i've got the cash already.,46,pending_cash_withdrawal
do i need to add money before i order a card,43,order_physical_card
the app is saying i made a withdrawl but i didn't.,20,cash_withdrawal_not_recognised
my first choice would be mastercard.,73,visa_or_mastercard
"if i am not in the country and i need to change my pin, how can this be done?",21,change_pin
how old do my kids have to be use this?,1,age_limit
can you tell me how to get my card on the app?,13,card_linking
why was my card payment declined?,25,declined_card_payment
the atm is messed up. it gave me less than i wanted.,75,wrong_amount_of_cash_received
can i verify my identity online?,69,verify_my_identity
tell me what atms take this card.,3,atm_support
i'm trying to make a bank transfer but it's not going through. could there not be enough funds to transfer or something? have i done it too many times?,35,failed_transfer
why am i unable to take money from my card but the statement says the transaction is still pending?,46,pending_cash_withdrawal
my balance doesn't show my deposit.,6,balance_not_updated_after_cheque_or_cash_deposit
in what way can i use the disposable cards?,37,get_disposable_virtual_card
what are the rules to where i can use my card?,10,card_acceptance
"my card has been stolen. i reported it with the police, but i need to report it with you as well.",41,lost_or_stolen_card
can you tell me the foreign exchange rate?,32,exchange_rate
please explain why the transfers shows up as pending?,48,pending_transfer
why did my my transfer get declined?,27,declined_transfer
what documents are required for proof of identity?,69,verify_my_identity
"hi, i'm buying my son bertie a starter home in london. i'm just trying to send the 5% deposit over to the agent. it's only £200,000 but seems to be throwing an error. what is going on? if i wait any longer the house prices might rise, can you look in to it please?",35,failed_transfer
"i was checking the app for my account and i noticed there is an authorized charge on it. i haven't used my card today, so i know i didn't do it. i would like the transaction reversed and the money replaced.",28,direct_debit_payment_not_recognised
what currencies can i exchange?,36,fiat_currency_support
is there a charge on withdrawals?,19,cash_withdrawal_charge
my transfer to beneficiary didn't go through,7,beneficiary_not_allowed
"i tried to make a top-up and it was canceled, why is that?",61,top_up_reverted
"please, activate my card",0,activate_my_card
will you be able to exchange to eur?,36,fiat_currency_support
"i just looked at my app and it seems i was charged extra, why is that?",34,extra_charge_on_statement
my topup got reverted. please let me know if there is any issue in system.,61,top_up_reverted
balance hasn't been updated following a bank transfer,5,balance_not_updated_after_bank_transfer
how to get card pin?,38,get_physical_card
my disposable virtual card doesn't seem to work,72,virtual_card_not_working
why has my card payment not yet been applied to my account?,45,pending_card_payment
why has my top up been cancelled,61,top_up_reverted
why is my transfer taking so long. i thought it was supposed to only take 1 day if i made a transfer to someone. can you wee what went wrong?,66,transfer_not_received_by_recipient
got only $20 when i tried to withdraw $100.,75,wrong_amount_of_cash_received
how much is the fee for topping by card,57,top_up_by_card_charge
my card information seems to have been stolen! i don't know where these transactions came from and i've never even been to the city where they were made. i need my card blocked asap so this person can't keep using my card.,22,compromised_card
am i able to use apple pay?,2,apple_pay_or_google_pay
why did i have to pay an additional amount when using my card to pay?,15,card_payment_fee_charged
"hi, i draw out some money from the atm today. the atm has given me wrong amount and the application is displaying more amount than i withdraw.",75,wrong_amount_of_cash_received
can i use swift transfers?,56,top_up_by_bank_transfer_charge
how can i get a card sent to china?,9,card_about_to_expire
please help me as my online payment is getting declined since yesterday while i am trying to purchase something online.,27,declined_transfer
can you tell me why i was charged to withdraw cash?,19,cash_withdrawal_charge
i attempted to get money in cash but it was refused!,26,declined_cash_withdrawal
what is the procedure to transfer money to my account?,65,transfer_into_account
why is my cash deposit not in my account?,6,balance_not_updated_after_cheque_or_cash_deposit
is there a place to check for fee for payments? i feel like i'm getting charged too much at times.,15,card_payment_fee_charged
i see a cash withdrawal that i did not perform.,20,cash_withdrawal_not_recognised
can you tell me why my top-up failed?,59,top_up_failed
how long does it take for a cash withdrawal to show?,46,pending_cash_withdrawal
"i need help to resolve mix up on my card payment. my account shows the money was taken out and then put back in the account. then i received a message from the seller, it said that they did not get my payment.",53,reverted_card_payment?
how do i input a new address?,30,edit_personal_details
please tell me which cash machines will allow me to change my pin.,21,change_pin
why hasn't a transaction to a friend cleared yet?,66,transfer_not_received_by_recipient
do you work in greece?,24,country_support
this is very frustrating. i can't get my card to work on any atm i try and i've tried 3 of them so far. what's going on? can you please fix this issue immediately?,26,declined_cash_withdrawal
"i had a cheque deposited, but i still haven't seen the cash.",6,balance_not_updated_after_cheque_or_cash_deposit
i made a deposit but it is not showing up in my balance.,6,balance_not_updated_after_cheque_or_cash_deposit
why was a charged just for transferring?,64,transfer_fee_charged
"i recently reported my card as missing/lost, and i just found it. can i still use it?",13,card_linking
"change of location, need to change details",30,edit_personal_details
is it possible to have more than one disposable card?,29,disposable_card_limits
"apparently, i went out today to use my new card and was informed my payment was decline. this is really embarrassing, what happen?",25,declined_card_payment
how do i report fraud on my card?,22,compromised_card
"there is a direct debit charge that i don't recognize, what can i do?",28,direct_debit_payment_not_recognised
is there a disposable virtual card?,37,get_disposable_virtual_card
is there a way to make my money usable in another country?,33,exchange_via_app
hi. i noticed i have a duplicate charge which i have not made twice. who should i talk to take care of this?,63,transaction_charged_twice
what atms use this card?,3,atm_support
where can my card be used?,10,card_acceptance
i want to change my name.,30,edit_personal_details
how can i make my card show up in the app?,13,card_linking
i made a money transaction but the recipient can't see it,66,transfer_not_received_by_recipient
i keep checking my statements but nothing shows up! i requested a refund a long time ago but seems it's not reaching my account for some reason. can you please help me get the money back from the seller for me,51,Refund_not_showing_up
i need to move money from one of my other accounts to this one.,65,transfer_into_account
"i could not get a top-up to work, why?",59,top_up_failed
i was attempting to top up with my card but the money has vanished!,62,topping_up_by_card
i bought the wrong size and would like a refund,52,request_refund
i tried to buy something over the internet yesterday and got a declined error. i tried again today and got the same message. what is the issue?,27,declined_transfer
where do you find your exchange rates?,32,exchange_rate
do cash withdrawals cost anything?,19,cash_withdrawal_charge
how do i find the verification code for my top-up card?,71,verify_top_up
"when i got my cash, the amount was not what it should have been, based on the exchange rate.",76,wrong_exchange_rate_for_cash_withdrawal
if i top-up by using a trasfer are there charges that applied?,56,top_up_by_bank_transfer_charge
i was wondering if international transfers take longer than normal because i made a transfer from france a couple of days ago and nothing has happened yet?,5,balance_not_updated_after_bank_transfer
why hasn't my top-up been completed?,47,pending_top_up
why was there an extra charge because i used my card to pay?,15,card_payment_fee_charged
how do i top up? can i use my apple watch?,2,apple_pay_or_google_pay
how do i get top up to work in apple pay?,2,apple_pay_or_google_pay
there is a fee on my account. why?,15,card_payment_fee_charged
my card was not in the mail again can you advise?,12,card_delivery_estimate
my pin hasn't arrived in the post! how do i cancel it or get a new one?,38,get_physical_card
i haven't gotten my new card.,11,card_arrival
what is the exchange rate like?,32,exchange_rate
please help my find out why there is an odd direct debit in my records.,28,direct_debit_payment_not_recognised
"i was charge a fee for my transfer, why?",64,transfer_fee_charged
how long does it take for a transfer to be in my account?,67,transfer_timing
my product hasn't arrived even though i ordered it a while ago. i want a refund!,52,request_refund
"hi, i'm trying to transfer money from one country to another, but it's taking a long time! all the account information is right, so why is it taking so long?",48,pending_transfer
my contactless payments have not been completed successfully.,23,contactless_not_working
the exchange rate is incorrect for my payment.,17,card_payment_wrong_exchange_rate
can you delete my account please?,55,terminate_account
why is the exchange rate terrible? that can't be close to the actual interbank rate.,17,card_payment_wrong_exchange_rate
i was only given $20 after trying to withdraw $100,75,wrong_amount_of_cash_received
"while doing a transfer, it says declined.",27,declined_transfer
are these cards available in europe?,24,country_support
where are you cards supported?,24,country_support
how can i fix a problem where my virtual card is rejected?,72,virtual_card_not_working
i'm a new customer and tried topping up today for the first time. it's still pending and doesn't seem to be working. i need to get this fixed.,47,pending_top_up
what do you need for the identity verification,69,verify_my_identity
who accepts the card?,10,card_acceptance
why was my account assessed a fee for an atm transaction?,19,cash_withdrawal_charge
how to verify my identity,74,why_verify_identity
how do i go about transferring money using my credit card?,62,topping_up_by_card
"i tried to take money from my card, but it didn't work. later i saw that the transaction is still in progress. what's goign on?",46,pending_cash_withdrawal
how do i transfer funds directly from my credit card?,62,topping_up_by_card
i have an odd payment in my statement,16,card_payment_not_recognised
why was my request for cash declined?,26,declined_cash_withdrawal
one of my card payments has reverted,53,reverted_card_payment?
i am angry that i got charged for using my card.,15,card_payment_fee_charged
how can i get a refund for an item i purchased but has not yet arrived?,52,request_refund
can i make an account for my daughter?,1,age_limit
i couldn't make a transfer,35,failed_transfer
who do i contact if there is a direct debit that i did not create.,28,direct_debit_payment_not_recognised
i am still waiting for a transfer to show,48,pending_transfer
how to activate google pay for top up?,2,apple_pay_or_google_pay
why is the transfer still pending? can i do something?,48,pending_transfer
i want to set up an auto top-up,4,automatic_top_up
why am i not able to withdraw cash from this atm?,26,declined_cash_withdrawal
is there any nearby atm's?,3,atm_support
why on earth is the exchange rate so bad? can i get a rate closer to the actual interbank rate?,17,card_payment_wrong_exchange_rate
"my mother deposited a cheque into my account last week, why is it still not showing up?",6,balance_not_updated_after_cheque_or_cash_deposit
can i make transactions before identity verification?,74,why_verify_identity
how do i transfer money using a credit card?,62,topping_up_by_card
from where can i withdraw?,3,atm_support
what would i be charged in receiving a sepa transfer?,56,top_up_by_bank_transfer_charge
"i would like to get a physical card, but i don't know how. can you help me?",43,order_physical_card
where do i order a virtual card from?,40,getting_virtual_card
is there a limit for age?,1,age_limit
why was my payment declined,25,declined_card_payment
how do i freeze my account?,22,compromised_card
can someone please explain to me where my source of funds came from?,70,verify_source_of_funds
i just got this card & i don't know how to activate it.,0,activate_my_card
how do i verify the top-up?,71,verify_top_up
do you have any idea on when i will receive my refund? i got my statement and it was not there.,51,Refund_not_showing_up
did my refund go through? it's not on my statement.,51,Refund_not_showing_up
where on the website do i go to link my card?,13,card_linking
are transfers not free? i didn't know i would be charged for transfers.,64,transfer_fee_charged
what is the present state of the exchange rate?,32,exchange_rate
why can't i see a transfer to my account?,5,balance_not_updated_after_bank_transfer
can i make a withdraw in my home currency at an atm? i'm on vacation and am a bit worried because i don't have cash with me. is it possible to withdraw here without any additional costs or fees?,76,wrong_exchange_rate_for_cash_withdrawal
how long does it take to get my card i am in a rush,12,card_delivery_estimate
i have lost my phone.,42,lost_or_stolen_phone
do you have a fee for receiving a sepa transfer?,56,top_up_by_bank_transfer_charge
are there any fiat currencies that you will not work with?,36,fiat_currency_support
i need my card to be activated right now.,0,activate_my_card
what is the limit on disposable cards?,29,disposable_card_limits
i could not get my transfer to happen correctly and was wondering why?,35,failed_transfer
can you tell me why my transfer is pending still?,48,pending_transfer
i received the wrong amount of cash.,75,wrong_amount_of_cash_received
i need to transfer something to china. it is urgent. how many days will it take to get there?,67,transfer_timing
when i got cash i was charged an extra fee! explain!,19,cash_withdrawal_charge
"hey i am standing in front of an atm here, it only gave me 10 pounds even though i wanted to withdraw 30! seems like the app has 30 pounds, what do i do??",75,wrong_amount_of_cash_received
the card payment i attempted to make failed.,25,declined_card_payment
my card payment was reverted. why?,53,reverted_card_payment?
what flat currencies do you use for holding and exchanges.,36,fiat_currency_support
"could i reactivate my card please, i couldn't find it but it turns out it was in my jacket pocket.",13,card_linking
what limits are there on the virtual cards?,29,disposable_card_limits
the bank transfer was declined,27,declined_transfer
exchange rate for my cash withdrawal is wrong,76,wrong_exchange_rate_for_cash_withdrawal
how long will it take to transfer something from china?,67,transfer_timing
there is a payment that is not mine in the app. please advise/,16,card_payment_not_recognised
can i verify the source of my funds?,70,verify_source_of_funds
"my phone is lost i don't want someone to use my account, what can i do?",42,lost_or_stolen_phone
do you support fiat currencies?,36,fiat_currency_support
am i charged a fee to transfer funds?,64,transfer_fee_charged
can i exchange my money for eur?,36,fiat_currency_support
"i have been double charged for a couple of things this week, and would appreciate a refund for the duplicate charges.",63,transaction_charged_twice
what is the fee charged for using my card?,15,card_payment_fee_charged
what do i need for the identity check?,69,verify_my_identity
i am looking to delete my account. i'm not happy with the service provided by you.,55,terminate_account
i would like to receive instructions showing the verification process for top up cards..,71,verify_top_up
why do you have the identity check,74,why_verify_identity
i want to top my account by using a bank transfer. how would that work?,65,transfer_into_account
what does the bank charge for lost or stolen card replacements?,43,order_physical_card
how can i go about getting a refund?,52,request_refund
where can i find the exchange rate for my transfer?,32,exchange_rate
i've been charged an extra £1 and i don't know what it's for,34,extra_charge_on_statement
is it possible to get a refund for the item?,52,request_refund
i tried to withdraw 40 pounds but only 20 came out. did you steal my money?,75,wrong_amount_of_cash_received
my payment was stopped,53,reverted_card_payment?
how do i link one your card if i have one already?,13,card_linking
i got a new address and need to change my old one.,30,edit_personal_details
i would like to change currency,33,exchange_via_app
what do i do if my payment was reverted?,53,reverted_card_payment?
"in my statement, i got a €1 extra fee.",34,extra_charge_on_statement
i made a deposit in the atm and it has not cleared,46,pending_cash_withdrawal
how can i change my rowlock ?,21,change_pin
what is the fee if i use a european bank for a top up?,57,top_up_by_card_charge
i cannot make transactions with my virtual card.,72,virtual_card_not_working
are there any restrictions causing my transfer to be declined?,27,declined_transfer
my transfer was declined,27,declined_transfer
are there restrictions for my disposable card since it does not seem to be working?,72,virtual_card_not_working
how long will this take to get to me?,12,card_delivery_estimate
the amount of cash i received was incorrect,75,wrong_amount_of_cash_received
why isn't my purchase exchange rate correct?,17,card_payment_wrong_exchange_rate
i requested $100 but only got $20,75,wrong_amount_of_cash_received
can i pay more to get it deliver quicker?,12,card_delivery_estimate
what do i do if i can't access the app?,42,lost_or_stolen_phone
why is my card payment pending?,45,pending_card_payment
what forms of payment do you accept?,54,supported_cards_and_currencies
i would like to cancel a payment. i purchased something several days ago and i still have not received it.,52,request_refund
what factors determine your exchange rate?,32,exchange_rate
can someone assist me with explaining how i can unblock my pin?,49,pin_blocked
"i sent some money to somebody a couple of hours ago, and they still have yet to receive it. they really need the money, how much longer are they going to have to wait?",66,transfer_not_received_by_recipient
need help with my card. it's not working.,14,card_not_working
i got charged twice with a duplicate card. how do i resolve this?,63,transaction_charged_twice
i need to know which fiat currencies i can use with you.,36,fiat_currency_support
someone else may be using my card. there are transactions i don't recognize.,22,compromised_card
am i able to change my pin at any cash machines?,21,change_pin
how can i periodically check the delivery of the card you sent?,11,card_arrival
what do i do if i find a debit charge that i know i didn't do in my billing statement?,28,direct_debit_payment_not_recognised
what if my top up didn't work?,59,top_up_failed
where do i find pin for my card?,49,pin_blocked
i moved and need to change my personal information.,30,edit_personal_details
"i'm hoping you can answer my question about a pending transfer that i've had for a while now. i know that all of the account details are correct, so why is it taking so long to go through?",48,pending_transfer
i would like to transfer funds from one account to another.,65,transfer_into_account
"i've notice i was charged for withdrawing cash, can you explain why?",19,cash_withdrawal_charge
can i change my pin at any cash machines?,21,change_pin
my top up is pending.,47,pending_top_up
can my daughter open an account?,1,age_limit
"help, i was charged twice!",63,transaction_charged_twice
why is there an uknown charge showing on my account?,16,card_payment_not_recognised
does it cost anything to do currency exchanges?,31,exchange_charge
what documents do i need to verify who i am,69,verify_my_identity
is there any documentation needed for the identity check?,69,verify_my_identity
why isn't my google top-up pay working?,2,apple_pay_or_google_pay
why did my exchange rate change?,76,wrong_exchange_rate_for_cash_withdrawal
i purchases several items today. why are they still showing pending?,45,pending_card_payment
"my card payment was reverted, why?",53,reverted_card_payment?
what does a pending cash withdrawal mean?,46,pending_cash_withdrawal
what is the process of card activation?,0,activate_my_card
"is there anyway, i can get a disposable virtual card?",37,get_disposable_virtual_card
my virtual card isn't working. what do i do?,72,virtual_card_not_working
what is the reason for the fee charge on my transfer?,64,transfer_fee_charged
how can i change my old pin to a new one?,21,change_pin
tell me if there are any top-up limits?,60,top_up_limits
someone needs to make me aware when there are extra charges for payments. i happened to be looking at the app earlier and noticed a charge associated to a payment that was extra that no one made me aware of before at all.,15,card_payment_fee_charged
how can i top up using google pay?,2,apple_pay_or_google_pay
how many tries do i have to enter my pin before i'm blocked?,49,pin_blocked
i'm looking to get an additional card.,39,getting_spare_card
why is my exchange rate wrong for an item i bought?,17,card_payment_wrong_exchange_rate
i do not recongize a payment in my account.,16,card_payment_not_recognised
do you do business in the eu?,24,country_support
how do i make contactless work,23,contactless_not_working
i can not find my phone or it has been stolen.,42,lost_or_stolen_phone
i have a friend who needs money as soon as possibly. if i were to transfer it how long will it take to get to her?,66,transfer_not_received_by_recipient
"lost my phone, dont want others to use it.",42,lost_or_stolen_phone
what do i do to top up my card?,62,topping_up_by_card
why was my transaction declined?,35,failed_transfer
"is it possible to go ahead and log in, although i have not been confirmed yet?",74,why_verify_identity
"i tried to top up, but it didn't finish.",47,pending_top_up
what are the currencies that are accepted to add money?,54,supported_cards_and_currencies
my virtual card is just not going through.,72,virtual_card_not_working
why hasn't my card payment cleared yet?,45,pending_card_payment
why do we need to verify a top-up card?,71,verify_top_up
my identity verification isn't working,68,unable_to_verify_identity
does it cost anything for exchanges?,31,exchange_charge
i want to change my account details.,30,edit_personal_details
"why does my transfer say ""pending""?",48,pending_transfer
how do you check my identity?,69,verify_my_identity
i want my card i just received to show up in the app. how do i do that?,13,card_linking
what are the steps for changing my passcode?,44,passcode_forgotten
how long will this card payment stay pending?,45,pending_card_payment
why does my top-up get cancelled?,61,top_up_reverted
show me the source of my money.,70,verify_source_of_funds
i was overcharged an additional pound.,34,extra_charge_on_statement
what do i need to do to exchange my money?,33,exchange_via_app
why did you revert my top-up?,61,top_up_reverted
can you tell me my code to get into the app?,44,passcode_forgotten
"hey, i attempted to top up my card today and for some reason it didn't work. when i did it the other way it worked just fine. could you help me figure out why this is happening please?",59,top_up_failed
can i use my american express card with apple pay?,2,apple_pay_or_google_pay
there is a transaction for $1 and i don't know why it was charged.,34,extra_charge_on_statement
why is it important to verify my identity?,74,why_verify_identity
can i transfer my paycheck to the account?,50,receiving_money
is it possible to edit my personal details on the app?,30,edit_personal_details
i transferred money from one account to another account and i charged a fee for it. why is that?,64,transfer_fee_charged
is there a top-up fee if you add money in usd?,57,top_up_by_card_charge
can i resent my passcode?,44,passcode_forgotten
there has been a charge pending on my account statement that i can't figue out it's for a dollar.,34,extra_charge_on_statement
please tell me how i can get a virtual card.,40,getting_virtual_card
i've never been to that store. that's a fraudulent charge.,16,card_payment_not_recognised
i have 1 other us card. can you take that?,54,supported_cards_and_currencies
what is the dollar that i have pending on my statement there?,34,extra_charge_on_statement
"i already have one of your cards, how do i link them?",13,card_linking
"there are charges on my card from the past few day i am pretty sure i didnt make, can you please freeze it for me? how do i get my money returned since it wasnt me?",16,card_payment_not_recognised
i would like my refund for this item i bought.,52,request_refund
how long will the $1 charge show as pending?,34,extra_charge_on_statement
my disposable virtual card isn't working.,72,virtual_card_not_working
my card is about to expire and i need to know how much it costs and how long it takes to get a new one.,9,card_about_to_expire
do you need my birthdate?,74,why_verify_identity
i must make several disposable cards every day.,29,disposable_card_limits
i got less cash than the one i specified in the atm,75,wrong_amount_of_cash_received
im still waiting for my account to update from a cash deposit?,6,balance_not_updated_after_cheque_or_cash_deposit
could you please tell me how to activate my new card?,0,activate_my_card
why did i get charged for a withdrawal?,19,cash_withdrawal_charge
what are the additional charges for a swift transfer?,56,top_up_by_bank_transfer_charge
do the disposable cards have a transaction limit?,29,disposable_card_limits
am i going to see a charge for a sepa transfer?,56,top_up_by_bank_transfer_charge
"i desperately need to top-up my card, so why is it being declined? can you solve this for me? i need to use my card immediately!",59,top_up_failed
which countries are represented?,24,country_support
"i tried to make a withdrawal from the atm, but it was cancelled.",26,declined_cash_withdrawal
how do i unlock my account after typing in the wrong pin too many times?,49,pin_blocked
why has my new card still not come?,11,card_arrival
could you please help me figure out why the seller has not received their money after i sent it.,48,pending_transfer
the amount of cash i received was not the full amount,75,wrong_amount_of_cash_received
are your cards available in the eu?,24,country_support
"i'd rather not use my physical card, how can i get a virtual card?",40,getting_virtual_card
top up did not complete,47,pending_top_up
double check your funds may be declined,27,declined_transfer
my card payment has been on pending forever. what is the problem? it should have gone through at some time by now.,45,pending_card_payment
how long should it take for a transfer to go through? i have been waiting a while.,66,transfer_not_received_by_recipient
can i have a refund?,52,request_refund
hello. i'm on holiday and didn't bring any cash with me. i need to withdrawal my home currency from one of your machines. do you have any that will do this and is there a charge?,76,wrong_exchange_rate_for_cash_withdrawal
i just moved to the us how do i get a card?,24,country_support
how can i get my money that i didn't get from the atm?,75,wrong_amount_of_cash_received
what's the process for topping up by card?,62,topping_up_by_card
will i get visa or mastercard?,73,visa_or_mastercard
can i get some help activating my new card?,0,activate_my_card
can i order extra cards?,39,getting_spare_card
how come the verification with the top up,71,verify_top_up
i need a transaction reversed from my account.,63,transaction_charged_twice
can i deposit a check?,58,top_up_by_cash_or_cheque
can you tell me why the card payment came back?,53,reverted_card_payment?
there is a strange charge on my debit statement,28,direct_debit_payment_not_recognised
i made a transfer from france a couple days ago and don't see the transaction yet. how long does an international transfer take?,5,balance_not_updated_after_bank_transfer
are there any limits to were my card is accepted?,10,card_acceptance
"when i went to get cash, it was declined!",26,declined_cash_withdrawal
transfer could not be completed due to being declined.,27,declined_transfer
tell me why there is an extra charge when i used an atm?,19,cash_withdrawal_charge
help me to set up contactless payments.,23,contactless_not_working
i need to verify my source of funds,70,verify_source_of_funds
"is there a local atm that will provide british pounds, i have no money for my homeward journey and do not feel comfortable waiting until i arrive in britain. will a withdrawal involve extra charges?",76,wrong_exchange_rate_for_cash_withdrawal
why is there a 1 euro fee on my statement?,34,extra_charge_on_statement
why is my virtual card is being declined?,72,virtual_card_not_working
"i need to set up an account for my daughter, how would i do that?",1,age_limit
are there any limits on where i can use my card?,10,card_acceptance
"i have an account at another bank, but i want to transfer some of the money to my account here. .",65,transfer_into_account
i attempted to deposit a cheque yesterday but the balance isn't showing today. is it still pending?,6,balance_not_updated_after_cheque_or_cash_deposit
several items i have charged this week are appearing twice. please review my statement and remove any duplicate charges.,63,transaction_charged_twice
can you help me reset my passcode? i forgot it.,44,passcode_forgotten
are you able to delete my account?,55,terminate_account
oh no! i lost my card! help!,41,lost_or_stolen_card
is it possible to order a virtual card?,40,getting_virtual_card
what happened to the money that i deposited?,61,top_up_reverted
i heard you have virtual cards. how do i get one?,40,getting_virtual_card
i'm cancelling this charge. i still have not received what i bought from these people a while ago.,52,request_refund
my transfer isn't in,66,transfer_not_received_by_recipient
"i was out today looking forward to pay with my new card, turns out the payment just kept getting declined. this is really sad, what's going on?",25,declined_card_payment
can i use a cheque to top up my account,58,top_up_by_cash_or_cheque
"i am unable to activate my card, it won't let me.",0,activate_my_card
can i top up using cash?,58,top_up_by_cash_or_cheque
shouldn't my new card be here by now?,11,card_arrival
what do i do if there is an electronic debit that is not correct?,28,direct_debit_payment_not_recognised
are there virtual disposable cards?,37,get_disposable_virtual_card
i need to update my demographics.,30,edit_personal_details
will i be charged for adding money using an international card?,57,top_up_by_card_charge
why is checking my identity important?,74,why_verify_identity
why was the payment on my card declined?,25,declined_card_payment
why did i get declined during a transfer?,27,declined_transfer
how long will it take to urgently transfer something to china?,67,transfer_timing
"if i'm not in the uk, can i still get a card?",24,country_support
where are you present globally?,24,country_support
what is the reason i couldn't do a transfer to a beneficiary?,7,beneficiary_not_allowed
do you guys accept cash? because i deposited some this morning and i can't see it in my account.,6,balance_not_updated_after_cheque_or_cash_deposit
what do i do to verify my source of funds?,70,verify_source_of_funds
is it possible to top up with apple pay?,2,apple_pay_or_google_pay
what are my payment options for topping off my account?,58,top_up_by_cash_or_cheque
do i have to wait to get the pin or can i set up a pin,38,get_physical_card
i would like to transfer money from my checking account to my savings account.,65,transfer_into_account
i made a terrible mistake when typing in my account number. i accidently sent money to the wrong account. i noticed the app won't allow me to void the transaction. can someone help me with this immediately?,8,cancel_transfer
i don't remember my password,44,passcode_forgotten
how long does it take to verify a cash withdraw?,46,pending_cash_withdrawal
what is source of my money,70,verify_source_of_funds
how long does a us transfer take,67,transfer_timing
where do you deliver cards by mail?,43,order_physical_card
do you know the reason for the identity check?,74,why_verify_identity
how long does an item i bought show as pending?,45,pending_card_payment
i am here to change my adress.,30,edit_personal_details
it seems i need to get information on limits for top-ups.,60,top_up_limits
why can't i see my topup in my wallet anymore?,62,topping_up_by_card
i didn't get the right amount at the atm.,75,wrong_amount_of_cash_received
i went to do a transfer and it was declined.,27,declined_transfer
how do i freeze my card using the app?,22,compromised_card
how do i transfer funds if i am paid in gbp?,50,receiving_money
"in the exchange and holding, what fiat is allowed?",36,fiat_currency_support
where do i go to fill out the identity form?,69,verify_my_identity
how do i fix a broken card?,14,card_not_working
does apple pay give the option to top up?,2,apple_pay_or_google_pay
how much will i be charged for making a transfer?,56,top_up_by_bank_transfer_charge
what is the process to create a disposable virtual card?,37,get_disposable_virtual_card
how long will a transfer take from europe?,67,transfer_timing
i cannot find my credit card.,41,lost_or_stolen_card
i need to transfer some money to a friend who is in urgent need of some fast cash. how long will it take before she can use that money?,66,transfer_not_received_by_recipient
why didn't this transfer work?,35,failed_transfer
"your top-up function isn't working, it still says pending even though i know my card works.",47,pending_top_up
is there a way you can have money from a purchase i made refunded to my account.,52,request_refund
i'm not able to activate my card how do i fix this problem?,0,activate_my_card
my top up was reverted. can you help?,61,top_up_reverted
can you please tell me why my card payments are not going through when i try to buy something online? when i put in my card payment it takes it but it comes back a while later.,53,reverted_card_payment?
will you tell me how to exchange usd for gbp in the app?,33,exchange_via_app
why didn;t my payment work,25,declined_card_payment
is there a fee to exchange foreign money?,31,exchange_charge
"i read about the auto-top up function, but can't find it in the app.",4,automatic_top_up
how to access my virtual card,40,getting_virtual_card
"on my statement, there is a strange 1£ charge that appears as pending. what's causing that? i haven't purchased anything that's just a pound.",34,extra_charge_on_statement
i am being charged a transfer fee aren't they free?,64,transfer_fee_charged
"my receipt shows an extra charge on my transfer, why is this?",64,transfer_fee_charged
what are the exchange rates for foreign currency atms,76,wrong_exchange_rate_for_cash_withdrawal
"i made a payment a while ago and it is still showing as ""pending"" in the account. how long will this payment take to complete?",45,pending_card_payment
"my cash withdrawal is showing as pending, why?",46,pending_cash_withdrawal
i want this fee reversed from my account.,52,request_refund
i need help with a lost card,41,lost_or_stolen_card
i have young kids. can they use this service?,1,age_limit
im trying to top up my card but it's still pending and it's been an hour. is there any way to make it go through faster? do i not have enough?,47,pending_top_up
"my salary is in gbp, do i need to exchange it before putting it into my account?",50,receiving_money
cash and check deposit has not gone thru,6,balance_not_updated_after_cheque_or_cash_deposit
i need a refund?,52,request_refund
can i top up using my car?,62,topping_up_by_card
how much money can i top up?,60,top_up_limits
"hi, i checked my transactions and saw that i was charged twice during a restaurant visit. i would like to get my money back.",63,transaction_charged_twice
my statement doesn't show that a refund has processed,51,Refund_not_showing_up
are cheques accepted to my account? mine didn't seem to work.,6,balance_not_updated_after_cheque_or_cash_deposit
which flat currencies do you support for holding and exchange?,36,fiat_currency_support
can i open an account for my children?,1,age_limit
change my pin?,21,change_pin
"i tried again to top up my card after doing it a couple days ago when it had worked. now, it doesn't seem to be working. can you tell me what the deal is here please?",59,top_up_failed
please verify my top-up card,71,verify_top_up
how can i modify my details?,30,edit_personal_details
can you help my fix my contactless?,23,contactless_not_working
please delete my account now.,55,terminate_account
what atms accept my card?,3,atm_support
do i have to verify my identity?,74,why_verify_identity
please explain the fee on a transfer i made.,64,transfer_fee_charged
"this company is bad, please delete my account.",55,terminate_account
what is your currency exchange fee?,31,exchange_charge
i made a transfer from france two days ago now but there hasn't made it there yet. do international transfers take longer?,5,balance_not_updated_after_bank_transfer
please explain to me the circumstances in which my card payment would be reverted?,53,reverted_card_payment?
why did i get less money than i asked for?,75,wrong_amount_of_cash_received
i am wondering if international transfers take longer. i a made a transfer from france two days ago and believed it would be here already. please let me know when i will get it!,5,balance_not_updated_after_bank_transfer
how do i fix a reverted top up?,61,top_up_reverted
is apple pay a possible top up option?,2,apple_pay_or_google_pay
how do i get my paycheck through this?,50,receiving_money
what do i do if a transaction shows up twice?,63,transaction_charged_twice
why did you decline my transfer?,27,declined_transfer
the card can be used at which atms?,3,atm_support
i couldn't make a transfer to a beneficiary!,7,beneficiary_not_allowed
i can't do any business with this virtual card.,72,virtual_card_not_working
"when getting my id checked, what are the steps involved?",69,verify_my_identity
still waiting on my refund...,51,Refund_not_showing_up
how much does it cost to us us cards?,57,top_up_by_card_charge
how man currencies can i hold?,36,fiat_currency_support
what types of cards and money do you accept?,54,supported_cards_and_currencies
tell me why my balance did not change when i tranferred cash.,5,balance_not_updated_after_bank_transfer
"my money is gone. i had topped up recently and saw it was there and went through, but now it's disappeared, what is happening?",61,top_up_reverted
is verifying my identify important?,74,why_verify_identity
my cash out is still pending,46,pending_cash_withdrawal
i think i may have been charged $1 extra on my app. could you provide some insight as to why this may have happened?,34,extra_charge_on_statement
what are the fees for a physical card?,43,order_physical_card
please advise what is the exchange rate,32,exchange_rate
"hey, i ordered a thing but changed my mind and want a refund on it. since i haven't received the thing, would you just go ahead and cancel the payment for me?",52,request_refund
i have tried 5 times at this point to complete a transfer that's simply standard. what appears to be the problem? is your system messed up?,35,failed_transfer
where are cards delivered to?,43,order_physical_card
"i am at the atm and tried to withdraw 30 pounds and it only gave me 10 pounds, what do i do?",75,wrong_amount_of_cash_received
why hasn't my refund been appiled to my account?,51,Refund_not_showing_up
can you show me how to verify the top-up card?,71,verify_top_up
how long does it take for me to get my new card?,11,card_arrival
why can't i buy cryptocurrency on the app?,7,beneficiary_not_allowed
can i use my card at any atms?,3,atm_support
my account is showing a double charge.,63,transaction_charged_twice
will it cost more money if my currency needs to be exchanged?,31,exchange_charge
how do i activate my card that just arrived?,0,activate_my_card
how do i view the card i received in the app?,13,card_linking
what are the currencies and cards that are supported with my account?,54,supported_cards_and_currencies
i have a reverted top up i made and wanted to know why it didn't go through.,61,top_up_reverted
what steps do i take to unblock my pin?,49,pin_blocked
i'm in spain and my stuff has been stolen. my card was with it and i need a new one shipped and the old one frozen.,41,lost_or_stolen_card
can i add money with apple pay?,2,apple_pay_or_google_pay
how can i get cash back? the atm just gave me the wrong amount that i've been actually charged though...,75,wrong_amount_of_cash_received
there is payment showing that i didn't do.,16,card_payment_not_recognised
am i able to do a swift transfer?,56,top_up_by_bank_transfer_charge
"apple watch top up help, please?",2,apple_pay_or_google_pay
i made a cash deposit and the balance wasn't updated.,6,balance_not_updated_after_cheque_or_cash_deposit
i transferred some money but it hasn't arrived yet,5,balance_not_updated_after_bank_transfer
how much does it cost in fees to use your card?,43,order_physical_card
why did the atm give me less money than what i requested?,75,wrong_amount_of_cash_received
what does it mean to have a pending cash withdrawal?,46,pending_cash_withdrawal
"my card is going to expire, what do i do?",9,card_about_to_expire
please delete my account. i am not happy with the service from your company.,55,terminate_account
"i lost my card and need a new one, will it cost me?",39,getting_spare_card
"my phone was stolen, what should i do?",42,lost_or_stolen_phone
where can i have a new bank card sent to china?,9,card_about_to_expire
"help! i fear that my card was stolen,",41,lost_or_stolen_card
is there a trick to get the disposable virtual card to work?,72,virtual_card_not_working
i don't understand why you aren't accepting my transfer. after a couple times trying i'm still getting an error message.,7,beneficiary_not_allowed
i exchanged cash when traveling and the rate was incorrect.,76,wrong_exchange_rate_for_cash_withdrawal
a refund is taking too long.,51,Refund_not_showing_up
"i was charged extra when i made a cash withdraw, why?",19,cash_withdrawal_charge
there is a pending 1£ charge on my statement. i haven't purchased anything for 1£. why is it on my statement?,34,extra_charge_on_statement
"hey, i'm buying a flat and i need my mortgage to go though. however, every time i check i get an error message. is there any way you can help me with this transfer.",35,failed_transfer
someone might have access to my card! there are some strange payments showing up on my account. what do i do?,16,card_payment_not_recognised
where do i need to go in the app to enter my card info?,13,card_linking
the card that i have isn't working. this is the physical card.,14,card_not_working
"my money is gone. i had topped up recently and saw it was there, but now it's disappeared, what's going on?",61,top_up_reverted
"my top-up does not seem to have worked, what went wrong?",59,top_up_failed
where can i link a new card?,13,card_linking
my ecchange rate was wrong for a cash transaction.,76,wrong_exchange_rate_for_cash_withdrawal
"salary in gbp has been received, does it need to be configured elsewhere?",50,receiving_money
where can i find an atm?,3,atm_support
an atm machine didn't give me back my card.,18,card_swallowed
i wanted to top up my account and it doesn't look like it worked,59,top_up_failed
what do i do if the exchange rate was wrong for the item i bought overseas?,17,card_payment_wrong_exchange_rate
what is the reason my payment was not accepted?,25,declined_card_payment
will i always be charged a fee for using my card?,15,card_payment_fee_charged
why do you charge for transfers?,56,top_up_by_bank_transfer_charge
will i be able to track the card that was sent to me?,11,card_arrival
i just got my new card but am not sure how to check its pin.,38,get_physical_card
i had a card payment that was declined. why?,25,declined_card_payment
i believe that my card has been stolen!,41,lost_or_stolen_card
will a transfer incur a fee?,56,top_up_by_bank_transfer_charge
"if i get a transfer from europe, how long until it is in my account?",67,transfer_timing
how do i open up an account for my child?,1,age_limit
you applied the wrong exchange rate while i was traveling outside the country.,76,wrong_exchange_rate_for_cash_withdrawal
"help, the atm didn't give me all the money i requested",75,wrong_amount_of_cash_received
how many active cards can i have?,39,getting_spare_card
what do i do to link my new card?,13,card_linking
can you tell me the status of my new card?,41,lost_or_stolen_card
i haven't used my card all day but there is a payment showing in the app. please cancel it!,28,direct_debit_payment_not_recognised
when will i receive the card?,12,card_delivery_estimate
can i create a disposable virtual card?,37,get_disposable_virtual_card
would i have to pay anything if i need an additional card?,39,getting_spare_card
what proof do you need for my identification?,68,unable_to_verify_identity
my app is showing a cash balance that i did not receive.,20,cash_withdrawal_not_recognised
why did the funds for one of my purchase come back to my account?,53,reverted_card_payment?
hey i thought transfers were free. why are you charging me?,64,transfer_fee_charged
how do i replace my card before it expires next month?,9,card_about_to_expire
my top-up for google pay isn't working,2,apple_pay_or_google_pay
will i be charged for adding money by transfer?,56,top_up_by_bank_transfer_charge
are there any reasons that my identity wouldn't be accepted even though everything i've provided is factual?,68,unable_to_verify_identity
which locations can i withdraw money from?,3,atm_support
how long will delivery to the us take?,12,card_delivery_estimate
am i able to choose my card?,73,visa_or_mastercard
why are you declining my payment? everything was fine.,25,declined_card_payment
is it possible to get both a visa and a mastercard?,73,visa_or_mastercard
my cash deposit from a week ago hasn't shown up. i need the money - how quickly can you sort this out?,6,balance_not_updated_after_cheque_or_cash_deposit
there is a strange card payment i don't recognise.,16,card_payment_not_recognised
do you charge for sending more cards?,39,getting_spare_card
"i want to use my card, how would i activate it?",0,activate_my_card
i would like a second card.,39,getting_spare_card
am i allowed to get an account for my daughter?,1,age_limit
i would like to know where my source of funds came from.,70,verify_source_of_funds
where do i request another card?,39,getting_spare_card
"i want to close an account but im not sure about setting up a new one in the future, what do you recommend",55,terminate_account
why did i only get $20 now the full amount i wanted?,75,wrong_amount_of_cash_received
"i made a mistake when sending a payment, sending it to the wrong account number (with a typo) - can you please cancel the transaction?",8,cancel_transfer
should i uninstall the app before i try it again?,23,contactless_not_working
i have no way to prove my identity.,68,unable_to_verify_identity
i tried to buy something online but my funds were transferred back to my account. what is happening?,53,reverted_card_payment?
i need to reset the passcode.,44,passcode_forgotten
i just initiated a transfer but i'd like to cancel it.,8,cancel_transfer
"i withdrew some cash, when is it going to show?",46,pending_cash_withdrawal
do i need to convert my currency from gbp before transferring?,50,receiving_money
i need to find out what is the limit for top-ups.,60,top_up_limits
"my transfer went through, but it seems to be caught up in a pending status. this was very important that it got done quickly, can you give me a status update on how long it will take?",48,pending_transfer
how long will it take for me to get my card?,11,card_arrival
why is the payment on my card still pending?,45,pending_card_payment
"i am unhappy with my purchase, how do i cancel the order?",52,request_refund
could you please tell me your exchange rates?,32,exchange_rate
how can i the person see my money transaction?,66,transfer_not_received_by_recipient
how quickly can i transfer something to china?,67,transfer_timing
i need to do a card activation.,0,activate_my_card
why did the bank reject my transfer?,35,failed_transfer
why was i charged a fee when i withdrew money?,19,cash_withdrawal_charge
i didn't receive the correct exchange rate when i got cash.,76,wrong_exchange_rate_for_cash_withdrawal
"i topped up and went to buy something, but it says that my funds are pending. is there a way to quicken this process?",47,pending_top_up
can i use this app to change money?,33,exchange_via_app
my latest transfer seems to be missing.,5,balance_not_updated_after_bank_transfer
is there an extra fee for using an atm?,19,cash_withdrawal_charge
i believe that my transfer hasn't gone through.,35,failed_transfer
somebody used my card to make a purchase,16,card_payment_not_recognised
when will my card come? i need it as soon as possible!,12,card_delivery_estimate
what does it mean when a cash withdrawal is pending?,46,pending_cash_withdrawal
"hi, today i have withdrawn cash from atm but i got wrong amount and in the app it is showing much more amount than that.",75,wrong_amount_of_cash_received
"when i travel, can it automatically add money in certain intervals?",4,automatic_top_up
is there a fee for a cash withdrawal?,19,cash_withdrawal_charge
"i tried taking money from the atm but no money came out, but the transaction is still pending? how is this possible?",46,pending_cash_withdrawal
i just realised i made the wrong payment yesterday. can you please change it to the right account? it's my rent payment and really really needs to be in the right account by tomorrow,8,cancel_transfer
do i have to wait for a physical card before i get my pin,38,get_physical_card
atm apparently not working? couldn't access funds in my account?,26,declined_cash_withdrawal
my exchange went wrong. i swapped russian ruble for uk pounds and was charged too much.,17,card_payment_wrong_exchange_rate
"i'm expecting a large refund from a store i returned merchandise to recently. they say they have sent the money but i don't see it in my account, can you help.",51,Refund_not_showing_up
the balance has not been updated.,5,balance_not_updated_after_bank_transfer
i would like to know how much i can top-up.,60,top_up_limits
"oh my goodness, my card has been declined twice at atm! i tried two different atm, but each one declined my card! can you tell me what's going on with my account?",26,declined_cash_withdrawal
with what can i verify my identity?,69,verify_my_identity
"if i was mugged and lost everything, how do i access my account and app?",42,lost_or_stolen_phone
i wanted to know about a pending dollar that is on my statement.,34,extra_charge_on_statement
what is needed to activate my card?,0,activate_my_card
where can i get your exchange rates from?,32,exchange_rate
"left my phone at hotel, cant use app",42,lost_or_stolen_phone
"i have been charged to much for the object i bought when abroad, the exchange rate seems to be wrong.",17,card_payment_wrong_exchange_rate
how many card payments can i use on a disposable card?,29,disposable_card_limits
there are strange transactions on my account. what should i do if i think someone stole my details?,22,compromised_card
why is top up not working if i use my american express with my apple pay?,2,apple_pay_or_google_pay
what if i need my salary in a different currency?,50,receiving_money
how old do we have to be?,1,age_limit
do you also have this extra fee on your statement?,34,extra_charge_on_statement
how do i receive a virtual card?,40,getting_virtual_card
i made a transaction this morning but i need to revert it now.,8,cancel_transfer
my pin has been blocked.,49,pin_blocked
how do i know which atms will accept this card?,3,atm_support
"i've got a problem - i purchased an item maybe a week or two ago, but to the payment came back to my account! i've already got what i ordered, so why are the payment funds showing up in my account?",53,reverted_card_payment?
"my card has not been delivered yet and its been a week since i ordered it, please help",11,card_arrival
are you okay with exchanges to eur?,36,fiat_currency_support
my card wants to be topped what do you guys support?,54,supported_cards_and_currencies
could i get a mastercard and visa from you?,73,visa_or_mastercard
the rate of exchange isn't right for my cash withdrawal.,76,wrong_exchange_rate_for_cash_withdrawal
i'm having trouble verifying my id.,68,unable_to_verify_identity
are there any specific cash machines that i have to go to in order to change my pin?,21,change_pin
will i be charged for receiving money?,56,top_up_by_bank_transfer_charge
cancelling a transaction,8,cancel_transfer
is there supposed to be a fee for the transfer i made?,64,transfer_fee_charged
a withdraw i tried to make at the atm was declined i don't know why.,26,declined_cash_withdrawal
i just made an order and noticed an extra fee. why have you charged me this without informing me?,15,card_payment_fee_charged
"i need to deposit my virtual card, how do i do that.",37,get_disposable_virtual_card
i keep checking my statements but no progress.i requested a refund but seems it's not reaching my account for some reason. can you please help me get the money back from the seller for me,51,Refund_not_showing_up
why has a transaction to a friend been delayed?,66,transfer_not_received_by_recipient
can you tell me what cards and currencies you support?,54,supported_cards_and_currencies
do you send more than one card?,39,getting_spare_card
i would appreciate it if i could get an item refunded,52,request_refund
i would like to terminate my account.,55,terminate_account
"top up my card please, which y'all support?",54,supported_cards_and_currencies
my card isn't working anymore.,14,card_not_working
what are the exchange rates?,32,exchange_rate
"hello, i have a pending transaction in my account due to an atm machine that wasn't working. in any case if the transaction goes through, after how long can i get my money back?",46,pending_cash_withdrawal
hoe do i use my credit card to transfer money?,62,topping_up_by_card
i would like to use one of my cards for a family member. is that allowed?,39,getting_spare_card
is there a limit to using a disposable virtual card?,29,disposable_card_limits
i need to cancel my recent transfer as soon as possible. i made an error there. please help before it goes through.,8,cancel_transfer
why wasn't a transfer to account approved,7,beneficiary_not_allowed
will i be charged for a cash withdrawal?,19,cash_withdrawal_charge
i was made to pay a fee for making a transaction with card.,15,card_payment_fee_charged
"the product is not working, can i get a refund?",52,request_refund
i would like to exchange some currency.,33,exchange_via_app
how long will my top-up stay pending?,47,pending_top_up
"i just topped up, and the app denied it.",59,top_up_failed
i was charged a fee for a transfer. where did it come from?,64,transfer_fee_charged
"i'm not sure what to do about the pin, because i don't have one yet.",38,get_physical_card
i want to deposit my check to top up my account,58,top_up_by_cash_or_cheque
can you please explain why my beneficiary is not allowed?,7,beneficiary_not_allowed
i forgot my pin and am blocked now. can i reset it somewhere?,49,pin_blocked
any place that takes mastercard would be fine.,10,card_acceptance
why isn't my transfer going through? i get a message saying it's not possible. i've had no issues in the past.,7,beneficiary_not_allowed
how do i get a card if i live in the us?,24,country_support
where do i look for cash top up?,58,top_up_by_cash_or_cheque
it is listed in my app that i made a payment which i did not actually make,16,card_payment_not_recognised
am i able to track a card that has already been sent?,11,card_arrival
"a card has been sent to me, how do i track it?",11,card_arrival
"hello. i have a transaction in my account listed as pending. i tried to use an atm at the city centre, but the machine declined my card, and i did not receive the money. why is the transaction still pending if i did not receive the money.",46,pending_cash_withdrawal
what atm locations are near me?,3,atm_support
where can i find the top up verification code?,71,verify_top_up
i don't have a way to prove my identity.,68,unable_to_verify_identity
if i want to change my pin number can i directly from an atm?,21,change_pin
why did the atm take my card and keep it?,18,card_swallowed
how much is the charge to top up via credit card?,57,top_up_by_card_charge
i ordered my card and it isn't here yet. i need it asap. when can i expect to get it?,12,card_delivery_estimate
tell me why my card payment was declined.,25,declined_card_payment
can you explain your exchange rates basis?,32,exchange_rate
how long are my top ups pending,47,pending_top_up
do i need to set a limit on auto top-up?,4,automatic_top_up
"please help! i was looking at my account and saw a transaction with a seller i don't remember. is it possible for you to track the sale, because i really don't think i made a payment to them.",28,direct_debit_payment_not_recognised
"i have to transfer money over to my mother, and i have tried numerous times and all that keeps happening is error messages.",7,beneficiary_not_allowed
how long will the transfer take?,48,pending_transfer
i did not have the right exchange rate applied to my situation of pulling out cash,76,wrong_exchange_rate_for_cash_withdrawal
why hasn't my transaction been completed?,66,transfer_not_received_by_recipient
what is the reason for that,14,card_not_working
i got some cash but it wasn't the right amount.,75,wrong_amount_of_cash_received
is my account able to be topped up by my friends?,62,topping_up_by_card
can i see where my money came from?,70,verify_source_of_funds
"there must be an issue, why has my card been cancelled?",53,reverted_card_payment?
how many disposable cards can i have?,29,disposable_card_limits
what do you demand for identity verification?,69,verify_my_identity
what is this €1 charge?,34,extra_charge_on_statement
weird charges are appearing in my debit account.,28,direct_debit_payment_not_recognised
i want to transfer money with my credit card.,62,topping_up_by_card
what happened to the cash that i tried to deposit into my account? it's gone!,6,balance_not_updated_after_cheque_or_cash_deposit
how do i deal with a blocked pin?,49,pin_blocked
how do i get my money back for a duplicated charge?,63,transaction_charged_twice
what are acceptable documents to prove my identity?,69,verify_my_identity
i'm expecting to see a cash withdrawal but i'm still waiting.,46,pending_cash_withdrawal
which countries do you currently support?,24,country_support
are there any fees if i use a european bank card for a top up?,57,top_up_by_card_charge
can my teenager have an account?,1,age_limit
an incorrect exchange rate was applied to an item i bought.,17,card_payment_wrong_exchange_rate
my top-up is not working. why is that?,59,top_up_failed
why was my transfer stopped ?,7,beneficiary_not_allowed
can i have a second physical card for this account?,39,getting_spare_card
"i don't know if this is an issue with the atm or my account, but i just tried withdrawing 30 pounds from the atm i'm at now and it only gave me 10. is this a glitch or what exactly is going on?",75,wrong_amount_of_cash_received
i tryed to make a top-up with cryptocurrency but the payment was referted.,61,top_up_reverted
what fiduciary currencies are supported for tenure and exchange?,36,fiat_currency_support
my top-up was rejected by an app.,59,top_up_failed
why won't you accept my payment? i keep trying with this card and it's not working.,25,declined_card_payment
would i need to pay extra for currency exchanges?,31,exchange_charge
a payment on my statement is wrong.,16,card_payment_not_recognised
can i tell what business will take this card?,10,card_acceptance
can i have a third card?,39,getting_spare_card
i tried to get gas but my money was gone!,62,topping_up_by_card
can i get a new card with new expiration date in china?,9,card_about_to_expire
can you remove my account please?,55,terminate_account
there are two of the same charges on my account.,63,transaction_charged_twice
how will i know where my funds are coming from?,70,verify_source_of_funds
why is a transfer to a beneficiary not possible?,7,beneficiary_not_allowed
what reasons would cause my card payment to be cancelled?,53,reverted_card_payment?
"i received my new card, but i don't see it in the app anywhere. what do i do?",13,card_linking
can i use both visa and mastercard,73,visa_or_mastercard
how do i troubleshoot when contactless doesn't work?,23,contactless_not_working
can i increase my top-up maximum?,60,top_up_limits
i noticed a different charge while i was taking my money out.,19,cash_withdrawal_charge
"i got double charged from something, what can i do?",63,transaction_charged_twice
"this is not right, i was told i could take out cash at the atm for free?",19,cash_withdrawal_charge
is there a top up fee?,56,top_up_by_bank_transfer_charge
"so, i see a strange fee that i've never seen before after making an online purchase from abroad. i was under the impression transfers could be made for free. i don't think this seems fair.",64,transfer_fee_charged
i tried making an update to my balance using cheque just yesterday but it doesn't appear to have worked. should this not be a faster process? i need you to please check over my account because something has went wrong.,6,balance_not_updated_after_cheque_or_cash_deposit
"i can't make any transfers, they won't go through, the details are correct as i checked them. can you look in to this please?",27,declined_transfer
can money be exchanged from one currency to another?,33,exchange_via_app
i bought something and i take issue with the exchange rate applied.,17,card_payment_wrong_exchange_rate
what are weekend rates for getting cash,76,wrong_exchange_rate_for_cash_withdrawal
i need my card frozen cause it was used without my consent to take money out. it was in an odd place.,20,cash_withdrawal_not_recognised
do you take swift transfers?,56,top_up_by_bank_transfer_charge
can you make exchanges using the eur?,36,fiat_currency_support
how come my transfer didn't work,35,failed_transfer
what age do you have to be?,1,age_limit
how do i dispute a debit that i didn't make?,28,direct_debit_payment_not_recognised
delete my account please. now!,55,terminate_account
i would like a visa card.,73,visa_or_mastercard
can i exchange an item for a refund?,52,request_refund
"i need to activate my card, how is that done?",0,activate_my_card
i made a transfer and was charged extra. why?,64,transfer_fee_charged
i can't verify my id.,68,unable_to_verify_identity
can i be charged for exchanging foreign currency?,31,exchange_charge
some cash has been withdrawn but i didn't do it.,20,cash_withdrawal_not_recognised
do i need to wait to get my card before getting a pin,38,get_physical_card
"would you please unblock my pin? i don't know why, but it's blocked.",49,pin_blocked
"there are multiple instances where you added a fee to the payment, as well as some where you didn't. do you have an outline of when a fee will be added?",15,card_payment_fee_charged
i believe my top up was reverted.,61,top_up_reverted
would i be able to get a refund for something i bought?,52,request_refund
"someone stole my card. i need to report it stolen. i made a police report already, but how do i report it with you?",41,lost_or_stolen_card
my account has a weird withdrawal.,20,cash_withdrawal_not_recognised
"if i was travelling abroad, would i be able to hold currencies in euros?",36,fiat_currency_support
are both visa and mastercard available to me?,73,visa_or_mastercard
tell me what i should do after my card expires.,9,card_about_to_expire
"help, lost my card",41,lost_or_stolen_card
i do not recognise the card payment.,16,card_payment_not_recognised
how do i verify my new card?,0,activate_my_card
is there a fee for paying by card?,15,card_payment_fee_charged
why don't you accept american express for adding money to my account,54,supported_cards_and_currencies
when can i expect to receive my new card?,12,card_delivery_estimate
can you tell me where to find my top-up verification code?,71,verify_top_up
"this company is bad, delete my account now.",55,terminate_account
card payment is showing as pending,45,pending_card_payment
i am trying to find out how to exchange currency x with currency y.,33,exchange_via_app
what do i do if i've been charged twice for the same transaction?,63,transaction_charged_twice
what do i need to do for a pin?,38,get_physical_card
i am having problems with a top-up.,59,top_up_failed
when should i expect my card to arrive?,12,card_delivery_estimate
"i have received my statement but i do not see my refund, why is that?",51,Refund_not_showing_up
are there any limits to using disposable virtual cards?,29,disposable_card_limits
can you tell me the total cost of a transfer?,56,top_up_by_bank_transfer_charge
"i don't understand how to top up my account, can you please explain the process?",65,transfer_into_account
"i just pulled money out of the atm and was charged a fee, why?",19,cash_withdrawal_charge
can you top-up a card with a cheque?,58,top_up_by_cash_or_cheque
can i use google play as my primary app to top up?,2,apple_pay_or_google_pay
is it possible to get one of your cards in the european union?,24,country_support
my account did not allow the transfer.,7,beneficiary_not_allowed
"i accidentally made a payment from the wrong account yesterday. it's my rent payment, and it's very large, so the account i paid from won't be able to cover the amount. it's really important that the payment be made from the right account?",8,cancel_transfer
what are the charges for receiving a sepa transfer?,56,top_up_by_bank_transfer_charge
do cash machines let me change my pin?,21,change_pin
i can't get my card to work.,14,card_not_working
why was my top-up declined?,61,top_up_reverted
what do you use to figure out the exchange rate for the card?,32,exchange_rate
where to funds come from,70,verify_source_of_funds
i entered the wrong pin too many times and now i am blocked. help me unblock!,49,pin_blocked
exchange fee help?,31,exchange_charge
the app reverted the payment i made.,53,reverted_card_payment?
i am not being recognized by the app.,68,unable_to_verify_identity
should my top up still be pending?,47,pending_top_up
i used an atm in a foreign currency but the rate applied is wrong!,76,wrong_exchange_rate_for_cash_withdrawal
we want to start a college fund for my daughter.,1,age_limit
why does my account show as pending a cash withdrawal from the atm that i have already made?,46,pending_cash_withdrawal
how do i find the exchange rate?,32,exchange_rate
the atm took my card.,18,card_swallowed
"help, i need to top up my account. where do i send a check?",58,top_up_by_cash_or_cheque
how do i order a new card? the current one is about to expire.,9,card_about_to_expire
i believe a wrong exchange rate was applied towards a cash transaction i made abroad.,76,wrong_exchange_rate_for_cash_withdrawal
won't let me top my card up!! who can get it sorted out for me? it's urgent! how do i find out what the problem is with my card and how else to top it up?,59,top_up_failed
need my details changed,30,edit_personal_details
"i am traveling, what can i do to set up auto top-up?",4,automatic_top_up
i already have a card and want to link it,13,card_linking
i think that the exchange rate was wrong for the payment made last saturday - i was charged extra.,17,card_payment_wrong_exchange_rate
"my card's expiring, what happens now?",9,card_about_to_expire
i made an atm withdraw it didn't give me the amount i asked for but is showing a withdraw for that amount.,75,wrong_amount_of_cash_received
what limits are the to top-ups?,60,top_up_limits
hello i made a bank transfer couple hours ago from my uk account but it doesn't show up yet. can you please check if everything is alright with it?,5,balance_not_updated_after_bank_transfer
why must i prove id,69,verify_my_identity
how can i get my google pay top up to work?,2,apple_pay_or_google_pay
why is my top-up still outstanding?,47,pending_top_up
if i need more than cards will i have to pay a fee to receive them?,39,getting_spare_card
atm is broken. it did not give me the full amount (30 pounds.) i'm standing here with only 10 pounds and it's telling me it gave me 30 pounds. i need assistance now!,75,wrong_amount_of_cash_received
why isn't my id being verified?,68,unable_to_verify_identity
my card payment is showing pending however this transaction was a couple of days ago. is there a reason why it it still pending?,45,pending_card_payment
can i trace where my funds came from?,70,verify_source_of_funds
i transferred money but the balance did not update.,5,balance_not_updated_after_bank_transfer
how much does it cost to exchange currencies?,31,exchange_charge
this stupid system is not letting me prove my identity.,68,unable_to_verify_identity
i put money in my account a week ago but its still not there?? what happened to my money?,6,balance_not_updated_after_cheque_or_cash_deposit
how long does the cash withdrawal take to pend?,46,pending_cash_withdrawal
are there ways to transfer money into my account?,65,transfer_into_account
why is my physical card not working?,14,card_not_working
totally unacceptable. i'm stranded with no cash because the atm wouldn't give me any money!,26,declined_cash_withdrawal
what flat currencies do you support for holding and exchange?,36,fiat_currency_support
will declined funds i tried to withdraw be returned to me?,75,wrong_amount_of_cash_received
what is this extra fee while i was doing a transfer?,64,transfer_fee_charged
i do not think the pop up went through yet.,47,pending_top_up
i sent a payment but it isn't showing up in the app,66,transfer_not_received_by_recipient
what's the minimum age for opening an account?,1,age_limit
what places accept my card?,10,card_acceptance
why was my cash withdrawal declined?,26,declined_cash_withdrawal
if i need gbp instead of aud what do i do?,33,exchange_via_app
can i make transactions before identity verification is complete?,74,why_verify_identity
what are the rules for using disposable virtual cards?,29,disposable_card_limits
any charges applicable for new card?,23,contactless_not_working
help me access the card i already got so i can information from it.,13,card_linking
what should i do if i have used all of my pin tries?,49,pin_blocked
"there was an extra fee when i paid with my card, why was i charged this extra fee?",15,card_payment_fee_charged
my transfer failed. help!,35,failed_transfer
what do i need to bring for identification?,68,unable_to_verify_identity
if i top up using a european card is there a charge?,57,top_up_by_card_charge
i lost my phone. can i use my card without the app?,42,lost_or_stolen_phone
what is the handling fee for transfer?,56,top_up_by_bank_transfer_charge
can currencies be exchanged on this app?,33,exchange_via_app
is there a limit when using auto top-up?,4,automatic_top_up
currency exchanges have any extra fees?,31,exchange_charge
can i have money transferred into my account at different intervals along my trip?,4,automatic_top_up
how do i unblock my pin?,49,pin_blocked
how do i change my name?,30,edit_personal_details
i want one of those virtual cards!,40,getting_virtual_card
how do i link an existing card?,13,card_linking
why can't i see my pin?,38,get_physical_card
can i make online purchases with my card?,10,card_acceptance
help me obtain a virtual card,40,getting_virtual_card
why do you need to know so much about me for my account?,74,why_verify_identity
can i get another card?,39,getting_spare_card
who should i talk to or go to resolve a duplicate charge on my statement?,63,transaction_charged_twice
"when exchanging currencies, is there an extra fee?",31,exchange_charge
i could not transfer to a beneficiary,7,beneficiary_not_allowed
there is a transaction showing up several times.,63,transaction_charged_twice
"lost phone, can i still access account?",42,lost_or_stolen_phone
where do i order a disposable virtual card?,37,get_disposable_virtual_card
i'm not sure why my card didn't work,25,declined_card_payment
"what's going on with the top-up? all it says is pending, pending, pending! i use your service several times a week and have never had a problem before! what's going on here?",47,pending_top_up
when shipped to the us how long is delivery time?,12,card_delivery_estimate
help me figure out why my transfer was declined,27,declined_transfer
why doesn't it work when i use american express to try to add money to my account?,54,supported_cards_and_currencies
how long does it take for a payment to go thru? i made one a few days ago and it has not been cleared yet.,45,pending_card_payment
can you tell me why my card isn't letting me make purchases online? it's been 2 weeks i've been trying.,53,reverted_card_payment?
i misplaced my card and i dont know where the last place is where i used the card last. can you look at my account and tell me the last place i used the card?,41,lost_or_stolen_card
how do i get a refund for an unauthorized direct debit payment?,28,direct_debit_payment_not_recognised
"to deliver to the us, how long will it take?",12,card_delivery_estimate
why did using an atm cause me to have an extra fee charged?,19,cash_withdrawal_charge
how can i get paid in a different currency?,50,receiving_money
i have a service fee that i've never seen before. it showed up after i bought something from an international seller online.,64,transfer_fee_charged
"hi, my card withdrawal was declined this morning. it was working fine till yesterday. please check and inform me.",26,declined_cash_withdrawal
there are transactions that i don't recognize. what do i do if i think someone is using my card?,22,compromised_card
how do i report my card as lost or stolen?,41,lost_or_stolen_card
how can i add money to my account if you don't accept cash,58,top_up_by_cash_or_cheque
"a wd was just made on my account, but it was not me and i still have my card. what to do?",20,cash_withdrawal_not_recognised
where can i deposit cash to top up?,58,top_up_by_cash_or_cheque
i need to transfer funds from china and quick expedition is crucial. approximately how long does it take for a transfer from china to go through?,67,transfer_timing
"when i got cash, i'm pretty sure there was a glitch that overcharged me.",19,cash_withdrawal_charge
i entered my pin in wrong and got it frozen. how many tries do i have,26,declined_cash_withdrawal
what's a verification code?,71,verify_top_up
can i have it by a certain date?,12,card_delivery_estimate
"how long does it typically take a transfer to go through? i sent some money to a friend earlier today, and she really needs it. it still is a pending transfer, even though i sent it a few hours ago.",66,transfer_not_received_by_recipient
do i have an option between visa and mastercard?,73,visa_or_mastercard
what happened to my top-up? i think it was cancelled.,61,top_up_reverted
how can my friends top up my account?,62,topping_up_by_card
i've been waiting for a refund to show up and i don't see it on my statement yet.,51,Refund_not_showing_up
there is an odd 1£ charge that appears as pending on my statement. what's the reason for that? i haven't purchased anything for a pound.,34,extra_charge_on_statement
"i tried to get money out of the notting hill atm earlier, but i wasn't able to get anything out. is there a problem with my card? it's the first time i tried using it.",26,declined_cash_withdrawal
do i have a limit to the number of top-ups per day?,60,top_up_limits
what are the limitations on the disposable cards?,29,disposable_card_limits
i can't find the pin.,38,get_physical_card
how do i go about cancelling a transaction?,8,cancel_transfer
"is there something wrong with my top up i did an hour ago? it's still pending. i need that money, i cant afford to wait or have it come back to me.",47,pending_top_up
my top up isnt there yet where do i find it,62,topping_up_by_card
i'm panicking! i lost my card! help!,41,lost_or_stolen_card
are there any extra fees for adding money into the international card?,57,top_up_by_card_charge
how do i exchange usd to gbp?,33,exchange_via_app
is there anywhere my card will not be accepted?,10,card_acceptance
i am from x but am traveling to y - how do i get currency for y?,33,exchange_via_app
"there is a fee for a transfer, please explain that to me.",64,transfer_fee_charged
are there fees for top ups?,57,top_up_by_card_charge
i see a direct debit transaction in the app that is not mine,28,direct_debit_payment_not_recognised
what steps do i do to get a real card,43,order_physical_card
i went tot the atm earlier today and didn't realize this till now but i did not get all the money i requested. i believe my account was charged for 100 but i only got 80. is there any way we can solve this problem?,75,wrong_amount_of_cash_received
why has my card been declined?,25,declined_card_payment
"i need to use a european card for a top up, what will the charge be?",57,top_up_by_card_charge
is it free for top ups?,57,top_up_by_card_charge
i want to terminate my account,55,terminate_account
there is a payment showing as pending and hasn't posted for a few days. when will it post?,45,pending_card_payment
my friends would like to add to my account. what is the procedure?,62,topping_up_by_card
"my card is stuck inside the atm, what am i supposed to do?",18,card_swallowed
can my friend send me money?,50,receiving_money
can i add to my account using a cheque?,58,top_up_by_cash_or_cheque
what foreign exchange rate will i get on weekdays and on the weekends?,32,exchange_rate
what is happening? i have tried to transfer money 5x already. is the system down? this shouldnt be happening as this is a basic transfer.,35,failed_transfer
why do you need me to verify who i am?,74,why_verify_identity
i need to top-up my card today urgently but my card keeps getting declined!! can you please resolve this problem or let me know if you have any alternatives,59,top_up_failed
what is the fee for accepting money from a foreign country?,31,exchange_charge
questionable transactions on my account.,22,compromised_card
please delete my account right now!,55,terminate_account
why does my account have a pending cash withdrawal?,46,pending_cash_withdrawal
could you please put a freeze on my card? there are some payments on it that i don't know where they came from.,16,card_payment_not_recognised
can i change my pin number at a cash machine?,21,change_pin
what is minimum age for an account?,1,age_limit
is exchanging currencies one of your app services?,33,exchange_via_app
what are the age requirements for service?,1,age_limit
how many transactions can i do with a disposable card?,29,disposable_card_limits
my app shows cash i didn't get.,20,cash_withdrawal_not_recognised
why is the payment showing as pending from things i bought this morning?,45,pending_card_payment
why is there a fee for a payment on my card?,15,card_payment_fee_charged
where can i get a physical card?,43,order_physical_card
how much is it to receive money?,56,top_up_by_bank_transfer_charge
can i order a new card? mine is about to expire.,9,card_about_to_expire
what information do you need to verify my source of funds?,70,verify_source_of_funds
how do you exchange currencies,33,exchange_via_app
is topping up unlimited?,60,top_up_limits
do you know the reason why my card payment was declined?,25,declined_card_payment
i need my card quickly,12,card_delivery_estimate
i want to revert this mornings transaction.,8,cancel_transfer
am i going to be charged for receiving money?,56,top_up_by_bank_transfer_charge
how do i delete my account? i am dissatisfied with the service.,55,terminate_account
what is this cash withdrawal i don't recognize?,20,cash_withdrawal_not_recognised
"how long does it take for transfers to be approved? i sent funds to my girlfriend, and she says that she has not seen any approved funds in her account.",66,transfer_not_received_by_recipient
"i transferred money to a receiver within the eu and they received a lesser amount than expected. now i will have to send additional money to the receiver in order to make up the difference. i'm not sure what went wrong, can you please advise?",64,transfer_fee_charged
i have a card payment that i don't recognize. what should i do?,16,card_payment_not_recognised
i entered the correct pin but i still couldnt get funds.,26,declined_cash_withdrawal
is there a limit to the number of disposable cards i can have?,29,disposable_card_limits
is there a mastercard atm nearby?,3,atm_support
how can i get it to add money automatically while travelling,4,automatic_top_up
i think i have an extra transfer charge.,64,transfer_fee_charged
please cancel the transfer i just made. i put in the wrong account number and can't seem to stop it on the app.,8,cancel_transfer
i am having trouble to verify my identity,68,unable_to_verify_identity
i'm not okay with this fee on my statement.,34,extra_charge_on_statement
there was an unexpected fee for my cash withdrawal!,19,cash_withdrawal_charge
my transfer into my account isn't showing up.,5,balance_not_updated_after_bank_transfer
someone took my card without permission,41,lost_or_stolen_card
when i exchanged currencies the value of my money changed.,76,wrong_exchange_rate_for_cash_withdrawal
"my statement shows a 1£ purchase pending. i do not remember making this purchase, please let me know what this is about.",34,extra_charge_on_statement
i added money to the card but the transaction didn't go through,47,pending_top_up
i've tried using my contactless in several locations today and it's not working anywhere. it seemed fine before. how do i get it to work again?,23,contactless_not_working
why do you need so much information about my identity?,74,why_verify_identity
"i'm having issues with my card. you guys keep declining it for some reason. i haven't had any issues up until this point. what is going on? i've tried a handful of times with the same, unfortunate, result!",27,declined_transfer
can i use app to freeze account and dispute fraud?,22,compromised_card
do i have to do an identity check?,74,why_verify_identity
someone took my card without my permission.,41,lost_or_stolen_card
is it possible to link a new card?,13,card_linking
why would my transfer result in a decline message?,27,declined_transfer
where can i use my card?,10,card_acceptance
"if i lost my phone, what steps do i need to take to stop someone from using my account?",42,lost_or_stolen_phone
if im not using my account should i close it or just let it sit,55,terminate_account
what happens when i am charged twice?,63,transaction_charged_twice
how can i get my card out of the damn atm?,18,card_swallowed
why am i being charged a fee for transferring money ?,64,transfer_fee_charged
i finally got my card. now i want to link it. is that something you have to do or can i do that?,13,card_linking
i want to create a new pin.,21,change_pin
do you offer services that hold money in different types of currency?,36,fiat_currency_support
"i need to top up cash, how do i do it?",58,top_up_by_cash_or_cheque
are there specific atm's that i can draw money from?,3,atm_support
i just made a top-up but it shows as pending! i use your service all the time and have never had a problem before. why does it keep showing up as pending?,47,pending_top_up
"i want to hold and exchange fiat currencies, what can i use to do so?",36,fiat_currency_support
i am trying to complete a transfer but i keep getting an error message.,7,beneficiary_not_allowed
for some reason my contactless has stopped working. i don't know what the problem is. what can i do?,23,contactless_not_working
there is random cash in my account.,20,cash_withdrawal_not_recognised
people are using my debit card - help!,28,direct_debit_payment_not_recognised
i tried to withdraw cash from the atm machine and it did not work. can you tell me why?,26,declined_cash_withdrawal
i am having an issue with an in country transfer i did a few days ago. it has yet to appear in my account. i have checked to be sure that all account information is correct multiple times. what is taking the transfer so long?,66,transfer_not_received_by_recipient
i submitted a transaction to the incorrect account.,8,cancel_transfer
where can i find my card pin?,38,get_physical_card
"i initiated a payment a while ago and it is still showing as ""pending"", how long will it take to clear?",45,pending_card_payment
i'd like to delete my account.,55,terminate_account
"my card has been pending for a while, what should i do?",45,pending_card_payment
is there a way to do automatic top up,4,automatic_top_up
i can't find my code,44,passcode_forgotten
"hello, please look into this matter urgently. as i have lost my wallet and i can see one withdrawal, now i do not want to loose more money.",20,cash_withdrawal_not_recognised
how long until transfers complete?,48,pending_transfer
how many days processing new card?,23,contactless_not_working
why hasn't the transaction i did arrive yet?,66,transfer_not_received_by_recipient
"i'm going on a trip soon and i needed to convert my russian ruble to uk pounds, but when i did, your company charged me above the exchange rate. did you mess up my transaction?",17,card_payment_wrong_exchange_rate
what are ways to test why my card might not be working?,14,card_not_working
where do i find my pin?,38,get_physical_card
what do i do if i believe to be a victim of credit card fraud?,22,compromised_card
can i pay for my gas using my apple watch?,2,apple_pay_or_google_pay
"i am using the app, and i see cash withdrawals that i did not authorize.",20,cash_withdrawal_not_recognised
i don't have the means to prove my identity.,68,unable_to_verify_identity
i want to use a payment card to top up my account. how can i do this?,54,supported_cards_and_currencies
"i just saw the exchange rate you use, but it's so bad that i can't believe that it's the official interbank exchange rate! is this truly the official interbank exchange rate?",17,card_payment_wrong_exchange_rate
"i deposited cash into my account a week ago and it is still not available, please tell me why? i need the cash back now.",6,balance_not_updated_after_cheque_or_cash_deposit
if i have a physical card can i link it?,13,card_linking
let me know when i get charged extra for payments. i saw on the app a fee i wasn't forewarned about.,15,card_payment_fee_charged
hello i have a uk account. can you please check if everything is alright with it? i made a transfer a couple hours ago but it doesn't show up yet.,5,balance_not_updated_after_bank_transfer
"someone has stolen my card. even though i have my card with me, someone just made a 500£ cash withdrawal. please help as soon as possible.",20,cash_withdrawal_not_recognised
the atm wouldn't allow me to withdraw money,26,declined_cash_withdrawal
what are the details of disposable card limitations?,29,disposable_card_limits
my card payment wasn't declined,25,declined_card_payment
i would like to edit my personal information .,30,edit_personal_details
top up is not working even though i have my amex in apple pay.,2,apple_pay_or_google_pay
my withdrawal was cancelled.,26,declined_cash_withdrawal
how do i protect my phone from someone using it after i lost it.,42,lost_or_stolen_phone
"my transfer was wrong, are you able to stop it before it goes through please?",8,cancel_transfer
"my pin number was incorrect, and i can't access it.",49,pin_blocked
i got married and need to change my name.,30,edit_personal_details
what went wrong when i tried to do my transfer?,35,failed_transfer
i managed to drunken block my card :(( help!,49,pin_blocked
the money that i have transferred hasn't arrived yet.,5,balance_not_updated_after_bank_transfer
is there somewhere i can send a check to add to my account?,58,top_up_by_cash_or_cheque
does the card you sent have a way to track to it?,11,card_arrival
how do i know how much money i will have when i travel abroad?,32,exchange_rate
the item i bought exchanged rate was incorrect.,17,card_payment_wrong_exchange_rate
"i made a mistake of transferring, can i cancel my previous transfer?",8,cancel_transfer
$1 charge in transaction.,34,extra_charge_on_statement
"hello, i was contacted by a seller who let me know my money didn't come through on their side. it most certainly came out of my account so i need this looked at immediately because now it has been returned to me!",53,reverted_card_payment?
i need a transfer cancelled.,8,cancel_transfer
how can i use thereto-top option?,4,automatic_top_up
should i reinstall the payment app?,23,contactless_not_working
my refund for a purchase hasn't cone through yet.,51,Refund_not_showing_up
my card has not come in the mail yet.,11,card_arrival
i want a mastercard,73,visa_or_mastercard
the atm did not give me as much cash as i requested.,75,wrong_amount_of_cash_received
will you charge me more if i top up with an international card?,57,top_up_by_card_charge
my top-up has been reverted and i would like to know why.,61,top_up_reverted
why isn't a recent refund on my statement?,51,Refund_not_showing_up
on my last transaction it seem that my top-up was not successful.,61,top_up_reverted
"my card couldn't complete a transfer, why?",35,failed_transfer
why hasn't my payment gone through?,45,pending_card_payment
why is there a verification to identity,74,why_verify_identity
are cards delivered to my location?,43,order_physical_card
i transferred money to my account but it is not showing.,5,balance_not_updated_after_bank_transfer
"i topped up by card a while ago and it's still pending, surely it should be done by now?",47,pending_top_up
i topped up but the app reverted it,61,top_up_reverted
when will my balance reflect a deposit?,6,balance_not_updated_after_cheque_or_cash_deposit
what is the exchange rate like on this app?,32,exchange_rate
can i set my own top-up limit?,60,top_up_limits
how is the top-up card verified?,71,verify_top_up
how can it be that my card is not functioning anymore?,14,card_not_working
my friend has not got the money i sent last week.,66,transfer_not_received_by_recipient
"i tried and tried, but i could not complete my transfer. tell me what is wrong.",35,failed_transfer
"on a card payment, why is there a fee?",15,card_payment_fee_charged
is there a strict timeline regarding disputing transactions made on my account? i just noticed a fraudulent charge on a statement from a couple months ago.,28,direct_debit_payment_not_recognised
where can i located the auto top up function?,4,automatic_top_up
can you tell me the cost of a transfer?,56,top_up_by_bank_transfer_charge
"one of my card payments, i don't recognise the name of the merchant.",16,card_payment_not_recognised
am i able to track the card that was just sent to me?,11,card_arrival
where are the cards transported to?,43,order_physical_card
how do i change my name after marriage,30,edit_personal_details
i need to terminate my account immediately.,55,terminate_account
can i get an account for my daughter?,1,age_limit
do you support other currencies?,36,fiat_currency_support
what exchange rates do you use?,32,exchange_rate
the app reverted my top up,61,top_up_reverted
"i have made 5 attempts to make a very standard survey, yet i can't get it to work. what is the problem? is there an issue related to your system?",35,failed_transfer
can i get a card despite the fact i'm not in the uk?,24,country_support
why does the app show a direct debit payment that i did not authorize,28,direct_debit_payment_not_recognised
"card is lost, please help",41,lost_or_stolen_card
are there specific atm's i can use with this card?,3,atm_support
where in the app can i find my pin?,38,get_physical_card
please give me both a visa and a mastercard.,73,visa_or_mastercard
i found a transfer fee - is that correct?,64,transfer_fee_charged
there is an important thing from china that i need to transfer. approximately how long will this take?,67,transfer_timing
it has been forever ago that i made an order online. the product simply is not coming. just give me back my money because i'm not paying these people.,52,request_refund
how do i top up my account with a bank transfer?,65,transfer_into_account
can i have a spare card for this account please?,39,getting_spare_card
are new cards available from china?,9,card_about_to_expire
where can i find the card pin?,38,get_physical_card
help please! my rent payment is coming out tomorrow and i made a payment mistake yesterday! can you put in in the correct account?,8,cancel_transfer
why was my transfer charged fees?,64,transfer_fee_charged
do you provide currency exchange to euros?,36,fiat_currency_support
why doesn't my card work for any transactions?,14,card_not_working
my account is new why can i not top up,47,pending_top_up
make me understand why i am charged an extra fee when i use the atm.,19,cash_withdrawal_charge
do you give refunds?,52,request_refund
still waiting on a refund.,51,Refund_not_showing_up
how do i change my account details?,30,edit_personal_details
where do i find the top-up verification code?,71,verify_top_up
"hi, i sent my landlord my rent money a few days ago and while everything seems good on my end he says that he never got the money. i double checked the account number and it's correct. can you help me figure this out?",66,transfer_not_received_by_recipient
i don't recognize the direct debit payment on my account.,28,direct_debit_payment_not_recognised
what do i need to do to perform identity checks?,69,verify_my_identity
what do i do about my expired card?,9,card_about_to_expire
please help me change my pin.,21,change_pin
what currencies can i hold money in?,36,fiat_currency_support
i've tried completing a very standard transfer and have already attempted it 5 times. what's going on here? is there a problem with your system?,35,failed_transfer
can i get a refund?,52,request_refund
how can i find the top-up verification code?,71,verify_top_up
when will my top-up be completed?,47,pending_top_up
"my card is stuck in the atm, what can i do?",18,card_swallowed
i cannot withdraw money from the atm,26,declined_cash_withdrawal
why could i not get cash?,26,declined_cash_withdrawal
can i use cash to top up my account?,58,top_up_by_cash_or_cheque
i am waiting for a payment to be processed,45,pending_card_payment
"my card payment reverted back, i think.",53,reverted_card_payment?
"i usually don't get charged for transfers, why was i this month?",64,transfer_fee_charged
what are the charges if i exchange foreign currency?,31,exchange_charge
please help me! my physical card isn't working right.,14,card_not_working
i made a transfer and they haven't received the money i sent them.,66,transfer_not_received_by_recipient
my contactless stopped working today no matter where i try to use it. how do i get it to start working again?,23,contactless_not_working
what are the charges for us cards with top up.,57,top_up_by_card_charge
can i get a refund on an item?,52,request_refund
when does the money get transferred to my account,67,transfer_timing
is there an age limit to when my child can use these services?,1,age_limit
"i need support options, i want to top my card",54,supported_cards_and_currencies
from which age can my kids use your service?,1,age_limit
what are the guidelines for the disposable cards?,29,disposable_card_limits
"i submitted a cheque couple of days ago, nothing happened to my account yet.what could be the possible issue?",6,balance_not_updated_after_cheque_or_cash_deposit
how do i exchange currencies with this,33,exchange_via_app
my statement shows different transaction times.,63,transaction_charged_twice
i tried to get $100 but i just got $20,75,wrong_amount_of_cash_received
what exchange rates do you offer?,32,exchange_rate
i don't see me 'top up' in my wallet,62,topping_up_by_card
can you look into my top up please. i made it over three hours ago and yet it's still pending.,47,pending_top_up
is my card actually working? it's the first time i tried using it,26,declined_cash_withdrawal
what is the time frame for european transfers?,67,transfer_timing
can i have it add money automatically in certain intervals?,4,automatic_top_up
can i add to my account balance with a cheque?,58,top_up_by_cash_or_cheque
i'd like to use cash to top up. how do i find that option?,58,top_up_by_cash_or_cheque
should i order a new card before i freeze my original one?,22,compromised_card
how can i transfer money into my account?,65,transfer_into_account
a seller is stating that they haven't received money yet when the money has already deducted from my account.,53,reverted_card_payment?
when will i receive the cash payment from the check i deposited?,6,balance_not_updated_after_cheque_or_cash_deposit
i was under the impression i can make transfers for free. i made an online purchase for something that was obroad and there's some additional strange fee. i've never seen this before and this isn't fair.,64,transfer_fee_charged
something is wrong with my passcode,44,passcode_forgotten
why wasn't my bank balance updated?,5,balance_not_updated_after_bank_transfer
what businesses can i use this card with?,10,card_acceptance
why is my top up still pending?,47,pending_top_up
i have a direct debit that i did not set up,28,direct_debit_payment_not_recognised
how do i see my source of funds?,70,verify_source_of_funds
where are the cards delivered to,43,order_physical_card
will there be extra charges regarding to adding money into my international card?,57,top_up_by_card_charge
"okay, i found my card, can i put it back in the app?",13,card_linking
what is the expected delivery date of my card?,11,card_arrival
"hi, my money has not been credited to my account for which i have sent you cheque few days before. i am worried about the money please let me know the status.",6,balance_not_updated_after_cheque_or_cash_deposit
please check my payment from last saturday as i feel i have been overcharged on the exchange rate. thank you.,17,card_payment_wrong_exchange_rate
what do i have to do to get a visa credit card?,73,visa_or_mastercard
i noticed that there was an extra charge fee on my account. could you explain to me why?,64,transfer_fee_charged
i don't remember my passcode?,44,passcode_forgotten
can the card was sen to me be tracked?,11,card_arrival
is it possible for me to give my daughter a second card for this account?,39,getting_spare_card
i am having a problem with verifying my identity.,68,unable_to_verify_identity
i can't recall my password.,44,passcode_forgotten
what are the fees for top-ups?,56,top_up_by_bank_transfer_charge
the refund on my account hasn't shown up,51,Refund_not_showing_up
can i use apple pay to top-up?,2,apple_pay_or_google_pay
i want to cancel a transaction.,8,cancel_transfer
why did my cash deposit not show up?,6,balance_not_updated_after_cheque_or_cash_deposit
"i need a disposable virtual card, how do i get one?",37,get_disposable_virtual_card
what should i do if i can't prove my identity.,68,unable_to_verify_identity
can i get an item refunded?,52,request_refund
i am quite aggravated that i ordered online almost a month ago and i never got my package and i paid for it. i would really appreciate it if i could get a full refund back now.,52,request_refund
i bough an item and the exchange rate was incorrect.,17,card_payment_wrong_exchange_rate
my atm cash out is still pending,46,pending_cash_withdrawal
why has my card been declined? whats the deal?,25,declined_card_payment
how do i link a new payment card?,13,card_linking
i am reluctant to use atms international because i don't get an accurate exchange rate,76,wrong_exchange_rate_for_cash_withdrawal
how many different cards can i have for my account?,39,getting_spare_card
help my activate my card.,0,activate_my_card
i lost my phone and need help securing it.,42,lost_or_stolen_phone
i am still waiting for a money transfer to show,48,pending_transfer
is it possible to exchange usd and gbp on the app?,33,exchange_via_app
my disposable virtual card wouldn't process my payment?,72,virtual_card_not_working
contactless isn't working for me,23,contactless_not_working
what do i do to stop unauthorized transactions on my card? i was never in the place from which the transactions on my bill were made and i never made them. please help!,22,compromised_card
could you assist me in finding my lost card?,41,lost_or_stolen_card
i'm not recognizing the card payment.,16,card_payment_not_recognised
"i want a mastercard, instead.",73,visa_or_mastercard
is there an extra fee to exchange currencies?,31,exchange_charge
how do i find top up for cash deposit,58,top_up_by_cash_or_cheque
i've tried using my card multiple times and it keeps getting declined.,25,declined_card_payment
"i tried topping off my account with a card, but the money is not in my account despite the charge going through",62,topping_up_by_card
i can't withdraw any money from my account. ive tried a couple different atm machines and both of them wouldn't give me my money. what's going on? is my account frozen or something?,26,declined_cash_withdrawal
"i still haven't received my card after two weeks, is it lost?",11,card_arrival
how do you determine your exchange rates because one of yours was off when i got cash,76,wrong_exchange_rate_for_cash_withdrawal
when will my transfer move from pending to confirmed?,48,pending_transfer
how do i verify my top up?,71,verify_top_up
are there a certain amount of transactions i can do with one disposable card?,29,disposable_card_limits
how do i change the details in my account?,30,edit_personal_details
"i am overseas in china, can i get a replacement card?",9,card_about_to_expire
"i asked for a refund last week but nothing has happened yet, can you help me please?",51,Refund_not_showing_up
"if my salary is in gbp, do i need to do something?",50,receiving_money
need to verify source of funds,70,verify_source_of_funds
what is the fee to receive money?,56,top_up_by_bank_transfer_charge
where do i have access to a virtual card?,40,getting_virtual_card
i have an unfamiliar direct debit in my statement.,28,direct_debit_payment_not_recognised
"i would like to exchange currencies, but is there an extra charge to do so?",31,exchange_charge
how does your app transfer the money,65,transfer_into_account
i can't upload my identification.,68,unable_to_verify_identity
how do i finalize a card payment,45,pending_card_payment
why is the atm not allowing me to get cash?,26,declined_cash_withdrawal
"for physical cards, do you charge?",43,order_physical_card
are there top up charges for us cards?,57,top_up_by_card_charge
why would my transfer be declined?,27,declined_transfer
i want to top up by card,62,topping_up_by_card
please delete my account.,55,terminate_account
i have a missing refund,51,Refund_not_showing_up
the wrong exchange rate applied to my cash withdrawal.,76,wrong_exchange_rate_for_cash_withdrawal
the app is showing mt withdrawals that aren't mine.,20,cash_withdrawal_not_recognised
"i didn't get cash from an atm, but according to the app a transaction was made when i didn't make it.",20,cash_withdrawal_not_recognised
"i received the wrong color and size, can i return it?",52,request_refund
i want to change my pin.,21,change_pin
"i just tried to top-up and now i'm getting an additional verification message, why?",71,verify_top_up
"so my top-up failed, could you tell me why?",59,top_up_failed
"my card payment is just showing up as pending since forever, what's going on with that, it should be going through at some point?",45,pending_card_payment
i paid with card and i think there was a fee applied.,15,card_payment_fee_charged
"ive been trying to use my card for two weeks now to purchase somethings online but nothing is going through. it keeps returning my payment to my account. there shouldn't be anything wrong with my account, is it the card?",53,reverted_card_payment?
explain why my top up would be reverted.,61,top_up_reverted
i seem to be having trouble with my google pay top. can you please help?,2,apple_pay_or_google_pay
"if i need to do a quick transfer from china, how long should i expect the transfer to take?",67,transfer_timing
i bought an item that i was charged a different exchange rate for.,17,card_payment_wrong_exchange_rate
do you have support for flat currencies?,36,fiat_currency_support
are there limits with top-up?,60,top_up_limits
can i get my card fast tracked?,12,card_delivery_estimate
what do i need to do to transfer my paycheck to my account?,50,receiving_money
what do you require for identification verification?,69,verify_my_identity
can you please explain the topping up transfer process?,65,transfer_into_account
i found my card! can i link it back into the app?,13,card_linking
"why wasn't it obvious that you charge for payments? if you put the fees in an easy to read format, this could have been avoided.",15,card_payment_fee_charged
"i still have not received my new card, i ordered over a week ago.",11,card_arrival
could you please tell me why my card payment didn't work?,25,declined_card_payment
where is the card i ordered 2 weeks ago?,11,card_arrival
i have been charged a fee that i didn't know about. why have you charged me extra for card payments?,15,card_payment_fee_charged
my top up card needs verification and i don't know how to do it,71,verify_top_up
i paid with my card and was charged extra,15,card_payment_fee_charged
what is the $1 transaction on my account?,34,extra_charge_on_statement
how much does it cost for additional cards?,39,getting_spare_card
what's the pending length for credit transactions? i've had one in my pending category now for days and it won't move to processed.,45,pending_card_payment
what information do i need to see my source of money?,70,verify_source_of_funds
is my pin the same thing as my passcode?,38,get_physical_card
did i not get my refund? i don't see it.,51,Refund_not_showing_up
what countries do you operate in?,24,country_support
i am not able to use the app since i forgot my phone at the hotel i was staying at.,42,lost_or_stolen_phone
help me! i lost my card. what should i do?,41,lost_or_stolen_card
which fiat currencies are supported?,36,fiat_currency_support
could you help my figure out the exchange fee?,31,exchange_charge
"the balance has not changed, but i have deposited some money",6,balance_not_updated_after_cheque_or_cash_deposit
$20 came out instead of $100,75,wrong_amount_of_cash_received
my phone is lost. what do i do to prevent someone from using the app?,42,lost_or_stolen_phone
i don't know if i made this payment on my card.,16,card_payment_not_recognised
what is the solution of this problem,11,card_arrival
what's the process to receive a second card?,39,getting_spare_card
how can the money machine keep my card what do i need to do?,18,card_swallowed
is there such thing as top up by cheque?,58,top_up_by_cash_or_cheque
what can i do to make my physical card work?,14,card_not_working
i got charged fees for withdrawing cash!,19,cash_withdrawal_charge
can you give me a visa?,73,visa_or_mastercard
can you express my card to me?,12,card_delivery_estimate
does it cost to add money to my card?,57,top_up_by_card_charge
i couldnt get cash in an atm,26,declined_cash_withdrawal
please help me delete this account.,55,terminate_account
what's the refund process?,52,request_refund
i purchased something in a foreign currency but the rate applied is wrong,17,card_payment_wrong_exchange_rate
how do i get a refund for an item i bought?,52,request_refund
is it possible for me to top up with a cheque?,58,top_up_by_cash_or_cheque
"next month my card will expire, do i need to order a new one?",9,card_about_to_expire
if i can't choose my card type will i be able to use it everywhere?,73,visa_or_mastercard
i can't find how to top up my account with a check. where is that?,58,top_up_by_cash_or_cheque
"i want to reactivate my card, i found it after thinking it was lost.",13,card_linking
how can i fix a problem where contactless isn't working?,23,contactless_not_working
what is the purpose for verifying my identity?,74,why_verify_identity
the amount of exchange was not correct for the item i bought.,17,card_payment_wrong_exchange_rate
how long until my transfer will be available to me,5,balance_not_updated_after_bank_transfer
"i am dissatisfied, i would like to close my account.",55,terminate_account
do i need to re-apply to order a new card when my old one's about to expire?,9,card_about_to_expire
i noticed on my online statement that an atm withdrawal i made early is still pending. is this accurate?,46,pending_cash_withdrawal
do you do visa or mastercard?,73,visa_or_mastercard
i didn't take out money from an atm but my app statement shows that i did. how can i fix this?,20,cash_withdrawal_not_recognised
is there a fee to exchange currency?,31,exchange_charge
i go the wrong exchange rate applied to my purchase in a foreign country.,17,card_payment_wrong_exchange_rate
"i tried to take out cash but the amount isn't right, so what do i do?",75,wrong_amount_of_cash_received
my source of funds require verification.,70,verify_source_of_funds
how do i cancel a transfer?,8,cancel_transfer
top up by my card is that possible?,62,topping_up_by_card
i'm checking the app and i see a payment that's not mine.,16,card_payment_not_recognised
i didn't withdraw the amount of cash that is showing up in the app.,20,cash_withdrawal_not_recognised
what is the greatest number of times that i can top-up?,60,top_up_limits
where can i find the virtual card?,40,getting_virtual_card
how long does it take for a purchase to go from pending to authorised?,45,pending_card_payment
my transfer seems to be too expensive.,64,transfer_fee_charged
price of physical card,43,order_physical_card
are there restrictions on new cards in china?,9,card_about_to_expire
can you unblock my account? i entered the pin wrong.,49,pin_blocked
there is a payment with my card which i definitely did not do.,16,card_payment_not_recognised
i keep checking my statements but nothing shows up.i requested a refund a long time ago but seems like it's not submitting my account for some reason. can you please help me get the money back from the seller for me,51,Refund_not_showing_up
how do i get my pin unlocked?,49,pin_blocked
where can i see the source of my money?,70,verify_source_of_funds
do top-ups have limits?,60,top_up_limits
my transfer was rejected,27,declined_transfer
why was i denied the option to transfer money to a selected beneficiary?,7,beneficiary_not_allowed
my card is missing.,41,lost_or_stolen_card
do you have a list of countries you operate in?,24,country_support
what is the meaning of a pending payment?,45,pending_card_payment
can you show me how to top up with google play?,2,apple_pay_or_google_pay
i've tried my card a bunch of times and it never worked.,14,card_not_working
"i have made a payment by my card, and its still pending since a long time. could you please tell me when it will process.",45,pending_card_payment
i made this payment days ago so why hasn't it gone through yet?,45,pending_card_payment
the recipient doesn't see the money transaction i made,66,transfer_not_received_by_recipient
i thought it was free to make a withdrawal. so how much does it cost now?,19,cash_withdrawal_charge
how long will it take my card to get here?,12,card_delivery_estimate
i have a transfer that was declined.,27,declined_transfer
"i was charged a fee when withdrawing cash, can you explain why?",19,cash_withdrawal_charge
how do i delete my account?,55,terminate_account
why won't cash come out of the atm?,26,declined_cash_withdrawal
who do i make a check out to if i want to top off my account?,58,top_up_by_cash_or_cheque
i exchange my currency quite a bit. do i get an exchange price break?,31,exchange_charge
how long should a cheque deposit take to show? my account hasn't updated and i want to make sure everything is okay.,6,balance_not_updated_after_cheque_or_cash_deposit
how can i open an account for my children?,1,age_limit
"i attempted to top up using my card, but now the money just disappeared?",62,topping_up_by_card
i made a cash withdrawal earlier and it's showing as pending. what does that mean?,46,pending_cash_withdrawal
where is the top-up verification code sent?,71,verify_top_up
my card broke.,14,card_not_working
i thought you guys offered free transfers. why was i charged?,64,transfer_fee_charged
i recently made a transfer but i need to cancel it as soon as possible. please let me know when this happens.,8,cancel_transfer
why are all my card payments being declined?,25,declined_card_payment
what is the activation process on my new card?,0,activate_my_card
"the atm will not let me get cash, why?",26,declined_cash_withdrawal
it looks like i was charged twice for a single transaction,63,transaction_charged_twice
"when i tried to pay for my bus ride, the contactless payment wouldn't work. how can i prevent this in the future?",23,contactless_not_working
i'm sure i have enough money so why didn't the store accept my card?,25,declined_card_payment
what proof of identification is needed?,69,verify_my_identity
the rate applied to my foreign currency at an atm was incorrect.,76,wrong_exchange_rate_for_cash_withdrawal
do you provide cards to people not in the uk?,24,country_support
how long does it take for money to transfer as my balance hasn't been updated,5,balance_not_updated_after_bank_transfer
why can't i complete the transfer?,35,failed_transfer
what should i do if i lost my card?,41,lost_or_stolen_card
how do i link my new card?,13,card_linking
can i order another card?,39,getting_spare_card
why do i still have a pending cash withdrawal?,46,pending_cash_withdrawal
i did a transfer earlier but see that it failed to go through.,35,failed_transfer
how long will my top-up be pending?,47,pending_top_up
my currency rate is inaccurate.,17,card_payment_wrong_exchange_rate
where do i go to add a new card?,13,card_linking
is there a reason that my payment didnt go through,25,declined_card_payment
the atm didn't give me enough money! i asked for more than it gave. what do i do?,75,wrong_amount_of_cash_received
"how long does a transfer to another country normally take? i check over and over again and see that my transfer is still pending. it's 2018, nothing should take this long. i have confirmed my account information, so there is no error. what is the hold up?",48,pending_transfer
"i want to reactivate my card, i thought i had lost it but found it again in my jacket this morning.",13,card_linking
what are the atms that will accept this card?,3,atm_support
my daughter need a card from this account. is that possible?,39,getting_spare_card
why has my card payment been reversed?,53,reverted_card_payment?
i can't get money out of the atm. is my card actually working? it's the first time i tried using it,26,declined_cash_withdrawal
"i need to change my name, since i just got married",30,edit_personal_details
my app says that i'm not verified.,68,unable_to_verify_identity
there is a direct debit charge on my account that i don't recognize.,28,direct_debit_payment_not_recognised
i entered my pin wrong too many times.,49,pin_blocked
why are you charging fees on cash withdrawals? i went to withdraw some money earlier today after buying groceries. there's a fee that wasn't there before.,19,cash_withdrawal_charge
talk me through modifying my details.,30,edit_personal_details
how do i go about ordering another card?,39,getting_spare_card
my card is being declined online. could you tell me what might be broken or wrong with the account?,27,declined_transfer
my transaction is still showing that is pending from my cash withdrawal.,46,pending_cash_withdrawal
what kind of currencies can i use to add money?,54,supported_cards_and_currencies
i live in portugal. do you operate here?,24,country_support
how do the foreign exchange rates work?,32,exchange_rate
why did the app deny my top up?,59,top_up_failed
"i transferred 7,000 to a receiver outside the eu and they received a lesser amount than what i sent, unfortunately, now i must send an additional transfer to the receiver so that they can receive the full amount i initially sent. i'm not sure why they received a lesser amount than what i initially sen, but can you please look into this and let me know what happened?",64,transfer_fee_charged
"no transactions are being accepted, what's wrong with my card?",14,card_not_working
i have a card payment i didn't make,16,card_payment_not_recognised
i need to withdraw money. where can i do that?,3,atm_support
i think someone may have cloned my card or something. my card isn't lost but i just saw a charge of $500 cash withdraw. can you help me?,20,cash_withdrawal_not_recognised
is there anywhere that a card cannot be delivered?,43,order_physical_card
"i think something went wrong, i didn't get the right amount.",75,wrong_amount_of_cash_received
i need your help immediately. there is a 500£ cash withdrawal that i know nothing about. i think my account has become compromised.,20,cash_withdrawal_not_recognised
do you ship your cards anywhere?,43,order_physical_card
"i am having issues using contactless payments, could my card be damaged?",23,contactless_not_working
i made a currency exchange and think i was charged more than i should of been.,17,card_payment_wrong_exchange_rate
there are automatic debits on my account that i did not make.,28,direct_debit_payment_not_recognised
where do i find the auto top up option?,4,automatic_top_up
is the a reason why my transfer has failed?,35,failed_transfer
i've just got married and want to change my name.,30,edit_personal_details
"my american express is in my apple pay and the top up is failing, why?",2,apple_pay_or_google_pay
can i tell if my top off didn't work? it doesn't seem to have.,59,top_up_failed
are there any fees to get additional cards?,39,getting_spare_card
how many days does it take for a transfer to go through?,67,transfer_timing
app doesnt think its me,68,unable_to_verify_identity
what credit cards do you carry,73,visa_or_mastercard
cash has been deposited this morning but it hasn't came through.,6,balance_not_updated_after_cheque_or_cash_deposit
my purchases from this morning are showing up as payment pending. can you tell me why?,45,pending_card_payment
what is my top-up limit?,60,top_up_limits
is my card payment reverted?,53,reverted_card_payment?
i am unable to get cash from the atm,26,declined_cash_withdrawal
i want to request a physical card,43,order_physical_card
i got a message that i cannot name x as a beneficiary.,7,beneficiary_not_allowed
do you have any age limit?,1,age_limit
tell my why my top-up is pending.,47,pending_top_up
is a bank transfer acceptable for topping up my account?,65,transfer_into_account
i want to know if there is a maximum i can top up.,60,top_up_limits
how can i dispute a direct debit transaction?,28,direct_debit_payment_not_recognised
how will i get my card?,12,card_delivery_estimate
how long does a european transfer take?,67,transfer_timing
how do i top up on my card?,62,topping_up_by_card
"my card was supposed to arrive, but hasn't?",11,card_arrival
what is this fee debit on my account?,34,extra_charge_on_statement
will you guys do visa or mastercard?,73,visa_or_mastercard
could i chose the date to have it delivered?,12,card_delivery_estimate
there is a withdrawal on my account i didn't make.,20,cash_withdrawal_not_recognised
"when i got cash, the exchange rate applied was wrong.",76,wrong_exchange_rate_for_cash_withdrawal
what do i use to verify my identity?,69,verify_my_identity
why do i have to give you all of my identification details?,74,why_verify_identity
is there a fee when you pay with your card?,15,card_payment_fee_charged
where is the money that i asked for? i asked for more than i got!,75,wrong_amount_of_cash_received
can google pay be used to make a top-up,2,apple_pay_or_google_pay
what are the steps for the identity checks?,69,verify_my_identity
i wasn't applied the correct exchange rate for an item i bought,17,card_payment_wrong_exchange_rate
i need to cancel a transfer,8,cancel_transfer
"i asked for a certain amount of money from the atm, but it gave me a different amount. less than what i asked for.",75,wrong_amount_of_cash_received
i tried my pin too many times and now my card won't work!,49,pin_blocked
i have a fee and i don't know why,15,card_payment_fee_charged
how do i change to aud from gbp?,33,exchange_via_app
"in reviewing my statement, i show i have two charges for the same purchase at the same time, which i have not made in duplicate? how do i get this solved?",63,transaction_charged_twice
what do you do with all the identity information you're collecting from me?,74,why_verify_identity
what is the base of the exchange rates?,32,exchange_rate
someone else charged my card!,28,direct_debit_payment_not_recognised
i found the exchange rate for my cash withdrawal is wrong,76,wrong_exchange_rate_for_cash_withdrawal
how do i add money from my amex card to top up,54,supported_cards_and_currencies
after trying to update my account balance yesterday by cheque it doesn't seem to working. shouldn't the process be quicker? i need my account looked at because there appears to be a problem.,6,balance_not_updated_after_cheque_or_cash_deposit
i noticed that the funds were returned to my bank account. what happened?,61,top_up_reverted
can i keep using my card after it expires?,9,card_about_to_expire
how can my boss pay me directly to the card?,50,receiving_money
the wrong exchange rate was used when i purchased an item.,17,card_payment_wrong_exchange_rate
my card don't work.,14,card_not_working
i believe my card has been compromised because of a strange withdrawal,20,cash_withdrawal_not_recognised
do you support countries other than mine?,24,country_support
where can user find pin?,38,get_physical_card
how do i get to the virtual cards?,40,getting_virtual_card
why do i need top-up to be verified?,71,verify_top_up
can i exchange between gbp and usd on the app?,33,exchange_via_app
does the exchange rate change each day for purchases? there is a different rate on my purchase.,17,card_payment_wrong_exchange_rate
i tried to transfer funds to a beneficiary and was denied. can you tell me why?,7,beneficiary_not_allowed
can the exchange rate change while i am in the process of making a withdrawal?,76,wrong_exchange_rate_for_cash_withdrawal
i think the atm ate my card.,18,card_swallowed
"the app isn't letting me log in, but my info is correct.",68,unable_to_verify_identity
can i have more than one disposable card?,29,disposable_card_limits
what's the time frame on eu transfers? i purchased something a couple of days ago but the seller hasn't received my payment.,48,pending_transfer
is there a charge or discount if i use a european bank in a top up?,57,top_up_by_card_charge
the app says i made a cash withdrawal even though i didn't.,20,cash_withdrawal_not_recognised
how much is it to use my us debit or credit card to top up?,57,top_up_by_card_charge
"i found my card, can i add it to the app?",13,card_linking
i don't think i made this payment that is showing up,16,card_payment_not_recognised
is there an additional cost to exchange currencies?,31,exchange_charge
what should i do? my card has been stolen!,41,lost_or_stolen_card
where did the money i deposit go??,6,balance_not_updated_after_cheque_or_cash_deposit
can i get a card in the eu?,24,country_support
i need australian dollars instead of uk currency.,33,exchange_via_app
can turn my money into another currency?,33,exchange_via_app
i am awaiting my refund,51,Refund_not_showing_up
what do i do if i see a transaction on my card that i don't recall making?,16,card_payment_not_recognised
this company sucks! can you terminate my account?,55,terminate_account
"i have enough money in my account, so why is my card being declined?",25,declined_card_payment
what is needed for my daughter to open an account?,1,age_limit
how long until the transfer is reflected on my account balance?,67,transfer_timing
i lost my wallet and all my cards were in it.,41,lost_or_stolen_card
is there a reason that my top-up is still pending?,47,pending_top_up
the app says my transfer failed,35,failed_transfer
how are the exchange rates for transfers calculated?,32,exchange_rate
how much is ok for me to top up with?,60,top_up_limits
when are you going to transfer the money?,66,transfer_not_received_by_recipient
can i make transfers before my identity verification?,74,why_verify_identity
i'm expecting a refund but it's no where to be seen,51,Refund_not_showing_up
i was charged more than once for a card payment i made.,63,transaction_charged_twice
"using your app, would i be able to exchange between usd and gbp?",33,exchange_via_app
what would the price be for an expired card replacement and how long will it take me to get it?,9,card_about_to_expire
do you support all countries?,24,country_support
what fees are there for adding money using an international card,57,top_up_by_card_charge
why am i being charged for the same thing twice?,63,transaction_charged_twice
i need help with activating my card,0,activate_my_card
my money transaction can't be seen by the person i sent it to,66,transfer_not_received_by_recipient
"my card info was stolen, what do i do?",22,compromised_card
is there anywhere in the eu this card can not be delivered in,24,country_support
why was i charged extra when transferring?,64,transfer_fee_charged
i was wondering how long does it take for a payment to go thru? it seems my last payment is stuck and hasn't moved.,45,pending_card_payment
"pending still shows on this transfer, why?",48,pending_transfer
what is the verification code for my top up card?,71,verify_top_up
i don't have my passcode to access the app.,44,passcode_forgotten
is there any way to auto top-up?,4,automatic_top_up
instructions for activating card,0,activate_my_card
i didnt put that money in my account,20,cash_withdrawal_not_recognised
why isn't my contactless not working?,23,contactless_not_working
"so, my transfer is showing as pending, when will it actually go through?",48,pending_transfer
"if i get another card, what kind of fees am i looking at?",39,getting_spare_card
"i just got my card and want to use it, how do i activate my card?",0,activate_my_card
"i tried to withdraw some funds from my card, but was declined. how can i get my money?",26,declined_cash_withdrawal
"hi, i was checking my old statements and found a discrepancy with a large amount transaction. i am sure it was not done by me. please let me know if i could raise a dispute as its very late.",28,direct_debit_payment_not_recognised
i have a pending transaction in my app. how is it still pending if i pulled the cash out from the atm earlier?,46,pending_cash_withdrawal
where do i obtain my virtual card?,40,getting_virtual_card
my purchase from this morning still is pending.,45,pending_card_payment
how long does it take to post atm with drawl,46,pending_cash_withdrawal
i am very dissatisfied with the services that you are providing. i want to cancel my account.,55,terminate_account
how can i change my name in my profile?,30,edit_personal_details
"please double check my card - withdrawal was working fine so far, but this morning on the way to work it suddenly got declined!",26,declined_cash_withdrawal
when will you be taking orders for disposable virtual cards?,37,get_disposable_virtual_card
why was the transfer declined?,27,declined_transfer
"disaster, i've totally forgotten my passcode, can you help me?",44,passcode_forgotten
i made a purchase with my card and i was charged a fee for using it,15,card_payment_fee_charged
is the top-up amount unlimited?,60,top_up_limits
what do i need to do to get a card?,43,order_physical_card
"how long do eu transfers take? i bought something online a couple days ago , sent the money immediately online but the seller says it is still not there yet",48,pending_transfer
i need to exchange foreign currency will i be charged?,31,exchange_charge
i attempted to top up my account but it's been frozen in a pending state for well over an hour now! is this normal? i'm a new customer and this is my first time doing this. i assumed it would be done quicker than this.,47,pending_top_up
please tell me why i am having problems transferring to a beneficiary.,7,beneficiary_not_allowed
i inadvertently completed a transaction on a wrong account.,8,cancel_transfer
can the card be mailed and used in europe?,24,country_support
i just got married and need to change my name on the account,30,edit_personal_details
can i use an auto top-up option?,4,automatic_top_up
what can i expect if i use bank transfer to top up my account?,65,transfer_into_account
are there any fees associated with receiving money?,56,top_up_by_bank_transfer_charge
can you tell me why my card keeps getting declined every time i try to use it?,25,declined_card_payment
i made a payment and it is showing up twice,63,transaction_charged_twice
i have a new card and need to activate it,0,activate_my_card
i withdrew cash and i think the exchange rate is wrong.,76,wrong_exchange_rate_for_cash_withdrawal
what do you need for my identity check?,69,verify_my_identity
what fiat currencies do you support?,36,fiat_currency_support
please help me make a transfer. i keep receiving an error and i'm trying to make the initial mortgage payment for a flat i'm buying. what is the deal here?,35,failed_transfer
can i used my card even if my phone has been stolen?,42,lost_or_stolen_phone
"i thought i left my card at a restaurant, but they claim not to have it and now i don't have any idea where it is. i'm so worried that someone might be using it fraudulently. is there any way to look into this?",41,lost_or_stolen_card
i was looking to buy another card today.,39,getting_spare_card
i need to know if everything is okay here. after making a transfer from a uk account it doesn't show up. how long does this normally take to process?,5,balance_not_updated_after_bank_transfer
how long will it take to transfer from europe?,67,transfer_timing
where are my funds being sourced from?,70,verify_source_of_funds
i am not satisfied with your company and wish to delete all accounts immediately.,55,terminate_account
how can i verify my top up?,71,verify_top_up
can i change my pin remotely?,21,change_pin
how do i find my pin number?,38,get_physical_card
"i deposited some money, but the balance has not changed.",6,balance_not_updated_after_cheque_or_cash_deposit
would it be possible for me to get a second card?,39,getting_spare_card
"hi, i would like to file a claim for an inquiry. i am a frequent customer of the company in question and have never had any issue with my purchases, payments, or otherwise. however, the price deducted for an item i purchased a couple of weeks ago has been returned to my checking account. was there an issue with my payment? the item has already been delivered to me.",53,reverted_card_payment?
is there a limit to top-ups?,60,top_up_limits
"i received a fee for obtaining cash, is this correct?",19,cash_withdrawal_charge
i would like more physical cards,39,getting_spare_card
why won't my virtual card work?,72,virtual_card_not_working
why is my check still not showing up on my account? it's been a week already,6,balance_not_updated_after_cheque_or_cash_deposit
"a 500 pound cash withdrawal was just made from my account, but i didn't make it. i am pretty sure my card has been compromised - can you help me?",20,cash_withdrawal_not_recognised
where do i link the new card?,13,card_linking
why do i need to verify the top-up?,71,verify_top_up
i have an unauthorized charge.,28,direct_debit_payment_not_recognised
what is the age limit?,1,age_limit
what currencies do you offer?,36,fiat_currency_support
i entered in the wrong pin. please help me unlock my account.,49,pin_blocked
please tell me how to verify my top up card.,71,verify_top_up
the refund doesn't show in my account,51,Refund_not_showing_up
i've been charged more than once for the same transaction,63,transaction_charged_twice
how much would it cost me for a bank transfer to top up my account?,56,top_up_by_bank_transfer_charge
i am being charged a pound out of nowhere. what is this?,34,extra_charge_on_statement
i'm interested in what your exchange rates are based on.,32,exchange_rate
the app says i made a cash withdrawal that i didn't make,20,cash_withdrawal_not_recognised
"i went to withdraw some cash earlier today, but seems the atm gave me the wrong amount of cash! the amount showing up in the app is a lot more",75,wrong_amount_of_cash_received
i did not get the right exchange rate while getting my cash out.,76,wrong_exchange_rate_for_cash_withdrawal
i tried to buy something online yesterday but it kept saying declined. tried again today but same thing happened. what's wrong?,27,declined_transfer
why did the atm cancel my transaction,26,declined_cash_withdrawal
"please put a freeze on my card, i am worried there has been some payments on it and i don't know what for.",16,card_payment_not_recognised
i can't seem to be able to use my card,14,card_not_working
what currencies is an exchange rate calculated in?,32,exchange_rate
can i link your physical card,13,card_linking
"i need a card reactivation, i had reported my card lost but i ran across it in my jacket.",13,card_linking
how long is the delivery time to the us?,12,card_delivery_estimate
when i add money to my international card do you charge a fee to do so?,57,top_up_by_card_charge
how do i link the new card?,13,card_linking
is there a way to top-up automatically?,4,automatic_top_up
i need to know your exchange rates.,32,exchange_rate
my app shows a money withdrawal that i did not do.,20,cash_withdrawal_not_recognised
this transfer incurred a fee that i don't think is right.,64,transfer_fee_charged
i would like to know which fiat currencies are recognized by your organization.,36,fiat_currency_support
can i use my card for online payments?,10,card_acceptance
why was i charged multiple times for the same thing?,63,transaction_charged_twice
i lost my card n need a new one.,41,lost_or_stolen_card
is it acceptable to use my card anywhere?,10,card_acceptance
how many transactions can i make on my disposable card?,29,disposable_card_limits
i bought some stuff this morning but the payment shows as pending,45,pending_card_payment
"the card i thought i lost was in my jacket pocket this morning, so can i reactivate that?",13,card_linking
my card is broken,14,card_not_working
why was i charged twice for my item!,63,transaction_charged_twice
i need to find the card i received in the app.,13,card_linking
tell me what atms use this card.,3,atm_support
how do i top up my card using your app? i'm new to this.,62,topping_up_by_card
"i'm pretty frustrated about a pound charge that keeps showing up in my account statement. it's listed in the app as ""pending"", it never changes, and now i'm thinking someone's hacked my account!",34,extra_charge_on_statement
why hasn't payment gone through yet?,45,pending_card_payment
i made a transfer 12 hours ago. why is it still listed as pending?,48,pending_transfer
can topping up be automatic?,4,automatic_top_up
i think there has been a purchase made that wasn't by me.,16,card_payment_not_recognised
i need help as fast as possible! i made a mistake on my most recent transfer; can you please stop it before it goes through?,8,cancel_transfer
why hasn't the transfer shown up in my account yet?,67,transfer_timing
"sort your top up out please! it's been pending since an hour already, can you please make this go through asap i really need the money",47,pending_top_up
i want to top up my account. can i do it with google pay?,2,apple_pay_or_google_pay
i tried to use the atm with foreign currency. the conversion rate applied was wrong.,76,wrong_exchange_rate_for_cash_withdrawal
will i be charged for a top off transfer?,56,top_up_by_bank_transfer_charge
how long does it take for money to transfer?,5,balance_not_updated_after_bank_transfer
what kind of costs are involved for exchanging currency?,31,exchange_charge
how can i make my contactless work for the metro?,23,contactless_not_working
how do i ask for a physical card?,43,order_physical_card
what is needed to prove my identity?,69,verify_my_identity
it looks like this week i was double charged for a couple things. is there any way that you can look into this for me and return the double charged items back to my card?,63,transaction_charged_twice
"i might be paranoid, but someone may be using my card.",22,compromised_card
where is the pin number found?,38,get_physical_card
which merchants accept my card?,10,card_acceptance
i am still waiting for a transaction to be completed,66,transfer_not_received_by_recipient
i need several cards per day. and i need to be able to throw away all of the cards i make.,29,disposable_card_limits
there is a transfer pending.,48,pending_transfer
i forgot my code,44,passcode_forgotten
if i need to top up with cash where should i look?,58,top_up_by_cash_or_cheque
what steps do i need to get another card?,39,getting_spare_card
i want to link my new card. can you help?,13,card_linking
can i get a single use virtual card,37,get_disposable_virtual_card
there is a payment with my card which i definitely did not make by me .never seen that it before.,16,card_payment_not_recognised
what do i do if my card was stolen.,41,lost_or_stolen_card
"i ordered something ages ago online but it's simply not arriving. i've got enough! give me back my money, i'm not paying these people.",52,request_refund
why has payment been returned?,53,reverted_card_payment?
how do i take a block off my card?,49,pin_blocked
i require verification for my source of funds.,70,verify_source_of_funds
i should have received a refund however it is not showing on my statement,51,Refund_not_showing_up
"atms, which ones will accept this card?",3,atm_support
can you tell me about the exchange fee?,31,exchange_charge
i entered the pin incorrectly too many times and now it is blocked. can you help?,49,pin_blocked
i would like to activate my card what do i need to do?,0,activate_my_card
how much would an extra card cost?,39,getting_spare_card
"in the us, how long is the wait for a transfer?",67,transfer_timing
are there fees for adding money with an international card?,57,top_up_by_card_charge
"i completed a transfer within the uk two days ago, but it is still not showing received. i have verified the account number is correct already. is there anything else i need to do or is there a problem?",66,transfer_not_received_by_recipient
i did a payment but the app reverted it,53,reverted_card_payment?
"i just want to top-up, why do i need to verify anything?",71,verify_top_up
can you please help me in canceling my order.,52,request_refund
transferring money in 2018 to another country shouldn't take this long. my transfer has been pending for too long. i verified my account details are correct.,48,pending_transfer
why is my last cheque deposit taking so long?,6,balance_not_updated_after_cheque_or_cash_deposit
the cash i got at the atm is still in my account.,46,pending_cash_withdrawal
how long will it take to refund me,51,Refund_not_showing_up
what do i do if someone used my card without my permission?,22,compromised_card
why would my payment still show as pending?,45,pending_card_payment
can you tell me if there are limits to disposable virtual cards?,29,disposable_card_limits
does it cost anything to top up?,57,top_up_by_card_charge
can i unblock my pin?,49,pin_blocked
i had a payment that i made and it's been some amount of time and would like to know when it's suppose to go though.,45,pending_card_payment
does it cost extra to exchange foreign currencies?,31,exchange_charge
"my account is blocked, how do i log in now",49,pin_blocked
i make payments for my place abroad using this account and since i use it so frequently i was wondering why did the fees increase suddenly rather than decreasing? i would think customers like me should receive incentives for using your service,64,transfer_fee_charged
i couldn't transfer money to a beneficiery,7,beneficiary_not_allowed
"i get a ""decline"" message when doing a transfer",27,declined_transfer
when i was transferring money i was charged extra why?,64,transfer_fee_charged
how long does a transfer take to reach one's account.,67,transfer_timing
"when my card expires, will i get a new one mailed to me?",9,card_about_to_expire
what are the exchange rates you assign?,32,exchange_rate
"i think my transfer was declined, but why?",27,declined_transfer
can i get a second card for free?,39,getting_spare_card
how many disposable cards am i allowed to have?,29,disposable_card_limits
why does it say pending cash withdrawal on my statement?,46,pending_cash_withdrawal
supported countries,24,country_support
"i just checked and my payment was cancelled, why?",53,reverted_card_payment?
i need to change details about my personal account.,30,edit_personal_details
can you help me sign up for a virtual card?,40,getting_virtual_card
cash i didn't get shows in my app.,20,cash_withdrawal_not_recognised
my app shows some cash i didn't get.,20,cash_withdrawal_not_recognised
it doesn't look like the top-up completed.,47,pending_top_up
i didn't receive the correct exchange rate for an item that i bought.,17,card_payment_wrong_exchange_rate
why have i not received my pin,38,get_physical_card
can i get my friends to add money to my account?,62,topping_up_by_card
whats the exchange charge,31,exchange_charge
why was the wrong rate applied when i bought something in a different currency?,17,card_payment_wrong_exchange_rate
how are exchange rates calculated?,32,exchange_rate
i wasn't allowed to transfer to my account,7,beneficiary_not_allowed
is there any place i cannot use my card?,10,card_acceptance
do you allow currency exchanges?,36,fiat_currency_support
help me verify my identification.,68,unable_to_verify_identity
i have been charged with a fee for paying with my card.,15,card_payment_fee_charged
"i made a transfer and according to the receiver ""they haven't received the right amount"" its lesser than it should be.now i have to transfer more money to make up for the missing amount . can you please help me about this, what should be done ?",64,transfer_fee_charged
why haven't i received a refund yet?,51,Refund_not_showing_up
i tried to purchase airline tickets online this morning and my card information isn't working. is there something going on with my account?,14,card_not_working
where did my funds come from?,70,verify_source_of_funds
how long is my europe transfer wait?,67,transfer_timing
my card is due to expire,9,card_about_to_expire
how do i use my new card?,0,activate_my_card
can a friend top up my account,62,topping_up_by_card
when will i have access to my pin number?,38,get_physical_card
will i be charged for a sepa transfer?,56,top_up_by_bank_transfer_charge
i was mistakenly charged a fee for using my card.,15,card_payment_fee_charged
someone is using my account,22,compromised_card
my bag got stolen with all my cards. can you please cancel my card and send a new one?,41,lost_or_stolen_card
if my card becomes expired what can i do?,9,card_about_to_expire
why does the top-up need verification?,71,verify_top_up
do eu transfers happen quickly? i purchased something a few days ago and the seller hasn't received my money yet.,48,pending_transfer
why is there a pending time on my transfer?,48,pending_transfer
there's a direct debit payment in my account that i didn't make,28,direct_debit_payment_not_recognised
i have a payment that hasn't went through yet.,45,pending_card_payment
i was issued a new card a week ago but still haven't received it. how long will it be until i receive it?,11,card_arrival
"i requested a refund from a merchant a while ago, and upon repeatedly checking my statement, the merchant has yet to refund me my money. i don't know what's going on, or why the money is getting into my account--could you please help?",51,Refund_not_showing_up
i'll send a check to top up my account,58,top_up_by_cash_or_cheque
what is the verification process for my card?,71,verify_top_up
how long before a check i send clears?,58,top_up_by_cash_or_cheque
my statement shows charges for things i never purchased. were my account details stolen?,22,compromised_card
can i set up an auto top-up?,4,automatic_top_up
"for sepa transfers, what kind of charge will be applied?",56,top_up_by_bank_transfer_charge
can i reactivate a card?,13,card_linking
i ordered a card and would like to know how to track the delivery progress of it.,11,card_arrival
"is there a fee for making a payment? if so, let me know why.",15,card_payment_fee_charged
why is my cash withdrawal pending?,46,pending_cash_withdrawal
on what do you base your exchange rates?,32,exchange_rate
is it possible to change my pin if i am out of the country?,21,change_pin
how can i get multiple disposble cards.,29,disposable_card_limits
why isn't my balance updating? i did a bank transfer and it isn't current.,5,balance_not_updated_after_bank_transfer
i was supposed to get a refund but i do not see it.,51,Refund_not_showing_up
how can i order virtual cards?,40,getting_virtual_card
i noticed that i got charged extra for using the card.,15,card_payment_fee_charged
i am having problems with my contactless.,23,contactless_not_working
hi something is going on with the app. i see some payments i didn't make?,16,card_payment_not_recognised
what is the best way to get my virtual card?,40,getting_virtual_card
why did a transfer get declined?,27,declined_transfer
explain the activation method for this card,0,activate_my_card
i attempted to top up but the app denied it.,59,top_up_failed
when can i expect my new card to get here?,12,card_delivery_estimate
my card payment won't work.,25,declined_card_payment
how do you decide what your exchange rates are?,32,exchange_rate
there are some card payments that i haven't done myself. what is going on with my card and does somebody else have access to my card?,16,card_payment_not_recognised
please tell me which fiat currencies you support.,36,fiat_currency_support
"in regards to my card payment, the exchange rate is incorrect.",17,card_payment_wrong_exchange_rate
what is the exchange fee that is charged?,31,exchange_charge
can i exchange currencies?,36,fiat_currency_support
"hello, i noticed there is a payment from my card to a business that i am not familiar with. i definitely did not make this payment.",16,card_payment_not_recognised
are top-ups unlimited?,60,top_up_limits
i can not find the top-up verification code.,71,verify_top_up
how come i was charged an extra fee when paying with the card?,15,card_payment_fee_charged
how can i unlock my pin from too many tries?,49,pin_blocked
may i have another card?,39,getting_spare_card
how do i get my top-up verification code?,71,verify_top_up
"i purchased something abroad, and the exchange rate that was applied was wrong.",17,card_payment_wrong_exchange_rate
how long does it take for the card to come?,12,card_delivery_estimate
how do i use disposable cards?,37,get_disposable_virtual_card
what is the fee for topping up a us card?,57,top_up_by_card_charge
i'm not sure how to provide my identity.,68,unable_to_verify_identity
can you please inform me of the restrictions for the disposable cards.,29,disposable_card_limits
i can't find my card! what should i do?,41,lost_or_stolen_card
how can my new card be renewed?,0,activate_my_card
i have been charged a fee for paying with card,15,card_payment_fee_charged
"my work sends me all over the world, can i get a discount for all the money i have to exchange?",31,exchange_charge
"i'm interested in using fiat currencies, which do you support?",36,fiat_currency_support
the app wouldn't accept my top up.,61,top_up_reverted
where in the app do i go to verify my identity?,69,verify_my_identity
"my card's frozen, what can i do?",49,pin_blocked
where can i find the verification code for the card top-up?,71,verify_top_up
my card has been lost! help!,41,lost_or_stolen_card
will there be a charge for exchanging foreign currency?,31,exchange_charge
the fee charged when i changed rubles into british pounds was too much.,17,card_payment_wrong_exchange_rate
i am still waiting for my card after 1 week. is this ok?,11,card_arrival
how can i deposit money to my account?,65,transfer_into_account
why and how soon do i have to have proof of identity to you?,74,why_verify_identity
is there a daily auto top-up limit?,4,automatic_top_up
i need assistance with activating my new card.,0,activate_my_card
can cards be delivered? where?,43,order_physical_card
i can not get the app to know it is me.,68,unable_to_verify_identity
why was i charged a small amount,34,extra_charge_on_statement
i submitted a cash deposit to my account but it hasn't posted yet.,6,balance_not_updated_after_cheque_or_cash_deposit
"if i see a payment in the app that i don't recognize, what should i do?",16,card_payment_not_recognised
i need my funds verified.,70,verify_source_of_funds
how long does it take for a money transfer to show up?,48,pending_transfer
how long do i need to wait til my top up isn't pending?,47,pending_top_up
i have been charged twice for the same thing!,63,transaction_charged_twice
i noticed that my card was charged more than once for one thing.,63,transaction_charged_twice
i need to change a transfer.,8,cancel_transfer
some cash shows up on my app.,20,cash_withdrawal_not_recognised
what do i do if i think someone has used my card without permission? i can see a few transactions i don't recognize.,22,compromised_card
what do i do if my phone is stolen?,42,lost_or_stolen_phone
"if my pin number is rejected, how do i solve it?",49,pin_blocked
please tell me how to get a card if i reside in the us.,24,country_support
how much would i be charged for a transfer?,56,top_up_by_bank_transfer_charge
what cards to do you support to top up.,54,supported_cards_and_currencies
why didn't my transfer to a beneficiary happen?,7,beneficiary_not_allowed
what are the steps for getting money from a friend?,50,receiving_money
can you tell me your exchange rates?,32,exchange_rate
tell me how to change my details.,30,edit_personal_details
what steps do i have to take to activate my card?,0,activate_my_card
my card is lost! please help me!,41,lost_or_stolen_card
i've transferred money before without issue but now i am encountering an error stating that it isn't possible. why is that?,7,beneficiary_not_allowed
a transfer to my account was denied.,7,beneficiary_not_allowed
how long will i have to wait for my new card?,12,card_delivery_estimate
what is the status of my card's delivery?,11,card_arrival
i need to urgently transfer something from china. how long will it approximately take?,67,transfer_timing
i would like to know why so much identity information is required?,74,why_verify_identity
a fee came along with me paying with card,15,card_payment_fee_charged
there's a cash withdrawal that didn't make that is showing up.,20,cash_withdrawal_not_recognised
there seems to be a couple of payments listed in the app i know weren't made by me. is there a possibility someone has access to my card? can you find out what's going on?,16,card_payment_not_recognised
my transaction went through but i was charged a fee. why?,64,transfer_fee_charged
"the transfer finally worked, but how long does it stay pending?",48,pending_transfer
i attempted to get cash but was declined.,26,declined_cash_withdrawal
there is a potentially fraudulent direct debit on my account.,28,direct_debit_payment_not_recognised
how long does it take for money to transfer? i sent some to a friend and it hasn't gone through yet.,66,transfer_not_received_by_recipient
i think someone has hacked my card!,22,compromised_card
i see a direct debit payment on my app that i did not do,28,direct_debit_payment_not_recognised
i was double-charged for a transaction,63,transaction_charged_twice
if i live outside of the uk am i still eligible for a card?,24,country_support
i made a purchase earlier today but it is still listed as pending- when will it go through?,45,pending_card_payment
i checked the app and saw an extra cash withdrawal that i didn't authorize,20,cash_withdrawal_not_recognised
"it's been two weeks and i haven't gotten my card, what do i do?",11,card_arrival
why was i charged for cash withdrawal?,19,cash_withdrawal_charge
what countries are you currently in?,24,country_support
what's the limit on automatic top-up?,4,automatic_top_up
is there a way to get a virtual card?,40,getting_virtual_card
can i use visa or mastercard with your service,73,visa_or_mastercard
will i be able to top up by cheque?,58,top_up_by_cash_or_cheque
can you tell me what i need for the identity check?,69,verify_my_identity
"i'm trying to verify my top-up card, but i can't find the code...?",71,verify_top_up
"i can't remember my app code, can you reset it?",44,passcode_forgotten
i need to change my name since i got married,30,edit_personal_details
how long do i have to wait for europe transfers?,67,transfer_timing
is there a way to make my old card usable with the app?,13,card_linking
what apps can i use to top up my account?,58,top_up_by_cash_or_cheque
help me cancel a transfer.,8,cancel_transfer
activating my card,0,activate_my_card
is it possible to get a transfer from swift?,56,top_up_by_bank_transfer_charge
how long would does it take for a seller to receive an eu transfer if i bought something from them and sent them the money immediately?,48,pending_transfer
how do i dispute a direct debit on my account?,28,direct_debit_payment_not_recognised
i had cash transferred but the balance did not change.,5,balance_not_updated_after_bank_transfer
my physical card is not working,14,card_not_working
transfer was declined.,27,declined_transfer
i'm interested in learning more about disposable virtual cards.,37,get_disposable_virtual_card
what is the exchange rate?,32,exchange_rate
what cards and currencies do you support?,54,supported_cards_and_currencies
how much is the limit for top-ups?,60,top_up_limits
my top-up didn't work.,59,top_up_failed
my atm withdraw is stillpending,46,pending_cash_withdrawal
i made a transfer to my friend earlier and she hasn't received it yet. what's the hold up?,66,transfer_not_received_by_recipient
do the disposable cards have any restrictions on them?,29,disposable_card_limits
"i couldn't use my contactless this morning, it wasn't accepted.",23,contactless_not_working
why hasn't arrived yet a transaction i did to my friend?,66,transfer_not_received_by_recipient
is there a way to revert a transaction?,8,cancel_transfer
what countries are you issuing cards for?,24,country_support
"i only made one transaction at this place, but it's appearing multiple times.",63,transaction_charged_twice
i tried to do a transfer to an account but it didn't work,7,beneficiary_not_allowed
my cash withdrawal was declined. why?,26,declined_cash_withdrawal
does google pay offer a top up option?,2,apple_pay_or_google_pay
there is a payment that i made that i noticed has not gone thru yet. can i ask why?,45,pending_card_payment
where do i go to unblock my pin?,49,pin_blocked
i really need some help to understand why my transfer keeps failing. i'm trying to send money to a friend. please help.,35,failed_transfer
"i was out today looking forward to paying with my brand new card, turns out the payment just kept getting declined. this is pretty sad, what's going on?",25,declined_card_payment
i hope to get a visa card,73,visa_or_mastercard
exchanging currencies costs what?,31,exchange_charge
"hi. i'm a new customer to your system and i think something isn't working right - or maybe it is. maybe you can confirm. i tried to top up today (my first time ever) and it's been stuck at ""pending"" for over an hour now. is it supposed to do this or is there something wrong in the system?",47,pending_top_up
where can i check to see where the money in my account came from?,70,verify_source_of_funds
if i make a transaction can i cancel it?,8,cancel_transfer
why has my payment been reversed?,53,reverted_card_payment?
how long does it take for pending to go through,48,pending_transfer
do you have a limit to top ups?,60,top_up_limits
i want to know where the funds come from.,70,verify_source_of_funds
can you please tell me why my transfer failed?,35,failed_transfer
do you support changing the currency i use?,33,exchange_via_app
"my balance has not changed, despite depositing a cheque",6,balance_not_updated_after_cheque_or_cash_deposit
how to change my address.,30,edit_personal_details
there was a canceled payment for my card.,53,reverted_card_payment?
someone else used my card to withdraw cash from an atm,20,cash_withdrawal_not_recognised
i think that somebody is utilizing my card without my authorization!,22,compromised_card
explain the extra fee on my card when paying.,15,card_payment_fee_charged
i don't want to verify my identity,74,why_verify_identity
"hi, my card is getting declined during top-up. as it urgent, could you please resolve this issue, or guide me with other alternatives if any.",59,top_up_failed
i contacted the seller and he won't respond. please just refund me my money.,51,Refund_not_showing_up
there is a payment showing that i know i didn't make. i didn't use my card that day and i'm sure of it. can you please cancel that transaction and return my money? thankyou,28,direct_debit_payment_not_recognised
seems like the exchange rate for my payment last saturday was wrong. i was charged extra.,17,card_payment_wrong_exchange_rate
i tried to top up with my card but it was declined. i was able to a couple days ago and it worked. is something wrong? can you check it for me please?,59,top_up_failed
why doesn't the card payment work,25,declined_card_payment
i am on vacation in spain and think someone saw my pin when… can i change it at a local atm?,21,change_pin
i made a mistake when i did a transfer so now what can i do to fix that?,8,cancel_transfer
how do i get unblocked?,49,pin_blocked
how do i add the card to my account?,13,card_linking
how long do money transfers take?,66,transfer_not_received_by_recipient
please tell me why the same transaction is showing up on my account more than once.,63,transaction_charged_twice
how can people transfer money to me?,50,receiving_money
i don't think my transfer wen through. why?,35,failed_transfer
"how much is a cross currency exchange, and can i check to see if i have any discounts available?",31,exchange_charge
i received an extra charge for using the card. why?,15,card_payment_fee_charged
where am i able to get my pin unblocked?,49,pin_blocked
my top up is incomplete.,47,pending_top_up
yesterday i had my phone stolen. please advise what i should do.,42,lost_or_stolen_phone
it appears my transfer was declined.,27,declined_transfer
my card was declined today when eating and i need to know what's wrong.,14,card_not_working
can i have a duplicate second card?,39,getting_spare_card
why hasnt my card come in yet?,11,card_arrival
"when i submit a transfer, it is being declined. the information i put in has been reviewed.",27,declined_transfer
why is the transaction not posting?,48,pending_transfer
"can you help me with my card, i think it's broke.",14,card_not_working
looking at my statement i see that i was double charged for a payment i made.,63,transaction_charged_twice
is it possible to delete the account?,55,terminate_account
i tried to pay with my card and it didn't work,25,declined_card_payment
which cards and currencies do you support?,54,supported_cards_and_currencies
i would like to delete my account please.,55,terminate_account
i see a direct debit that isn't mine? how can i get my money back?,28,direct_debit_payment_not_recognised
"my pins seems to be blocked, can you unblock it please",49,pin_blocked
as my kids get older are they able to get set up with their own accounts?,1,age_limit
what type of fiat currencies do you support?,36,fiat_currency_support
am i allowed to use any card to make a payment?,73,visa_or_mastercard
do i have to manually top-up my account each time or will it do it on its own?,4,automatic_top_up
why am i still waiting for my refund,51,Refund_not_showing_up
can i use google pay for topping -up,2,apple_pay_or_google_pay
what is the tracking number for my card that was mailed?,11,card_arrival
i think there was an error in your exchange rate.,17,card_payment_wrong_exchange_rate
i was made to pay an additional pound!,34,extra_charge_on_statement
the exchange rate is wrong from something i got in another country,17,card_payment_wrong_exchange_rate
get an item refund,52,request_refund
what amount of time does it take for a transfer to reflect and be available,5,balance_not_updated_after_bank_transfer
i am not receiving the correct exchange rate on my card.,17,card_payment_wrong_exchange_rate
what does pending mean?,45,pending_card_payment
how come when i tried to pay contactless at the bus it didnt work?,23,contactless_not_working
what is the maximum for top-ups?,60,top_up_limits
where do i go to change my account details?,30,edit_personal_details
my money disappeared right when i tried to top up,62,topping_up_by_card
how come my cash deposit is not showing up. this can't be right. there must be some mistake. where did my cash go. you better not have lost it as i need this money asap.,6,balance_not_updated_after_cheque_or_cash_deposit
is there a reason why top-up needs verifying?,71,verify_top_up
my identity can't be verified.,68,unable_to_verify_identity
i don't recall making that payment?,16,card_payment_not_recognised
there is a charge i don't recognize.,16,card_payment_not_recognised
my disposable virtual card has been rejected by the merchant earlier today. what should i do?,72,virtual_card_not_working
"hi, i am calling about a recent transaction that has happened on my account. i recently went to the atm, and tried to make a withdrawal on my account. i just happened to check my transaction slip and noticed a fee for my withdrawal. how can i resolve this, i didn't know fees were charged for this type of action.",19,cash_withdrawal_charge
may i choose between visa and mastercard?,73,visa_or_mastercard
my transfer keeps failing and i just want to transfer the money can you please make it work?,35,failed_transfer
for how long will my transfer be pending?,48,pending_transfer
can i withdraw from any atm?,3,atm_support
someone stole my phone.,42,lost_or_stolen_phone
how can i receive money from my friend?,50,receiving_money
can i use my apple watch to fill my gas tank?,2,apple_pay_or_google_pay
what i topped up was reverted by the app.,61,top_up_reverted
why was my card charged when topping off my balance but it's not showing up in my wallet balance?,62,topping_up_by_card
there's a payment showing in the app today even though i have not used my card at all. i want a refund.,28,direct_debit_payment_not_recognised
account topping up bank transfers to my account assistance please?,65,transfer_into_account
how much extra will i be charged for exchanging foreign currency?,31,exchange_charge
i believe i left my smartphone at the hotel i was staying at.,42,lost_or_stolen_phone
which atms accept this placard ?,3,atm_support
how do i cancel a purchase?,52,request_refund
i sent a transfer and it has been pending for awhile. how long will it stay pending?,48,pending_transfer
what is necessary for the identity verification?,69,verify_my_identity
there is an extra $1 charge,34,extra_charge_on_statement
has my card payment been reverted?,53,reverted_card_payment?
i could not access my money at the atm,26,declined_cash_withdrawal
why was a transfer declined,27,declined_transfer
can you tell me more info about virtual disposable cards?,37,get_disposable_virtual_card
"um, my top up didn't work",59,top_up_failed
why has my withdrawal not posted?,46,pending_cash_withdrawal
when i topped up the app reverted it.,61,top_up_reverted
is it ok for a friend to send me money?,50,receiving_money
how many top-ups am i allowed to do?,60,top_up_limits
am i gonna be charged for sending out more cards?,39,getting_spare_card
please help me set up a new pin.,21,change_pin
what do you require for identity verification?,69,verify_my_identity
is a physical charge extra,43,order_physical_card
i am missing a refund.,51,Refund_not_showing_up
why was my card declined?,25,declined_card_payment
how long does it take to authorise a payment?,45,pending_card_payment
i tried to top up my account and it didn't work,59,top_up_failed
i attempted to get cash in the atm but it was not authorized,26,declined_cash_withdrawal
what country's money can i hold currency in?,36,fiat_currency_support
i'd like to transfer funds using my credit card.,62,topping_up_by_card
do i get to choose between visa and mastercard?,73,visa_or_mastercard
how long will it take to get to me?,12,card_delivery_estimate
"if i don't live in the uk, can i get a card?",24,country_support
do i get charged if i am receiving money?,56,top_up_by_bank_transfer_charge
why can't i transfer to a beneficiary?,7,beneficiary_not_allowed
can i choose my visa or mastercard?,73,visa_or_mastercard
why is there a fee for an extra pound in my statement?,34,extra_charge_on_statement
unknown direct deposit,28,direct_debit_payment_not_recognised
what is the fee on my statement for?,34,extra_charge_on_statement
can i add money to my account via bank transfer?,65,transfer_into_account
why was i charged a fee for withdrawing money off my card?,19,cash_withdrawal_charge
why is it showing that my account has been charged a dollar that is showing as pending?,34,extra_charge_on_statement
"my card was declined and i did not receive money from the atm earlier, yet it show on my account that it is pending.",46,pending_cash_withdrawal
how long does a uk transfer take?,5,balance_not_updated_after_bank_transfer
can i do more than 10 transactions with a disposable card?,29,disposable_card_limits
my card data has been exposed.,22,compromised_card
my card still hasn't arrived after 2 weeks. is it lost?,11,card_arrival
why isn't the transfer on my account showing up?,5,balance_not_updated_after_bank_transfer
"my card isn't working at all, i need assistance. it's really frustrating.",14,card_not_working
why is the exchange rate wrong for my international withdrawal?,76,wrong_exchange_rate_for_cash_withdrawal
will a beneficiary not accept a transfer?,7,beneficiary_not_allowed
i want to use a european bank card for a top up. must i pay?,57,top_up_by_card_charge
can i have a second card?,39,getting_spare_card
what's the limit to how much i can top up?,60,top_up_limits
my top up has failed,59,top_up_failed
can i get a card even if i live outside the uk?,24,country_support
how do i start an exchange between gbp and aud?,33,exchange_via_app
i want to use auto top-up. is there a limit?,4,automatic_top_up
"phone is gone, what should i do",42,lost_or_stolen_phone
fix my contactless,23,contactless_not_working
the seller of the items i bought online the other day hasn't received the eu transfer yet. how long do these usually take?,48,pending_transfer
my transfer did not seem to work.,35,failed_transfer
how can i speed up a transfer? mine is pending.,48,pending_transfer
my address has changed.,30,edit_personal_details
i have to verify my identity. what do i need to do?,69,verify_my_identity
do i need to order a new card before it expires?,9,card_about_to_expire
i see a payment on my statement for a place i didn't make a purchase at.,16,card_payment_not_recognised
"while i was checking out in the grocery store, i realized i needed cash so i requested some. however, i noticed there was a fee for this transaction. why did i get charged a fee?",19,cash_withdrawal_charge
it won't let me verify my identity.,68,unable_to_verify_identity
are both visa and mastercard accepted?,73,visa_or_mastercard
i used foreign currency to buy something and i think the rate applied is incorrect.,17,card_payment_wrong_exchange_rate
can my pin be changed in any cash machine?,21,change_pin
what are you exchange rates?,32,exchange_rate
why was i charged a random fee for a transfer i made?,64,transfer_fee_charged
how are foreign exchange rates determined?,32,exchange_rate
i need my card to be delivered fast,12,card_delivery_estimate
"my identity hasn't been verified and i can't edit my details, what's next",30,edit_personal_details
what number of transactions can i do with one disposable card?,29,disposable_card_limits
when will my cheque process?,6,balance_not_updated_after_cheque_or_cash_deposit
what can you do to unblock my pin?,49,pin_blocked
why did i have to pay more when i do it with my card?,15,card_payment_fee_charged
"i have been trying to add money with apple pay but it wont work, why?",2,apple_pay_or_google_pay
in regards to the pin of the card?,38,get_physical_card
i do not want a visa card.,73,visa_or_mastercard
why was there a fee for my cash withdrawal?,19,cash_withdrawal_charge
does the app allow for exchanges between currencies?,33,exchange_via_app
why would i be charged a fee for card payment?,15,card_payment_fee_charged
i don't recognize this withdrawal on my statement,20,cash_withdrawal_not_recognised
why didn't my transfer go through?,35,failed_transfer
why are you charging me fees for using my card?,15,card_payment_fee_charged
what's with not verifying my id?,68,unable_to_verify_identity
is there a charge for using an european bank card for top up?,57,top_up_by_card_charge
some idiot stole my card.,41,lost_or_stolen_card
my money transfer has not happened yet,48,pending_transfer
i don't remember my login code,44,passcode_forgotten
i need urgent help. i realize i sent my payment to the wrong account number. i made a typo. please cancel the transfer now. there isn't an option from the app.,8,cancel_transfer
"hi, as suggested by you, i have asked the seller to initiate the refund, it has been a week and i haven't received my money. please advise.",51,Refund_not_showing_up
what currencies are supported?,36,fiat_currency_support
is there a fee for transfer top-up?,56,top_up_by_bank_transfer_charge
what is the process for activating my card?,0,activate_my_card
is there any way to cancel a recent transfer? i did not mean to make it and need to make sure it does not go through.,8,cancel_transfer
"i received my american express card, but i am having problems making it work with apple pay. can you help me with this problem?",2,apple_pay_or_google_pay
am i allowed to hold money in multiple currencies?,36,fiat_currency_support
can you tell me where my funds come from?,70,verify_source_of_funds
the app passcode has completely slipped my mind.,44,passcode_forgotten
what is the significance of verifying the top-up?,71,verify_top_up
i thought that transfers are free. why was i charged an extra fee?,64,transfer_fee_charged
why didn't the money i transferred into my account get added to my balance?,5,balance_not_updated_after_bank_transfer
how will i know my pin number?,38,get_physical_card
can my children open an account?,1,age_limit
is payment required to get a card of my own?,43,order_physical_card
why hasn't the app verified my identity?,68,unable_to_verify_identity
can i auto-top up? how do i do it?,4,automatic_top_up
any fee for topping up?,57,top_up_by_card_charge
how do i get rid of my account asap?,55,terminate_account
i need help resetting my passcode to access my app.,44,passcode_forgotten
why won't my card accept any transactions?,14,card_not_working
show me how to top up,62,topping_up_by_card
i was trying to purchase some crypto and the app won't allow me to do it. what's the deal with this? i really wanted to complete the exchange.,7,beneficiary_not_allowed
"hello. i ran into a problem with a transfer this morning. i was trying to send money to some friends but when i tried to send it, the transfer failed. i don't know what is causing the transfer to be rejected. please let me know what is causing the problem. thanks.",35,failed_transfer
"i don't know what my passcode is, can you help?",44,passcode_forgotten
weird direct debit payment,28,direct_debit_payment_not_recognised
what do i have to do to cancel a transfer?,8,cancel_transfer
is a new debit card free?,39,getting_spare_card
i was charged for a cash withdrawal.,19,cash_withdrawal_charge
how old does one need to be?,1,age_limit
"if i don't live in the uk, can i still get a card?",24,country_support
my card wont work at an atm,26,declined_cash_withdrawal
where can i find a mastercard atm?,3,atm_support
i got declined when attempting a transfer,27,declined_transfer
"i would like to use the bank transfer feature, but i can't find it. can you please give me the details?",65,transfer_into_account
a while ago i requested a refund from a seller. i keep checking my statement but i have not been refunded yet. i'm confused why i haven't gotten my money back yet but i need your help getting it please.,51,Refund_not_showing_up
i need to change my last name on my account because i just got married.,30,edit_personal_details
explain why a card payment would be cancelled?,53,reverted_card_payment?
i was wondering whether exchanging currencies can be done on this app.,33,exchange_via_app
"give me back my money, i'm not paying the sellers. it has been a long time ago that i made an order and it just isn't coming.",52,request_refund
i am having a huge problem with my card being declined and it's really important that i top-up today. would you please look into this further and let me know how i can get this fixed?,59,top_up_failed
"there is an extra charge on my account i didn't authorise, it's just £1, what is it?",34,extra_charge_on_statement
there is money in my account that i didnt put there,20,cash_withdrawal_not_recognised
is the 1 pound charge going to be reimbursed on my card?,34,extra_charge_on_statement
can i get my salary through this?,50,receiving_money
what currencies and methods can i use to top up my account?,54,supported_cards_and_currencies
how long for money transfer to show?,48,pending_transfer
can i use as many top-ups as i want?,60,top_up_limits
"hello, a few days ago i transferred my rent check to my landlord, however, he is saying that it has not gone though. on my end everything looks fine and i double checked the account number. is there anything else that could be holding up the check?",66,transfer_not_received_by_recipient
i need my virtual card,40,getting_virtual_card
i'm concerned because my cash withdrawal is pending.,46,pending_cash_withdrawal
why have you declined my card payment?,25,declined_card_payment
"i would like to top up my account with a bank transfer, is that allowed?",65,transfer_into_account
i don't see my card anywhere in the app.,13,card_linking
it looks like i was charged a withdrawal fee for going to my atm. why is that because i haven't been charged previously for doing so?,19,cash_withdrawal_charge
where can i find my pin? i haven't gotten it yet.,38,get_physical_card
will i be charged to top off my account?,56,top_up_by_bank_transfer_charge
can i transfer money using the swift service?,56,top_up_by_bank_transfer_charge
my transfer to a beneficiary did not go through. why?,7,beneficiary_not_allowed
i checked my account today and saw that i was charged an extra pound that i did not spend.,34,extra_charge_on_statement
can i cancel this purchase?,52,request_refund
is it possible to use an atm when i am not in the country and make a withdraw with out extra fees?,76,wrong_exchange_rate_for_cash_withdrawal
why was i charged for transferring money?,64,transfer_fee_charged
how come when i got cash the exchange rate was different than it should be,76,wrong_exchange_rate_for_cash_withdrawal
i need to get visa and mastercard,73,visa_or_mastercard
this rate is too low. are you sure your using the right exchange rate.,17,card_payment_wrong_exchange_rate
how can i check the source of my fund?,70,verify_source_of_funds
why is my transfer pending when i already made it?,48,pending_transfer
how is the exchange rate doing?,32,exchange_rate
i haven't seen the cash yet from the cheque i deposited.,6,balance_not_updated_after_cheque_or_cash_deposit
can i use check to top up,58,top_up_by_cash_or_cheque
i have money in a foreign account that i want to send to this account.,65,transfer_into_account
how do i check my security settings to allow contactless pay?,23,contactless_not_working
i need to change my address,30,edit_personal_details
how do i get my card active?,0,activate_my_card
how do i order a disposable virtual card?,37,get_disposable_virtual_card
what is the most that i can top-up to a card?,60,top_up_limits
what can i do with a disposable virtual card?,37,get_disposable_virtual_card
the contactless i have won't work.,23,contactless_not_working
need help with google pay top up,2,apple_pay_or_google_pay
please tell me how disposable virtual cards work?,37,get_disposable_virtual_card
how much is a physical card?,43,order_physical_card
how do i transfer money into my account?,65,transfer_into_account
am i going to be charged for topping up by transfer?,56,top_up_by_bank_transfer_charge
i don't understand why there is an extra €1 fee in my statement.,34,extra_charge_on_statement
is there a way to use a cheque to top up my account?,58,top_up_by_cash_or_cheque
i'm still waiting on my identity verification.,68,unable_to_verify_identity
i think something went wrong with my exchange between russian ruble and uk pounds. i was overcharged during the swap.,17,card_payment_wrong_exchange_rate
i transferred some money but it is not here yet,66,transfer_not_received_by_recipient
why am i being charged again?,63,transaction_charged_twice
can i auto top-up as much as i want?,4,automatic_top_up
where is the transaction i made to a friend?,66,transfer_not_received_by_recipient
why do my transfers keep failing?,35,failed_transfer
will you work with any fiat currencies?,36,fiat_currency_support
i want to transfer some money from my other bank account into this one.,65,transfer_into_account
am i able to open an account for my children?,1,age_limit
i'm tired of all the problems i've had. i want to quit this account!,55,terminate_account
do i need any kind of proof for the identity check?,69,verify_my_identity
can i exchange to eur?,36,fiat_currency_support
i can't find my phone and i'm worried someone is going to use it,42,lost_or_stolen_phone
why was my cash withdrawal declined by the atm?,26,declined_cash_withdrawal
where is my last money transaction,66,transfer_not_received_by_recipient
i lost my phone. what do i do to block someone else from using my account?,42,lost_or_stolen_phone
i would like to get help from someone with activating my card.,0,activate_my_card
why isn't top-up working? my top-up money disappeared after i saw that it was successfully transferred. is it gone? where did it go?,61,top_up_reverted
is a swift transfer okay?,56,top_up_by_bank_transfer_charge
can i top up using a cheque?,58,top_up_by_cash_or_cheque
i tried to use my disposable virtual card to pay a subscription to the gym and it got rejected. any ideas why?,72,virtual_card_not_working
i'm still waiting for my transaction.,66,transfer_not_received_by_recipient
when will the money from a transfer be made available on my account?,67,transfer_timing
can you give me a virtual card?,40,getting_virtual_card
i lost my phone. what do i need to do?,42,lost_or_stolen_phone
please explain why my payment was declined? i thought everything was good.,25,declined_card_payment
is it possible to get a card outside the uk?,24,country_support
"give me my card, i need it now!",12,card_delivery_estimate
i made a transaction and it is taking a very long time to go through.,66,transfer_not_received_by_recipient
my transfer to an account failed.,7,beneficiary_not_allowed
i don't understand why it says i have to verify the top-up.,71,verify_top_up
can i add a card that i just found (again) to the app?,13,card_linking
"i'm going to be away for awhile, can i have it add money automatically in certain intervals?",4,automatic_top_up
how long is the wait for a money transfer to post?,48,pending_transfer
could you tell me why my top up isn't showing in my wallet?,62,topping_up_by_card
i've been waiting longer than expected for my card.,11,card_arrival
"i need to get a card, how do i do that?",43,order_physical_card
i do not see a top-up processed.,47,pending_top_up
cancel transaction,8,cancel_transfer
i used my card to top-up but the money is gone!,62,topping_up_by_card
how much does it cost to exchange my balance into a foreign currency?,31,exchange_charge
do i have to go to an actual bank to change my pin?,21,change_pin
"hi there, earlier today i tried to take money out of an atm machine, and something wasn't working. i didn't actually receive the money, but i just checked and it says that the transaction is still pending. can you tell me what's going on here? am i still being charged for the withdrawal even though i didn't end up getting any money?",46,pending_cash_withdrawal
i look but i see no virtual card. why is that?,40,getting_virtual_card
my payment was rejected,25,declined_card_payment
i need more physical cards.,39,getting_spare_card
what to do if my physical card is not working?,14,card_not_working
is american express accepted?,54,supported_cards_and_currencies
i made a top up yesterday but it's still pending.,47,pending_top_up
every atm i visit is rejecting my card and i don't know why. there should be money on it. can you check it to see if something is wrong or if i'm doing something wrong?,26,declined_cash_withdrawal
are there charges for using a bank card to top up,57,top_up_by_card_charge
why are fees charged for cash withdrawals? i went to withdraw some money earlier today after shopping. there's a new fee that there.,19,cash_withdrawal_charge
how many times can i use the disposable virtual card i have?,29,disposable_card_limits
when i received my cash; they had my exchange rate incorrect.,76,wrong_exchange_rate_for_cash_withdrawal
"i've obtained the card, how do i enable it on the app?",13,card_linking
help me check where the funds came from.,70,verify_source_of_funds
how old do kids have to be to open an account?,1,age_limit
my app is displaying a payment i didn't make,16,card_payment_not_recognised
why isn't my google pay top up working?,2,apple_pay_or_google_pay
"i need an actual card that i can hold in my hand, how do i do that?",43,order_physical_card
i wasn't able to use my top up card because the money i put on there wasn't there anymore,62,topping_up_by_card
will the duplicated payment be refunded?,63,transaction_charged_twice
when will the card arrive?,12,card_delivery_estimate
how far is the closest atm from me?,3,atm_support
how much does each transfer cost?,56,top_up_by_bank_transfer_charge
i made a card payment by my card but it failed. please let me know when the payment will get completed as its still pending.,45,pending_card_payment
i have made a recent check and cash deposit that isn't reflected in my balance.,6,balance_not_updated_after_cheque_or_cash_deposit
how long does a transfer from the united kingdom take? i haven't seen it show up yet in my bank account and want to make sure i get the transfer.,5,balance_not_updated_after_bank_transfer
places i can use the card,10,card_acceptance
it looks like my top up didn't work. why?,59,top_up_failed
"after inputting the wrong pin too many times, can you now help me unblock my pin?",49,pin_blocked
"when considering currency holdings and exchanges, what fiat currencies are supported?",36,fiat_currency_support
"the top-up has a definite problem! i regularly use your service and haven't had a problem before, but now the top-up just shows pending. please tell my why it continues to show pending.",47,pending_top_up
when can i expect my transfer to reach my account?,67,transfer_timing
what are the places that you deliver cards to?,43,order_physical_card
i didn't buy this twice,63,transaction_charged_twice
im not paying this transfer fee,64,transfer_fee_charged
i was so embarrassed. why didn't my payment clear?,25,declined_card_payment
am i able to have a card sent to china?,9,card_about_to_expire
i'm still waiting for my card.,11,card_arrival
i tried to top up. why was it denied?,59,top_up_failed
why couldn't i get cash from an atm?,26,declined_cash_withdrawal
can i use american express to add money into my account?,54,supported_cards_and_currencies
two days ago i did a transfer to another account within the country. it doesn't appear the transfer went through. i have verified the account number several times. could you please check on this for me?,66,transfer_not_received_by_recipient
i did a payment but it was reverted by the app,53,reverted_card_payment?
who else can top up my account,62,topping_up_by_card
i live in germany. is that one of the countries you are in? what other countries are you in?,24,country_support
where do i go to change gbp?,33,exchange_via_app
is the exchange rate current?,32,exchange_rate
why isn't my google pay top up working for me? did i do something wrong?,2,apple_pay_or_google_pay
my daughter would like a card from my account? can i do this?,39,getting_spare_card
help me cancel a transaction.,8,cancel_transfer
i would like to know how to transfer money into my account.,65,transfer_into_account
which credit card top-ups do you accept?,54,supported_cards_and_currencies
"i need my card topped up,",62,topping_up_by_card
how can i change to my married name?,30,edit_personal_details
will i be charged for exchanging foreign currencies?,31,exchange_charge
the transfer is coming up as pending the payment is due today. will i be charged a fee?,48,pending_transfer
"why did i get charged for something i bought online? even though it was international, i thought it would be covered.",64,transfer_fee_charged
my transfer didn't work how come?,35,failed_transfer
the seller just told me he didn't get paid. after reviewing my account it did subtract the balance but now it has added it back to my account. i need you to please take care of this promptly.,53,reverted_card_payment?
how long does it take to receive my card?,12,card_delivery_estimate
"i deposited a check yesterday and im not seeing it in my account. i need the money, is there something wrong with my account? check it out please",6,balance_not_updated_after_cheque_or_cash_deposit
one of my transactions needs to be canceled.,8,cancel_transfer
how do i make my top up complete?,47,pending_top_up
someone might have had access to my card.,22,compromised_card
why am i not able to get cash from the atm?,26,declined_cash_withdrawal
can you tell me what i need to do to have my pin changed?,21,change_pin
i need a physical card.,43,order_physical_card
trouble transferring transaction contact for help,27,declined_transfer
can you tell me what the exchange fee is?,31,exchange_charge
who can have access to top up my account?,62,topping_up_by_card
how long should i expect to wait when i add money,47,pending_top_up
is it possible to give a second card for this account to my daughter?,39,getting_spare_card
why doesn't my balance reflect my transfer,5,balance_not_updated_after_bank_transfer
"there is an unexplained $1 charge on my statement, can you please explain this to me?",34,extra_charge_on_statement
the atm won't give my card back!,18,card_swallowed
what does the decline message mean,27,declined_transfer
when i try and to buy something using my card it keeps getting declined.,27,declined_transfer
i am seeing in the app a some cash withdrawal that i did not do,20,cash_withdrawal_not_recognised
help me activate my new card.,0,activate_my_card
what are limits to top up,60,top_up_limits
can a transaction be cancelled?,8,cancel_transfer
"i accidentally chose to exchange gbp, but i need to pick aud. how can i change it?",33,exchange_via_app
i wasn't charged the correct exchange rate for an item i purchased.,17,card_payment_wrong_exchange_rate
do i need to choose gbp to get my salary deposited properly?,50,receiving_money
when can i expect my card? i live in the us.,12,card_delivery_estimate
why are my transfers getting declined? i havent had a problem in the past.,27,declined_transfer
"how long do eu transfers actually take? i recently bought something online a few days ago, sent the money immediately online but the seller says it's still not there yet.",48,pending_transfer
how many disposable cards is the limit?,29,disposable_card_limits
why did my cash get charged a fee that should not be there.,19,cash_withdrawal_charge
what is the expected delivery date for my card?,11,card_arrival
my card didn't work in one of the shops.,25,declined_card_payment
"my netflix subscription says that there is an issue with my card information, but i thought everything was fine. why would it be declined?",14,card_not_working
i want a virtual card!,40,getting_virtual_card
can you tell me exactly what fees i will expect to see in regards to your cards?,43,order_physical_card
wheres my money receipt,66,transfer_not_received_by_recipient
why did i get charged one pound seemingly randomly?,34,extra_charge_on_statement
why did i get a fee?,19,cash_withdrawal_charge
can you tell me how i would go about learning where my funds came from?,70,verify_source_of_funds
i am trying to delete my account.,55,terminate_account
when will my top up process?,47,pending_top_up
how do i know which payments i make will have additional fees? where can i find this information online?,15,card_payment_fee_charged
what do i do if my card expires soon?,9,card_about_to_expire
can i top up with check?,58,top_up_by_cash_or_cheque
how long are deliveries to the us?,12,card_delivery_estimate
"hi, i have transferred money but beneficiary's account is credited with less amount. now i have transfer the difference of the amount. i think there is some issue, could you please look into this.",64,transfer_fee_charged
what is the process to change my pin?,21,change_pin
i need some help with identity verification.,69,verify_my_identity
"i have moved to a new house and set up a rent payment to my landlord, it was supposed to be in her account a few days ago but it hasn't arrived. i definitely sent it to the right place, can you confirm where the money is?",66,transfer_not_received_by_recipient
"after reviewing my charges, i see i was charged a fee for a transfer i did, why?",64,transfer_fee_charged
can i hold money in multiple currencies?,36,fiat_currency_support
can i use my account without verifying my identity?,74,why_verify_identity
can i change my card pin?,21,change_pin
i made a transfer and am still waiting.,5,balance_not_updated_after_bank_transfer
i want to close my account & i will never do business with you again.,55,terminate_account
"will you accept my credit card, it my only one.",54,supported_cards_and_currencies
how do i change my pin?,21,change_pin
how long should i expect to wait for my card to arrive?,12,card_delivery_estimate
i would like a refund for something i bought,52,request_refund
my card payment might have been reverted.,53,reverted_card_payment?
my phone has been stolen.,42,lost_or_stolen_phone
it appears as though my card payment was duplicated. i paid at the store earlier today. the first time it was declined and the second time it worked. the app is still showing one of the payments to be pending. please take one of these off because clearly the first was declined and is not correct.,63,transaction_charged_twice
i need to change my account details,30,edit_personal_details
the cash abroad exchange rate is applied wrong.,76,wrong_exchange_rate_for_cash_withdrawal
my app says i withdraw funds from my account through an atm.,20,cash_withdrawal_not_recognised
are there charges for receiving a sepa transfer?,56,top_up_by_bank_transfer_charge
what is the number of transactions i get with a disposable card?,29,disposable_card_limits
how do i transfer money between two of my accounts?,65,transfer_into_account
what method do you use for the exchange rate?,32,exchange_rate
can you please check the exchange rate when i was getting cash?,76,wrong_exchange_rate_for_cash_withdrawal
my withdrawal from the atm was cancelled.,26,declined_cash_withdrawal
i would like to reactivate a card and wondered if that could be done?,13,card_linking
is there a list of atms that take this card?,3,atm_support
my beneficiary is not allowed? why?,7,beneficiary_not_allowed
i need a new card before it expires.,9,card_about_to_expire
what is the top-ups limit?,60,top_up_limits
a payment i didn't do shows in my app,16,card_payment_not_recognised
why did i get declined transfer,27,declined_transfer
i have to make several disposable cards per day.,29,disposable_card_limits
i don't know what to do. should i transfer funds. my account is out of money.,65,transfer_into_account
the top-up verification code is not visible.,71,verify_top_up
how do disposable cards work?,37,get_disposable_virtual_card
my plans may change so i may need to change from gbp to aud.,33,exchange_via_app
i'm at the atm right now and it only allowed me to withdraw 10 pounds instead of my requested 30. what's going on? how can i fix this?,75,wrong_amount_of_cash_received
tell me why there is a fee for a card payment.,15,card_payment_fee_charged
would it be possible to open up an account for children?,1,age_limit
how many disposable virtual cards can you have?,29,disposable_card_limits
i did not get the right amount of cash from the atm.,75,wrong_amount_of_cash_received
why is the payment i made still pending?,45,pending_card_payment
i did a money transfer to my account and it is not showing there.,5,balance_not_updated_after_bank_transfer
why is allowance not being given to my beneficiary?,7,beneficiary_not_allowed
what does pending payment mean?,45,pending_card_payment
"hae, i already completed my 3d secure authentication when i tried the crypto top up but it's still not working for me. i also don't understand what happened to the money in my account",61,top_up_reverted
what fiat currencies are used with holdings and exchanges?,36,fiat_currency_support
why am i being charged a fee for using my card? if there is some print out of places that charge me can you please send me that?,15,card_payment_fee_charged
are you able to make exchanges to eur?,36,fiat_currency_support
why does it take so long to verify my id,68,unable_to_verify_identity
how do i prove i am who i am?,69,verify_my_identity
"my transfer failed, why did that happen?",35,failed_transfer
the see the rate applied to my transaction was wrong at the atm.,76,wrong_exchange_rate_for_cash_withdrawal
i made a payment that's pending. will it go through?,45,pending_card_payment
what currencies can i use to top up my account?,65,transfer_into_account
how do i validate my identity.,69,verify_my_identity
"why would my transfer be declined? i've checked that i've put in all the right details, but it is still declined.",27,declined_transfer
do i have to pay extra if i use an international card to top up my account?,57,top_up_by_card_charge
what steps do i take to receive another passcode?,44,passcode_forgotten
is there a reason my payments are pending?,45,pending_card_payment
where can i see money source?,70,verify_source_of_funds
with one disposable card how many transactions can i do?,29,disposable_card_limits
i am paid by my employer in gbp; do i need to do anything in the app to indicate this?,50,receiving_money
i was overcharged one extra pound!,34,extra_charge_on_statement
explain pending transactions.,46,pending_cash_withdrawal
how do i get my card back after the atm has pulled it in?,18,card_swallowed
what are the fiat currencies used?,36,fiat_currency_support
"if my top-up didn't transfer, what went wrong?",61,top_up_reverted
i need to update my current address,30,edit_personal_details
"my card arrived but i need to make it work in the app, how do i do that?",13,card_linking
would i be charged any fees if i added money to my account using an international card?,57,top_up_by_card_charge
why has my top-up been returned to my account?,61,top_up_reverted
what factors effect the exchange rate?,32,exchange_rate
why is my cash still pending that i put in atm?,46,pending_cash_withdrawal
can i have a friend send money directly to me?,50,receiving_money
"i have received my card, can you help me put it in the app?",13,card_linking
i have a payment that i didn't make.,16,card_payment_not_recognised
i goofed up and used the wrong account. please help.,8,cancel_transfer
what should i do if my physical card isn't working?,14,card_not_working
card delivery services? where?,43,order_physical_card
i am still waiting for a the cash i deposited this morning,6,balance_not_updated_after_cheque_or_cash_deposit
send me my card now! asap,12,card_delivery_estimate
i think the exchange rate for my for my cash withdrawal is wrong,76,wrong_exchange_rate_for_cash_withdrawal
i was unable to make a transfer to another account.,7,beneficiary_not_allowed
what is the procedure of unblocking my pin?,49,pin_blocked
when should i expect to see my transfer hit my account?,67,transfer_timing
can i receive transfers from my employer to this account?,50,receiving_money
what do i do? my card is broken.,14,card_not_working
"i want to link to my card card with you, how?",13,card_linking
i deposited a cheque a week ago but have yet to receive the cash.,6,balance_not_updated_after_cheque_or_cash_deposit
is it possible someone has access to my card? i noticed that there are a couple of payments in the app i'm sure i did not make. can you find out what's going on here?,16,card_payment_not_recognised
why can't i see the top-up amount i just added to my account?,62,topping_up_by_card
why did they take more money out then i withdrawed?,19,cash_withdrawal_charge
hello. i checked my transactions and saw i was double charged for a restaurant visit. can i get my money back?,63,transaction_charged_twice
i requested a refund and it is missing.,51,Refund_not_showing_up
what locations allow me to withdraw money?,3,atm_support
can i choose from either visa or mastercard?,73,visa_or_mastercard
my wallet got stolen a couple hours ago and now i've seen there already is a withdrawal. help this is absolutely urgent i don't want to loose more money,20,cash_withdrawal_not_recognised
what currencies can i have?,36,fiat_currency_support
what should i do if my card is stolen?,41,lost_or_stolen_card
what fees are charged for a physical card?,43,order_physical_card
i just got refunded for my purchase over two weeks ago,53,reverted_card_payment?
"phone is at a hotel, can i still use app",42,lost_or_stolen_phone
someone has been using my card. there are unfamiliar transactions on there. can you freeze the card to keep this from happening?,22,compromised_card
can i change my pin without going to a bank?,21,change_pin
what happened to the transfer i did?,5,balance_not_updated_after_bank_transfer
i paid two weeks ago and just got refunded,53,reverted_card_payment?
when will a transfer from the us post?,67,transfer_timing
top-up is slow to process,47,pending_top_up
why do i have an unknown payment?,16,card_payment_not_recognised
i do not have my pin,38,get_physical_card
the funds i transferred are not in my account,5,balance_not_updated_after_bank_transfer
i have a confusing payment appear on my statement and i don't recognise it!,16,card_payment_not_recognised
i can not see my top up,62,topping_up_by_card
how long should i wait ti activate my card,0,activate_my_card
can you explain to me why a top-up would still be pending?,47,pending_top_up
my statement contained a one pound extra fee,34,extra_charge_on_statement
how do i discontinue my account?,55,terminate_account
to many charges on my card how do i go about fixing that?,63,transaction_charged_twice
"my daughter needs a card, how do i add her?",39,getting_spare_card
the app doesn't recognize me.,68,unable_to_verify_identity
how long will my atm withdrawal be pending?,46,pending_cash_withdrawal
is there such thing as an auto top-up option?,4,automatic_top_up
why isnt my account allowing transfers,7,beneficiary_not_allowed
someone i don't know has used my card without permission.,22,compromised_card
"i recently deposited some money into my account, but it still isn't showing up. what's going on?",6,balance_not_updated_after_cheque_or_cash_deposit
why was i charged a fee for debit or credit card payment?,15,card_payment_fee_charged
how do i update my current residence details?,30,edit_personal_details
what should i do if i think someone is using my card.,22,compromised_card
can i change from one currency to another?,33,exchange_via_app
i tried to withdraw cash at an atm in the city center but my card was declined. the transaction is still showing up as pending - please cancel it!,46,pending_cash_withdrawal
"i don't recognize some of the transactions on my card, i think someone must have gotten my card info and used it.",22,compromised_card
what is the return policy?,52,request_refund
i'm confused as to why my transfer is still listed as pending on the website.,48,pending_transfer
"please tell me, do you use visa or mastercard?",73,visa_or_mastercard
what should i do when my card reaches its expiry date?,9,card_about_to_expire
how do i top-up automatically?,4,automatic_top_up
i was at an atm and it swallowed my card.,18,card_swallowed
i have have multiple charges for one transaction.,63,transaction_charged_twice
i bought something on line a and the seller hasn't received the money i sent could you please tell me how long an eu transfer takes?,48,pending_transfer
am i charged if i make a top-up?,56,top_up_by_bank_transfer_charge
"i completed an in country transfer a few days ago and was sure to check the account information several times since the transaction was completed, but the funds are still not available. what is the problem?",66,transfer_not_received_by_recipient
what would cause a transfer failure?,35,failed_transfer
"hi, i'm trying to by some crypto and the app isn't allowing it. i really want to exchange this, what am i doing wrong?",7,beneficiary_not_allowed
i was wondering why my card was declined,25,declined_card_payment
"i may need to exchange my usd for gbp, can your app do that?",33,exchange_via_app
i need to get an actual card so that i can use it for in person transactions. how would i do this?,43,order_physical_card
how can my new card be activated?,0,activate_my_card
i tried to make a transfer to a beneficiary and it didn't go through,7,beneficiary_not_allowed
can i use my apple watch to top-up?,2,apple_pay_or_google_pay
why is my beneficiary being denies?,7,beneficiary_not_allowed
how can many disposable cards can i have per day?,29,disposable_card_limits
i need some help linking my new card.,13,card_linking
"i received my american express in apple pay, is there a reason why top up is not functioning properly?",2,apple_pay_or_google_pay
is there any reason my cash withdrawal still shows as pending?,46,pending_cash_withdrawal
should i contact customer support if i can't edit details,30,edit_personal_details
i've been waiting for a top up to come through for over an hour and i need the funds now.,47,pending_top_up
could you inform me as to why i have been charged a higher fee for doing banking abroad.,64,transfer_fee_charged
can i get a real card?,43,order_physical_card
why have i all of a sudden been charged for my atm withdrawal? i thought the withdrawals were free because this is the first time i've ever had this problem.,19,cash_withdrawal_charge
i can't get cash from the atm!,26,declined_cash_withdrawal
why haven't i gotten my new card?,11,card_arrival
what do i do to activate my new card?,0,activate_my_card
will you accept a cheque to top up my account?,58,top_up_by_cash_or_cheque
can i auto top if i'm low on funds?,4,automatic_top_up
how can i use my credit card to transfer money?,62,topping_up_by_card
my funds must be verified,70,verify_source_of_funds
what is the identity verification process?,69,verify_my_identity
i might have been charged on my debit statement by fraud.,28,direct_debit_payment_not_recognised
how did the extra charge on my card come in effect?,15,card_payment_fee_charged
i need to know what these extra charges are on my statement?,34,extra_charge_on_statement
i saw a fee on my receipt from withdrawing money while shopping earlier. is there supposed to be a fee for this type of transaction?,19,cash_withdrawal_charge
can you deliver the pin separately?,38,get_physical_card
where do i find out about exchange fees,31,exchange_charge
"i see i was charged extra when i used the card. i am not sure why, please tell me why.",15,card_payment_fee_charged
i want to revert a transaction i did,8,cancel_transfer
can i use it in any country?,24,country_support
do i get a real card?,43,order_physical_card
will i be charged a fee if i receive a sepa transfer,56,top_up_by_bank_transfer_charge
why was i charged a fee? i thought shopping was free?,15,card_payment_fee_charged
what is the estimated date for delivery to us?,12,card_delivery_estimate
how come i was charged extra when i withdrew cash?,19,cash_withdrawal_charge
"i can't be sure, but i think that someone may be using my card.",22,compromised_card
how do i order a virtual card?,40,getting_virtual_card
i have a pending money transfer,48,pending_transfer
i do not wish to verify my identity.,74,why_verify_identity
i can't find the card pin.,38,get_physical_card
how come there is a duplicate charge on my card?,63,transaction_charged_twice
i noticed a charge for a transfer. why is this? is it because i did an international transfer?,64,transfer_fee_charged
recipient has not received the money,66,transfer_not_received_by_recipient
earlier today i took money out the atm. after checking the app the amount is so much higher than the amount i received.,75,wrong_amount_of_cash_received
there is a payment that is not mine.,16,card_payment_not_recognised
where is the top-up verification code located?,71,verify_top_up
what is the purpose of the extra fee that is showing up on my statement?,34,extra_charge_on_statement
which atm's accept my card?,3,atm_support
the atm keeps declining my card. i tried at a couple different atms. can you tell me if there's a problem with my account?,26,declined_cash_withdrawal
i need to know the cost and when i will receive a new card to replace an old one.,9,card_about_to_expire
my credit card got declined for top up! what's going on? can you check on why it didn't go through?,59,top_up_failed
what is preventing me from adding a specific beneficiary?,7,beneficiary_not_allowed
i don't want to give you all my identify details.,74,why_verify_identity
"do atm cash withdrawals carry a charge now? they've been free in the past, but all of a sudden i have to pay to make atm withdrawals?",19,cash_withdrawal_charge
how can i top up my account by bank transfer?,65,transfer_into_account
i got a fee when paying with my card,15,card_payment_fee_charged
i wasn't applied the correct exchange rate when getting cash,76,wrong_exchange_rate_for_cash_withdrawal
why isnt my cash withdrawal showing,46,pending_cash_withdrawal
how long the card validity,14,card_not_working
i have been trying to make transfers to another account but i keep getting a declined notice. i have checked all of my information more than once and my information is accurate.,27,declined_transfer
how long does it take to get money from europe?,67,transfer_timing
can i get an auto top-up?,4,automatic_top_up
what documentation is needed for the identity check?,69,verify_my_identity
how do i do an international transfer?,65,transfer_into_account
why are there so many fees on my statement?,34,extra_charge_on_statement
i cant transfer money into my account,7,beneficiary_not_allowed
the app is telling me that i am not me.,68,unable_to_verify_identity
"i want to start using my card, how do i activate it?",0,activate_my_card
do i need my phone to use the app?,42,lost_or_stolen_phone
cash withdrawal was incorrect at atm.,75,wrong_amount_of_cash_received
since when were there charges for taking out cash from my account? it's always been free for me to do this before. how much are the charges going to be?,19,cash_withdrawal_charge
what do i need to do to get a refund?,52,request_refund
how does my top-up got cancelled?,61,top_up_reverted
i can't use my virtual disposable card,72,virtual_card_not_working
how do i get my virtual card?,40,getting_virtual_card
why on earth do you need so much personal id info from me?,74,why_verify_identity
can i get money in my home currency at my atm ?i am on holiday and bit concerned because i do not have any cash with me .is it possible to withdraw without any additional cost.,76,wrong_exchange_rate_for_cash_withdrawal
should i complete my security verification before i can use my account?,74,why_verify_identity
why can't i take cash out of the atm?,26,declined_cash_withdrawal
what happens if a merchant doesn't accept a payment?,53,reverted_card_payment?
how do i use american express to top up my account?,54,supported_cards_and_currencies
what can i do to track the card you sent me?,11,card_arrival
where do i need to go to change my pin?,21,change_pin
is there anywhere i can't use my card?,10,card_acceptance
someone stole my money,28,direct_debit_payment_not_recognised
help! there is a cash withdrawl on the account that i didn't make!,20,cash_withdrawal_not_recognised
where do i find a virtual card?,40,getting_virtual_card
i only got some of the cash i requested from the atm,75,wrong_amount_of_cash_received
there was an extra fee when i paid with the card.,15,card_payment_fee_charged
"extra fees on a cash withdrawal, not cool.",19,cash_withdrawal_charge
what kinds of cards can i use to top up?,54,supported_cards_and_currencies
i tried activating my card and it doesn't work how do i solve this problem?,0,activate_my_card
can my salary be received and transferred to my current currency in my country?,50,receiving_money
how do i make my pin work again?,49,pin_blocked
"i used to know my password, but not anymore.",44,passcode_forgotten
i just got my new card and tried using it and it was declined?,25,declined_card_payment
hello i changed my mind and really need a refund on something i bought recently. can you please cancel the transaction and get me my money back. please it's urgent.,52,request_refund
why is my pin blocked?,49,pin_blocked
how do i order my card?,43,order_physical_card
how can i use my american express to add money into my account?,54,supported_cards_and_currencies
how do i go through the process of currency exchange?,33,exchange_via_app
what kind of documents do i need for the identity check?,69,verify_my_identity
help me find the transfer that i did.,5,balance_not_updated_after_bank_transfer
i don't understand why i'm being charged for using my card.,15,card_payment_fee_charged
are refunds allowed for certain items.,52,request_refund
i don't like your company. delete my account.,55,terminate_account
i tried to get cash but it was declined!,26,declined_cash_withdrawal
can i use your app to exchange usd for gbp?,33,exchange_via_app
how long does a payment show as pending before i should worry about it?,45,pending_card_payment
i need help changing my last name on my account.,30,edit_personal_details
can i get a card even though i live in the us,24,country_support
the terminal i paid at wouldn't take my card. is something wrong?,23,contactless_not_working
my transaction is on the wrong account.,8,cancel_transfer
how come i can't take money out of the atm?,26,declined_cash_withdrawal
what is the charge for sending out more cards?,39,getting_spare_card
why was i charged a fee for withdrawing cash?,19,cash_withdrawal_charge
i was mugged. they took everything. i can't use the app. what do i do?,42,lost_or_stolen_phone
is there a charge for topping up by card?,57,top_up_by_card_charge
why could my transfer have been declined?,27,declined_transfer
how long do i have to wait for my transaction to be completed?,66,transfer_not_received_by_recipient
my card has been compromised. i see a bunch of online shopping charges that i didn't make. i need to freeze it immediately.,22,compromised_card
how old do i need to be to open an account?,1,age_limit
how can i report that my card was stolen? i made a police report first.,41,lost_or_stolen_card
i didn't cancel my top-up.,61,top_up_reverted
"if i want to topup by card, how do i do it?",54,supported_cards_and_currencies
"while i was drunk, i goofed my pin number and your machine ate my card. how can i get it back?",49,pin_blocked
what is the extra fee on my statement?,34,extra_charge_on_statement
when i topped up the app has seemed to reverted it.,61,top_up_reverted
what locations can i get money from?,3,atm_support
i'm upset because i got charged a ridiculous fee when making an atm withdrawal over a holiday weekend. it didn't notify me beforehand either or i wouldn't have ever done it.,76,wrong_exchange_rate_for_cash_withdrawal
"i would like to top up via credit card, which credit cards do you support?",54,supported_cards_and_currencies
my top-up isn't working.,59,top_up_failed
i need information explaining why my top-up failed to go through,59,top_up_failed
"i received my card, how do i get it to work in the app?",13,card_linking
what do i do if i already had a card with you guys?,13,card_linking
my transfer hasn't arrived,66,transfer_not_received_by_recipient
how quickly can you get me my card?,12,card_delivery_estimate
how young can someone be in order to open an account?,1,age_limit
what do i do if my card has been lost or stolen?,41,lost_or_stolen_card
how many countries do you support?,24,country_support
i cant get money out of the atm with my card. i just put my card in the atm but it will not allow me to take any money out. what do i need to do to fix this?,26,declined_cash_withdrawal
can third party fees affect a transfer?,56,top_up_by_bank_transfer_charge
"i need to bank account transfer from another account into this one, what is the easiest way that can be done, and what information do i need?",65,transfer_into_account
what is the maximum number of transactions i can do with a disposable card?,29,disposable_card_limits
"when i received my cash, the exchange rate was wrong.",76,wrong_exchange_rate_for_cash_withdrawal
"someone else is using my card, freeze it.",22,compromised_card
i want to cancel the transaction i made earlier,8,cancel_transfer
when is a payment i made with my card going to clear>,45,pending_card_payment
how can i receive money?,50,receiving_money
why can't you allow my beneficiary?,7,beneficiary_not_allowed
can you please tell me where my card is? i ordered it 2 weeks ago!,11,card_arrival
"i need to refund my item, can you please help?",52,request_refund
how much does it cost to top up a us-issued card?,57,top_up_by_card_charge
my money hasn't been transferred yet.,5,balance_not_updated_after_bank_transfer
"my card got blocked, how do i reset?",49,pin_blocked
"i think there may be something wrong with my card. i have never had issues with withdraws before, but this morning on the way to work it was suddenly declined.",26,declined_cash_withdrawal
can i specify a day for my card to be delivered?,12,card_delivery_estimate
my beneficiary didn't receive my transfer,7,beneficiary_not_allowed
i tried to make a transfer and it was declined. why?,27,declined_transfer
why did i not get the amount i specified at the atm?,75,wrong_amount_of_cash_received
i just made a transfer from a uk account. how long does that typically take to show up? i just want to make sure it worked alright.,5,balance_not_updated_after_bank_transfer
is it normal to have to wait over a week for my new card?,11,card_arrival
i need my card quick,12,card_delivery_estimate
i deposited money but my balance hasn't been updated yet.,6,balance_not_updated_after_cheque_or_cash_deposit
there's a delay in my top-up,47,pending_top_up
can you tell me why a cheque deposit isn't showing in my balance?,6,balance_not_updated_after_cheque_or_cash_deposit
i have a transfer waiting.,48,pending_transfer
how do i change gbp to aud?,33,exchange_via_app
why did i not get my cash back after i withdrew?,75,wrong_amount_of_cash_received
i would like to delete my account. i'm not happy with the service you're providing,55,terminate_account
my card payment has the wrong exchange rate,17,card_payment_wrong_exchange_rate
my card did not work at store.,25,declined_card_payment
"ordered awhile back, what is the eta in the us?",12,card_delivery_estimate
when will my transfer be available in my account.,5,balance_not_updated_after_bank_transfer
can you do exchanges of eur?,36,fiat_currency_support
why wont my american express work to add money,54,supported_cards_and_currencies
i moved. where do i update my details?,30,edit_personal_details
help me reset the passcode.,44,passcode_forgotten
i placed my order a week ago. is it ok that my card isn't here yet?,12,card_delivery_estimate
i requested for a top-up but it has not reflected,59,top_up_failed
"i just activated auto top-up, but it is not letting me enable it. why not?",4,automatic_top_up
tried using my atm card earlier at one of your locations for the first time. it didn't work. what is going on?,26,declined_cash_withdrawal
where is my card?,11,card_arrival
i can't enter my passcode.,44,passcode_forgotten
why was i not allowed to do a transfer to a beneficiary?,7,beneficiary_not_allowed
my atm transaction was unsuccessful.,26,declined_cash_withdrawal
i did a transaction to a wrong account!,8,cancel_transfer
how often can i top up?,60,top_up_limits
i can get my identification verified.,68,unable_to_verify_identity
can you help me retrieve my card?,41,lost_or_stolen_card
what is the first step i need to make for being able to access my account?,74,why_verify_identity
i am having some difficulty verifying my id.,68,unable_to_verify_identity
"i have not used my card all day, however, there is an unusual payment showing in my app. i would like to have that amount reimbursed.",28,direct_debit_payment_not_recognised
i tried to buy something online yesterday but it kept saying declined. tried another time today but same thing happened. what's broken?,27,declined_transfer
"if i order a new card, how much will it be and how long will it take me to get it?",9,card_about_to_expire
is it possible to get a visa here?,73,visa_or_mastercard
i made a transfer recently but it has not changed on my dashboard.,48,pending_transfer
how can someone send me money?,50,receiving_money
why is the transfer showing pending?,48,pending_transfer
can i get paid in another currency?,50,receiving_money
whats the delivery time to the united states?,12,card_delivery_estimate
"my card's expiration is approaching, how do i replace it.",9,card_about_to_expire
"fix your system. i can't make transfers, i've tried like 5 times already.",35,failed_transfer
is there a limit to the top-ups someone can do?,60,top_up_limits
the exchange rate was different when i got cash,76,wrong_exchange_rate_for_cash_withdrawal
"i deposited cash into my account, why do i not see it?",6,balance_not_updated_after_cheque_or_cash_deposit
my card won't work right now.,14,card_not_working
is there any limit to the amount i can add to a card at a time?,60,top_up_limits
how do people send me money?,50,receiving_money
i still don't have my pin.,38,get_physical_card
my transfer didn't arrive to the recipient,66,transfer_not_received_by_recipient
i am travelling and i tried to withdraw cash but didn't get what i was supposed to get.,76,wrong_exchange_rate_for_cash_withdrawal
"hi, i have done a topup, but my money was reverted. please look into this issue.",61,top_up_reverted
"i would like to activate my card to use now, can you help me?",0,activate_my_card
what is the procedure for me to get more cards on my account?,39,getting_spare_card
is it possible to top-up automatically?,4,automatic_top_up
i am not able to prove my identity,68,unable_to_verify_identity
why has my transfer been declined?,27,declined_transfer
how do i set up my credit card to send transfers?,62,topping_up_by_card
what's the deal with verifying the top-up?,71,verify_top_up
i have to quickly transfer something to china. how long will it take to arrive there?,67,transfer_timing
what are the rules for a top-up?,60,top_up_limits
"i deposited a check, but haven't received the funds for it.",6,balance_not_updated_after_cheque_or_cash_deposit
i got some cash in the atm but its still pending,46,pending_cash_withdrawal
why is this payment on my app,16,card_payment_not_recognised
why didn't my transfer work?,35,failed_transfer
what is the auto top-up limit?,4,automatic_top_up
is there a limit for top ups?,60,top_up_limits
is there any way to see my card in the app?,13,card_linking
someone stole my wallet with my card in it while vacationing in spain. i really need my card blocked and a new one ordered.,41,lost_or_stolen_card
i want to top up my account. what payment methods are supported?,54,supported_cards_and_currencies
the atm is declining my card. i tried at two different atms. can you tell me if there's anything wrong with my account?,26,declined_cash_withdrawal
when can i expect money to be transferred to my account?,67,transfer_timing
how do i verify my card?,71,verify_top_up
what currency can i use to pay for a top up?,54,supported_cards_and_currencies
i got double charged for a payment so how do i fix that?,63,transaction_charged_twice
can you tell me where i can order a virtual card?,40,getting_virtual_card
there is a duplicate charge on my account.,63,transaction_charged_twice
what are the steps to change my pin to something else?,21,change_pin
what is accepted in regards to cards and currencies?,54,supported_cards_and_currencies
there is the same transaction showing more than once.,63,transaction_charged_twice
the hotel called and said i left my phone in the room.,42,lost_or_stolen_phone
do you have a list of the cards and currencies supported?,54,supported_cards_and_currencies
"hi, i just looked at my card transactions and saw that i've been charged twice for a restaurant i went to this week. can you remove the double charge, please?",63,transaction_charged_twice
how can i update my personal information after moving?,30,edit_personal_details
"i might need to exchange between usd and gbp, is this possible with your app?",33,exchange_via_app
an atm machine didn't return my card.,18,card_swallowed
i tried using my card at multiple vendors and now it's not working.,14,card_not_working
what is the reason for the extra fee on my statement?,34,extra_charge_on_statement
how do i go about getting hold of a virtual card?,40,getting_virtual_card
why was the price higher when i paid with my card?,15,card_payment_fee_charged
"i deposited a cheque, but the balance hasn't changed yet.",6,balance_not_updated_after_cheque_or_cash_deposit
my bank statement doesn't show the cash deposit i made recently.,6,balance_not_updated_after_cheque_or_cash_deposit
"i've just come back from an eating holiday in the usa and canada and have so many pending and duplicated transactions on my account. i think there is something wrong, can you look in to it please?",63,transaction_charged_twice
i am waiting for my card to arrive.,12,card_delivery_estimate
i have a card payment which shows as pending,45,pending_card_payment
"my account shows i have been charged twice for the same meal. how do i get the second payment voided and returned to me? i do not eat out much and my family is living paycheck to paycheck, mostly. i cannot afford to spend more money than necessary, as is, so i must see to it that the cost be promptly credited back onto my card.",63,transaction_charged_twice
i don't know what's going on but all of my transfers keep getting declined. i have checked over the recipient details twice. these details are all correct.,27,declined_transfer
the $1.00 has still not been reverted as indicated in the previous email.,34,extra_charge_on_statement
do you know the rate of exchange?,32,exchange_rate
"how long do transfers from a uk bank account usually take for you? i just made a transfer and i'm not seeing anything, wondering if it worked",5,balance_not_updated_after_bank_transfer
"i was blocked by using the wrong pin too many times, can you help me?",49,pin_blocked
what is the limit to top-up?,60,top_up_limits
my passcode doesn't seem to be working,44,passcode_forgotten
i bought something this morning and the payment is still pending,45,pending_card_payment
are my friends able to top up my account?,62,topping_up_by_card
why is my withdrawal from the atm still showing as pending?,46,pending_cash_withdrawal
can i receive money in a different countries money?,50,receiving_money
i want to shut down my account as soon as possible.,55,terminate_account
where is my refund? it appears to be missing.,51,Refund_not_showing_up
i see a direct debit that i didn't authorize,28,direct_debit_payment_not_recognised
i am missing a refund amount on my account.,51,Refund_not_showing_up
why has my top-up been reverted?,61,top_up_reverted
why was my transfer declined,27,declined_transfer
it looks like a payment i've made hasn't made it through yet.,45,pending_card_payment
will any business take this card?,10,card_acceptance
"i just transferred my friend money, but she hasn't received it yet, and it's been a few hours. can you tell me when to expect it to go through?",66,transfer_not_received_by_recipient
how do i unblock my pin after entering it wrong too many times?,49,pin_blocked
"i was trying to use my card and it was declined, when i tried to find out what happened i found cash withdraw for $500 that i didn't do. can you please help figure this out?",20,cash_withdrawal_not_recognised
help! i can't find my card.,41,lost_or_stolen_card
why is my card payment showing as pending?,45,pending_card_payment
why was i charged for card payment?,15,card_payment_fee_charged
what is the function of the identity check,74,why_verify_identity
my top up did not complete.,47,pending_top_up
what is the cause of the delay in applying my card payment to my account?,45,pending_card_payment
i didn't receive the amount of cash i requested for the atm.,75,wrong_amount_of_cash_received
i believed crypto top up with something you offered. this does not seem to be working. the money has been removed from my account though so what's going on?,61,top_up_reverted
how long does it typically take for a pending atm withdrawal to clear?,46,pending_cash_withdrawal
the app shows direct debit payments that i didn't make,28,direct_debit_payment_not_recognised
can you please explain disposable virtual cards for me?,37,get_disposable_virtual_card
my card is due to expire soon.,9,card_about_to_expire
delete my account now please.,55,terminate_account
is it possible to exchange currencies using the app?,33,exchange_via_app
are top-ups allowed using apple pay?,2,apple_pay_or_google_pay
where do i pay with my debit or credit card?,10,card_acceptance
do you offer swift transfers?,56,top_up_by_bank_transfer_charge
how do i reset my passcode?,44,passcode_forgotten
what other currencies can i hang onto?,36,fiat_currency_support
i tried to buy something online yesterday and got a message saying declined. i tried again today and got the same message. what's the problem?,27,declined_transfer
am i able to get both a visa and mastercard from you?,73,visa_or_mastercard
how fast can you fix an error in payment? i made a payment in the wrong account yesterday and it needs to be adjusted by tomorrow for my rent.,8,cancel_transfer
how do i make more than one disposable card in a day?,29,disposable_card_limits
do i pay extra for exchange?,31,exchange_charge
my card doesn't seem to work.,14,card_not_working
why are the things i bought earlier today still showing as pending?,45,pending_card_payment
can i get a mastercard?,73,visa_or_mastercard
i didn't make a payment at this business.,16,card_payment_not_recognised
a couple weeks ago there was a debit taken from my account from a transaction i don't recall. is it possible to trace this transaction to make sure i'm not being scammed?,28,direct_debit_payment_not_recognised
i am unable to prove my identity,68,unable_to_verify_identity
how do i link one of your card that i already have?,13,card_linking
"left phone at hotel, how to access app",42,lost_or_stolen_phone
what sort of restrictions are there for the disposable cards?,29,disposable_card_limits
there's a refund missing from my statement,51,Refund_not_showing_up
will my card be here soon?,12,card_delivery_estimate
what is the procedure for an expired card?,9,card_about_to_expire
how do i request the pin?,38,get_physical_card
there's an unauthorized direct debit in my app.,28,direct_debit_payment_not_recognised
"i just got a new card, and i want to know how to activate.",0,activate_my_card
i've tried looking for the auto-top up option on your website and i can't seem to find it. can you help me?,4,automatic_top_up
"i want to reset my passcode, how can i do that?",44,passcode_forgotten
what is the top-up limit for my card?,60,top_up_limits
i was double charged at a restaurant can you take the second charge off?,63,transaction_charged_twice
tell me what i need to do to activate my card.,0,activate_my_card
i just replaced my phone so do i have to make a new account?,42,lost_or_stolen_phone
does the pin come under separate cover?,38,get_physical_card
i pulled cash from the atm earlier. why is it still pending if i already have the cash?,46,pending_cash_withdrawal
"i travel a lot, can i get a bulk currency exchange discount?",31,exchange_charge
does the auto top-up have any limits?,4,automatic_top_up
i need a number of disposable cards everyday.,29,disposable_card_limits
there was an extra fee when i was at the atm. why?,19,cash_withdrawal_charge
i would like to change my name after marriage.,30,edit_personal_details
"i need to transfer money into my account, how?",65,transfer_into_account
how can i tell where the money came from?,70,verify_source_of_funds
"hey, my card was declined at an atm in the city centre theatre. my account says the transaction is pending, though. i didn't get the money, though, so what does that mean?",46,pending_cash_withdrawal
my virtual card won't work.,72,virtual_card_not_working
can you tell me what currencies i can use to add money?,54,supported_cards_and_currencies
i need to freeze my card as soon as possible. i just checked my account and saw that there have been several payments that i don't recognize over the course of a few days. can we investigate and get my money back?,16,card_payment_not_recognised
what's the process for topping up my card?,62,topping_up_by_card
can i get a physical card online,43,order_physical_card
can i top up my account with a cheque?,58,top_up_by_cash_or_cheque
"how long does it take to transfer money, my retailer is waiting",66,transfer_not_received_by_recipient
i already have an account. why can't i use it unless my identity is verified?,74,why_verify_identity
what should i do if my passcode won't work?,44,passcode_forgotten
"i am not sure how this will work, but i have not received a product i ordered. i want a refund, but should i just cancel the payment?",52,request_refund
do yo charge a fee for exchanging foreign currencies?,31,exchange_charge
what's going on? i was just recently charged for an atm withdrawal. i've never seen this charge before and before it's always been free.,19,cash_withdrawal_charge
i asked for cash but i did not receive all the funds,75,wrong_amount_of_cash_received
what are the policies of disposable cards?,29,disposable_card_limits
my exchange rate looks wrong for my last payment,17,card_payment_wrong_exchange_rate
"if i want to add funds to the account using american express, how do i do that?",54,supported_cards_and_currencies
how do i add a card on to the app?,13,card_linking
do you support any currency?,36,fiat_currency_support
"i bought something and received it, but the payment went back to my account. is the seller okay?",53,reverted_card_payment?
i've got a repeated tranasaction on my card.,63,transaction_charged_twice
why is there a fee for getting cash?,19,cash_withdrawal_charge
"i no longer have my phone, what should i do?",42,lost_or_stolen_phone
i got a cheque that i want to top up with?,58,top_up_by_cash_or_cheque
for some reason i am unable to preform a transfer to a beneficiary.,7,beneficiary_not_allowed
is the identity check part of bank policy?,74,why_verify_identity
how does a bank transfer for topping my account work?,65,transfer_into_account
are there any charges for topping up a us-issued card?,57,top_up_by_card_charge
i want to get a refund.,52,request_refund
my pin was entered wrong and now i am blocked. please unblock.,49,pin_blocked
i needed $100 but all it gave me was $20.,75,wrong_amount_of_cash_received
where's the money from my transfer from europe?,67,transfer_timing
can you give me information about verification code?,71,verify_top_up
i've lost track of my phone or someone stole it.,42,lost_or_stolen_phone
why would my top up be reverted?,61,top_up_reverted
i need a disposable virtual card. please tell me how to order one.,37,get_disposable_virtual_card
i believe that someone is using my card without my knowledge!,22,compromised_card
where is the closest atm to me?,3,atm_support
my account was charged a fee. when did you start charging extra for card payments?,15,card_payment_fee_charged
a payment is pending,45,pending_card_payment
a fee that shouldn't be there is there after using my card!,15,card_payment_fee_charged
my card was rejected,25,declined_card_payment
i haven't received my virtual card.,40,getting_virtual_card
can i top up my account with a check?,58,top_up_by_cash_or_cheque
why top up is not working even if i got my american express in apple bay?,2,apple_pay_or_google_pay
there is a payment on my card that i do not recognize.,16,card_payment_not_recognised
when will a transfer reach my account?,67,transfer_timing
what are the locations i can withdraw money,3,atm_support
how soon will my card arrive?,12,card_delivery_estimate
my account transfer was not cleared.,7,beneficiary_not_allowed
my refund doesn't seem to be showing on my statement.,51,Refund_not_showing_up
"why are all my transfers failing? i have the details right and they won't complete. i've been trying all day and they still won't go through, this is urgent, please help.",27,declined_transfer
what is the first step that i should take after my card has been stolen?,41,lost_or_stolen_card
how can i track card you sent,11,card_arrival
"can you tell me how long it would take, to make a transfer from france? i made one 2 days ago and its not there yet.",5,balance_not_updated_after_bank_transfer
how can i make my card active?,0,activate_my_card
the exchange rate applied was incorrect when i was traveling outside the country.,76,wrong_exchange_rate_for_cash_withdrawal
i would like to make sure it is delivered on a certain date.,12,card_delivery_estimate
can i purchase with cash or cheque?,58,top_up_by_cash_or_cheque
"if i need delivery on a certain day, is that something that could be accommodated?",12,card_delivery_estimate
how long does it take for a transfer to finish pending?,48,pending_transfer
"may monthly payment to apple has been declined but i don't know why, they are going to re-try the payment and it must go through, can you tell me what is going on please?",25,declined_card_payment
do you know what your exchange rates are?,32,exchange_rate
why wouldn't you support american express? its a card i like and use often and i don't want to get a different one,54,supported_cards_and_currencies
will be apple watch be able to let me top up?,2,apple_pay_or_google_pay
i made a cash withdrawal and it is still listed as a pending transaction.,46,pending_cash_withdrawal
when will it be delivered to the us?,12,card_delivery_estimate
how do i replace my card?,9,card_about_to_expire
please help me get a visa card.,73,visa_or_mastercard
i'm having difficulty verifying my identity.,68,unable_to_verify_identity
why hasn't a transaction i did to my friend arrived yet?,66,transfer_not_received_by_recipient
can i transfer money using a different currency?,50,receiving_money
my card is expiring soon.,9,card_about_to_expire
do you accept swift transfers?,56,top_up_by_bank_transfer_charge
"i am seeing unathorized transactions in the app, on my account.",20,cash_withdrawal_not_recognised
"i saw money was taken out of my account by a seller a while back. i do not recognize the seller, but i'm pretty certain i didn't make that payment. can you track who the seller is?",28,direct_debit_payment_not_recognised
is it ok if i use both visa and mastercard,73,visa_or_mastercard
why is this beneficiary being rejected?,7,beneficiary_not_allowed
my card payment had the wrong exchange rate,17,card_payment_wrong_exchange_rate
when does my balance update for a transfer,5,balance_not_updated_after_bank_transfer
why is there a charged fee for debit or credit card payment?,15,card_payment_fee_charged
how to get virtual card,40,getting_virtual_card
where can i change my personal information after i move?,30,edit_personal_details
how much you charge for exhcange,31,exchange_charge
how do i see the source of my money?,70,verify_source_of_funds
what is the appropriate age for my child to be able to open an account?,1,age_limit
"i made a mistake on the last transfer i made, who must i speak with to cancel?",8,cancel_transfer
show me the amount of transactions i can do with a disposable card.,29,disposable_card_limits
who charged me a fee for paying by card?,15,card_payment_fee_charged
i cancelled my card payment,53,reverted_card_payment?
"hi. about two hours ago i made a transfer from my bank which is in the uk, but i don't see it yet! would you check what's going on with it, please?",5,balance_not_updated_after_bank_transfer
"using google pay, can i top up?",2,apple_pay_or_google_pay
"i was told that withdrawing cash from the atm is free, but i'm charged a fee. why is this?",19,cash_withdrawal_charge
i see a reverted payment on my account. why has this happened?,53,reverted_card_payment?
how long do transfers take to go though,5,balance_not_updated_after_bank_transfer
is there a way to link cards if i have one of yours?,13,card_linking
"i'm going on holiday to france for 6 weeks with my family and the cat, fluffy. i just purchased €10,000 from a currency exchange to ensure we don't run short but there appears to be a fee. what is this for?",15,card_payment_fee_charged
the money i transferred does not show in the balance.,5,balance_not_updated_after_bank_transfer
the card i've got seems to be broken.,14,card_not_working
they used the wrong rate when i made a purchase with foreign currency.,17,card_payment_wrong_exchange_rate
you shorted me money when i tried to make a withdrawal.,75,wrong_amount_of_cash_received
my card stopped working,14,card_not_working
"it seems like i have been waiting forever for this international transfer. why is it taking so long? c'mon, it's 2018, things happen at a click of a button. all of the account information is correct, so how long will this take?",48,pending_transfer
where to check top ups pending?,47,pending_top_up
what happened! i asked for 30 pounds at your atm and only go 10. the machine lied about it too. it said i received the full 30 pounds. someone better help me asap on this.,75,wrong_amount_of_cash_received
how long will my cash withdrawal take,46,pending_cash_withdrawal
"what are the steps to activate the card, as it does not seem to work?",0,activate_my_card
can you help me transfer funds from another bank account to this account?,65,transfer_into_account
"i transferred money to another country several days ago, but my transaction is still pending. i have checked that the accounts are keyed in correctly. what sees to be the problem?",48,pending_transfer
my card expires next week. how do i get a new one?,9,card_about_to_expire
"i decided i no long want something that i ordered, and want a refund. how do i go about doing that?",52,request_refund
"my new card just arrived, how can i activate it?",0,activate_my_card
i deposited cash but it isn't showing up in my account,6,balance_not_updated_after_cheque_or_cash_deposit
i was charged a hidden fee when i paid with card.,15,card_payment_fee_charged
if i don't want a physical card can i get a virtual version?,40,getting_virtual_card
just today there was a purchase on my card that wasn't done by me. can this be reversed and my card be frozen? i can't have this continue!,16,card_payment_not_recognised
how soon will i see the transfer in my account?,67,transfer_timing
my payment was declined,25,declined_card_payment
i don't know why my card payment did not work,25,declined_card_payment
a random charge got added to my card,16,card_payment_not_recognised
"someone has a copy of my card !! i definitely still have it here but someone just made a 500£ cash withdrawal, help!",20,cash_withdrawal_not_recognised
why is it failing to top-up?,59,top_up_failed
i paid with my card and i was charged a fee,15,card_payment_fee_charged
where is my unknown payment from?,16,card_payment_not_recognised
why has my payment not transferred?,35,failed_transfer
is it possible to change my address?,30,edit_personal_details
can you tell me about why the account i have was charged an extra 1$,34,extra_charge_on_statement
i contacted a seller about a refund last week but he still hasn't returned my money. i am frustrated and need these funds. please help me get my money back.,51,Refund_not_showing_up
i just lost my wallet and i think someone is using my card to withdraw my money. can you please cancel or freeze my card?!!,20,cash_withdrawal_not_recognised
"i need a card, but i'm in the us at the moment.",24,country_support
how do i cancel my transfer?,8,cancel_transfer
my top-up didn't go through,59,top_up_failed
is the closest atm to me within 2 miles?,3,atm_support
my disposable virtual card is not working,72,virtual_card_not_working
i need to cancel a transaction please!,8,cancel_transfer
when will my card be delivered?,12,card_delivery_estimate
the wait for this transfer seems to be taking a very long time. it is very important that it goes through quickly. can you please tell me how long it may take?,48,pending_transfer
how do i get the contactless feature to work for my card?,23,contactless_not_working
do i have a $1 extra fee on the statement?,34,extra_charge_on_statement
how long does it take for a transfer?,67,transfer_timing
where exactly does money come from,70,verify_source_of_funds
make my account go away,55,terminate_account
why can't i transfer to an account?,7,beneficiary_not_allowed
i've been unable to pay contactless with my card for over a week now. is there a way to fix this issue?,23,contactless_not_working
"how long do eu transfers take? i bought something online a couple of days ago , sent the money immediately online but the seller says it is still not there yet.",48,pending_transfer
can you explain to me the way to verify my top up has gone through?,71,verify_top_up
i recently transferred money to my account when will it show up?,5,balance_not_updated_after_bank_transfer
i don't understand why my payment was declined. i thought everything was ok.,25,declined_card_payment
help! the app says i took out cash but i didn't!,20,cash_withdrawal_not_recognised
there is a repeat charge for the same item,63,transaction_charged_twice
i refilled my account balance but got an error message.,61,top_up_reverted
i'd prefer mastercard.,73,visa_or_mastercard
"i was doing a transfer and received a ""decline"" message.",27,declined_transfer
whats the maximum number of disposable cards that i can get?,29,disposable_card_limits
how soon will my balance be updated to reflect my transfer?,5,balance_not_updated_after_bank_transfer
i did a payment but the app cancelled it.,53,reverted_card_payment?
where is a atm that accepts mastercard?,3,atm_support
what would the age limit be?,1,age_limit
there was an extra charge when i made a transfer.,64,transfer_fee_charged
do i need to order a new card if mine is expiring?,9,card_about_to_expire
"if i were to transfer, what would the cost be?",56,top_up_by_bank_transfer_charge
"the expiration of my card is near, how do i order a new card?",9,card_about_to_expire
what are the top up charges for all us cards?,57,top_up_by_card_charge
i want to close my account. the service you provide is unsatisfactory to me.,55,terminate_account
how can i verify my indentity?,69,verify_my_identity
how do i report possible fraudulent activity on my account?,22,compromised_card
i tried to make a transfer like five different times. why won't your system let me? is it broke?,35,failed_transfer
is my card pin saved in the app,38,get_physical_card
can you make sure i get a mastercard and not a visa?,73,visa_or_mastercard
i had trouble with an incorrect rate being applied when using the atm with foreign currency.,76,wrong_exchange_rate_for_cash_withdrawal
why is there some cash that i did not deposit in my account?,20,cash_withdrawal_not_recognised
there's a recent charge on my card that i know i didn't make because i've never seen the name before. can we investigate this?,16,card_payment_not_recognised
what kind of cash machines would allow me to change my pin?,21,change_pin
is there a limit on how much i can withdraw from my account without being charged?,19,cash_withdrawal_charge
has my top up been reverted?,61,top_up_reverted
cancel a transaction,8,cancel_transfer
"i needed money for a night out with the girls but i was declined, why?",26,declined_cash_withdrawal
how long will a cash withdrawal be pending?,46,pending_cash_withdrawal
do you have to be 18 to make an account?,1,age_limit
"my phone got stolen, how can i use the app?",42,lost_or_stolen_phone
can i unblock my card using the app?,49,pin_blocked
what age do i have to be?,1,age_limit
i wish to top up using a cheque.,58,top_up_by_cash_or_cheque
why am i getting a fee on a card payment?,15,card_payment_fee_charged
how many uses are the disposable cards good for?,29,disposable_card_limits
what is the refund policy?,52,request_refund
why does my statement show an extra fee?,34,extra_charge_on_statement
is it normal to see a fee for transferring money?,64,transfer_fee_charged
how do i know if my top up was unsuccessful?,59,top_up_failed
the atm didn't give me the the withdraw amount requested.,75,wrong_amount_of_cash_received
can i convert money into different currencies?,33,exchange_via_app
my cash in the atm is still pending,46,pending_cash_withdrawal
i did not get any money but still was charged,75,wrong_amount_of_cash_received
i see my transfer was declined.,27,declined_transfer
why do i see an extra €1 charge on my statement?,34,extra_charge_on_statement
"now that i have my card, how do i connect it to the app?",13,card_linking
can you tell me why the transfer isn't showing up on my account?,5,balance_not_updated_after_bank_transfer
how long does transfer from the us take?,67,transfer_timing
"if my card is about to expire, do i need to order a new one?",9,card_about_to_expire
how can i receive my salary with a different currency?,50,receiving_money
i am just waiting for the transaction to be completed.,66,transfer_not_received_by_recipient
"i didn't want to make a transaction, i want to revert it",8,cancel_transfer
what are the steps needed to top up with apple pay?,2,apple_pay_or_google_pay
i'd like to know what the foreign exchange rate will be.,32,exchange_rate
i was not able to use the atm to get cash,26,declined_cash_withdrawal
why does my transfer still say it is pending?,48,pending_transfer
"i sent a cheque to you a few days ago and the deposit has yet to appear in my account. i need this money, what is the problem?",6,balance_not_updated_after_cheque_or_cash_deposit
what is the maximum for auto top-up?,4,automatic_top_up
can i use any card and currency?,54,supported_cards_and_currencies
its been several days and my cash withdrawal is still pending. why?,46,pending_cash_withdrawal
why is there a transaction that shows multiple times?,63,transaction_charged_twice
i got 2 transfer fees and i thought transfers were free.,64,transfer_fee_charged
"my pin is blocked, what do i do?",49,pin_blocked
"for adding money, which currencies do you accept?",54,supported_cards_and_currencies
where is the top-up card verification code?,71,verify_top_up
"how long does an international transfer take? i made the transfer from france 2 days ago, but it is not showing up in my bank yet.",5,balance_not_updated_after_bank_transfer
can you freeze my card it was stolen,41,lost_or_stolen_card
my money transfer has not yet occurred,48,pending_transfer
what's up with the fee for getting cash?,19,cash_withdrawal_charge
i do not have what is required to prove my identity,68,unable_to_verify_identity
"i withdrew money from an atm today, and now my account is showing a different amount than what i withdrew. i checked the amount the atm gave me, and it looks like it gave me the wrong amount of money. what is the best thin for me to do to get this fixed?",75,wrong_amount_of_cash_received
"for the identity verification, what do you need?",69,verify_my_identity
i have a transfer that is still pending.,48,pending_transfer
the atm kept my card?,18,card_swallowed
where can i find the auto-top up option?,4,automatic_top_up
the first payment i attempted for my card at the store earlier did not process so i had to make a second attempt. the second time it worked. it now appears i was charged twice. after looking at the app i see a pending charge. please remove the pending amount because it is clearly not accurate and was declined.,63,transaction_charged_twice
why am i charged whenever i withdraw cash?,19,cash_withdrawal_charge
what are the exchange rates for getting cash,76,wrong_exchange_rate_for_cash_withdrawal
how long after i receive my statement can i dispute payments on it?,28,direct_debit_payment_not_recognised
i tried to top up and suddenly my money disappeared,62,topping_up_by_card
i want to get visa and mastercard,73,visa_or_mastercard
where did the money transfer go?,66,transfer_not_received_by_recipient
do you know why my card payment is declined?,25,declined_card_payment
what about my children?,1,age_limit
i withdrew some cash out of the atm over the holiday. it seems that i was charged some outrageous fees. i would not have done that had i been aware of these outrageous charges!,76,wrong_exchange_rate_for_cash_withdrawal
what has to be done to verify my identity?,69,verify_my_identity
i have no more money in my account. is there a way to do a bank transfer to put money into my account?,65,transfer_into_account
"i need to transfer something asap from china, how long will it take to post to my account?",67,transfer_timing
what are the steps i follow to transfer money into my account?,65,transfer_into_account
why have i been charged an extra £1?,34,extra_charge_on_statement
can you please identify the problem with my bank card?,14,card_not_working
can i top up with google pay?,2,apple_pay_or_google_pay
why was my card payment cancelled?,53,reverted_card_payment?
how can i get a virtual card for a one-time transaction?,37,get_disposable_virtual_card
"i need my pin, where is it?",38,get_physical_card
i would like to know how i can verify my identity.,69,verify_my_identity
when will i receive my card?,12,card_delivery_estimate
what is this fee for transferring money?,64,transfer_fee_charged
can i get some money exchanged?,33,exchange_via_app
are there limits on auto top-up?,4,automatic_top_up
i think i was double charged,63,transaction_charged_twice
"when my card expires soon, how fast is the replacement card sent and what are the costs?",9,card_about_to_expire
"after putting in the wrong pin too many times, i was blocked. can you assist me in changing it?",49,pin_blocked
there is a €1 extra fee in my statement,34,extra_charge_on_statement
my account is depleted. can i transfer funds from another bank?,65,transfer_into_account
"when i tried to top up using my card, all of the money disappeared.",62,topping_up_by_card
i would like a card please.,43,order_physical_card
"i was charged a fee when i transferred my funds, why?",64,transfer_fee_charged
why was my account assessed a fee?,34,extra_charge_on_statement
the app declined my top up. what did i do wrong?,61,top_up_reverted
my card failed to work when i was shopping in a store,25,declined_card_payment
why hasn't my transfer gone through yet?,48,pending_transfer
what do i do if my google pay top up isn't working?,2,apple_pay_or_google_pay
the app made a mistake and said i made a cash withdrawal.,20,cash_withdrawal_not_recognised
"there's a weird payment showing in my app that i definitely haven't made myself, as i haven't used the card at all that day. please cancel that and return my money.",28,direct_debit_payment_not_recognised
"i'm not happy, i want to close my account.",55,terminate_account
what all currencies can be exchanged?,33,exchange_via_app
can you show me where to link the new card?,13,card_linking
"i need to make a transfer from europe, how many days does this take?",67,transfer_timing
why can't i take $100 out,75,wrong_amount_of_cash_received
i am seeing in the app a payment that its not mine,16,card_payment_not_recognised
where is my money i was using my card and it disappeared,62,topping_up_by_card
my card needs to be topped up.,62,topping_up_by_card
can i submit a check or cash payment?,58,top_up_by_cash_or_cheque
how do i replace a stolen card?,41,lost_or_stolen_card
why hasn't my balance been updated from the check deposit i made?,6,balance_not_updated_after_cheque_or_cash_deposit
i do not know what this charge is for,28,direct_debit_payment_not_recognised
what am i being charged an extra pound when i haven't bought something worth that much?,34,extra_charge_on_statement
why am i being charge a fee when using an atm?,19,cash_withdrawal_charge
which fiat currencies are supported for holding and exchanging?,36,fiat_currency_support
why do i need to verify my account?,74,why_verify_identity
why don't i see my top up in my wallet?,62,topping_up_by_card
i saw a fee on my app from one of my payments and i wasn't sure where it came from. is there a way you can tell me when there's an additional fee for my payments?,15,card_payment_fee_charged
how to receive the actual card,43,order_physical_card
"i tried topping up but my funds seem to be pending. i want to buy something right now, what do i do?",47,pending_top_up
what is the delivery time for us?,12,card_delivery_estimate
is it possible to top up with google pay?,2,apple_pay_or_google_pay
when will the transfer go through?,48,pending_transfer
"there was just a withdrawal but it wasn't me, i've never even visited the town where the withdrawal happened.",20,cash_withdrawal_not_recognised
how do i query a payment on my card? it looks like i have paid for the same thing twice.,63,transaction_charged_twice
can i transfer money to my credit card?,62,topping_up_by_card
do i have to verify the top-up?,71,verify_top_up
i have been charged twice this week for a couple of things on my card. can you please check this out for me and return the double charged items back?,63,transaction_charged_twice
my money disappeared! please help??,61,top_up_reverted
wtf??? i tried to withdraw some money at a metro bank on high st. kensington and without any notice it disappeared in the machine. the bank was already closed so i couldn't do anything. how do i get it back?,18,card_swallowed
i can't use the app because i got mugged yesterday and they took everything. i need some help.,42,lost_or_stolen_phone
can you tell me why my card was declined?,25,declined_card_payment
i was not distributed the correct amount of cash that i asked for,75,wrong_amount_of_cash_received
i am waiting for a payment to go through.,45,pending_card_payment
next time maybe let people know that buying things from another country costs extra. i used my card to purchase an item from another country and i was charged for the item and also an extra fee it looks like. i wasnt aware of this and i think i should get a refund.,64,transfer_fee_charged
a friend was telling me about her disposable cards. what would i have to do to be able to get that feature?,29,disposable_card_limits
tell me the currencies that you support.,36,fiat_currency_support
"i need multiple cards per day, and they all have to be disposable.",29,disposable_card_limits
"transfer unable to be completed, states 'declined'",27,declined_transfer
what is the maximum i can top up?,60,top_up_limits
can i setup top ups in advance?,4,automatic_top_up
do i have to verify who i am?,74,why_verify_identity
i see cash in my app but i did not get it.,20,cash_withdrawal_not_recognised
why do you need to know where my money is coming from?,70,verify_source_of_funds
help me get the virtual card working.,72,virtual_card_not_working
"if someone in a different country sends me money, do i have to pay a fee?",31,exchange_charge
"looks like my card payment was made twice by mistake. i went to pay at the store earlier which rejected once, second time it worked. app is on pending for one of the payments. can you please remove one of them as it's wrong and clearly was declined?",63,transaction_charged_twice
is there a reason i need to verify top up,71,verify_top_up
is there any way i could open an account for my daughter?,1,age_limit
to cash withdrawals charge me?,19,cash_withdrawal_charge
i will need a new card because mine is almost expired. how fast do i get a replacement and what is the cost?,9,card_about_to_expire
i do not recognise this card payment.,16,card_payment_not_recognised
there is a transaction on my account that i didnt make,16,card_payment_not_recognised
what are then rules on beneficiaries?,7,beneficiary_not_allowed
how can i reset my darned pin number?,49,pin_blocked
"i tried to buy something and it was declined and my transfers keep getting declined, why?",27,declined_transfer
"i received my american express in apple pay, why is top up not working?",2,apple_pay_or_google_pay
there is a transfer not showing on my account.,5,balance_not_updated_after_bank_transfer
"i lost my card, what do i do now?",41,lost_or_stolen_card
what do i have to do to get my virtual card?,40,getting_virtual_card
my card needs to be activated.,0,activate_my_card
has my top-up gone through?,61,top_up_reverted
"looks like my card payment was duplicated after all. i went to pay at the store earlier, got declined once,second time it works. app still stays pending for one of the payments. can you remove one of them as it's wrong and clearly was declined?",63,transaction_charged_twice
how do i get extra cards?,39,getting_spare_card
"i dont know what happened, but my payment was cancelled",53,reverted_card_payment?
i want a refund on this.,52,request_refund
i see a $1 charge in a transaction.,34,extra_charge_on_statement
are there any atm machines near me?,3,atm_support
how do i avoid charges in the future,15,card_payment_fee_charged
"hi, i was at a restaurant later the week and when i went to look at my account i noticed that i got charged twice. i would like to get my money back from one of those transactions.",63,transaction_charged_twice
is there a reason my transfer would have been declined?,27,declined_transfer
i disagree with a charge,16,card_payment_not_recognised
what happens when i money transaction doesn't show up on the receiving side?,66,transfer_not_received_by_recipient
is there a way to verify a card top-up?,71,verify_top_up
i'm not sure where my phone is. can someone else use the app?,42,lost_or_stolen_phone
how can i change my information?,30,edit_personal_details
why did i only get $20 when i tried to get $100,75,wrong_amount_of_cash_received
freeze my account it's been hacked.,22,compromised_card
i got less cash than what i specified for through the atm.,75,wrong_amount_of_cash_received
my card payments have stopped.,53,reverted_card_payment?
"i think someone might have a copy of my card because a 500 dollar withdrawal was made, and it wasn't me. can you please help?",20,cash_withdrawal_not_recognised
how long will a transfer be pending for?,48,pending_transfer
i can't make purchases with my virtual card.,72,virtual_card_not_working
i'd like to provide my daughter with a card - could i get an additional card from my account to give her?,39,getting_spare_card
is there anything i need to do since my phone was stolen?,42,lost_or_stolen_phone
"i have been charged more than i should for the presents i bought when abroad, the problem seems to be the exchange rate.",17,card_payment_wrong_exchange_rate
please help me to know the status of my card payment as its pending since a while.,45,pending_card_payment
"i signed up, but don't have a pin. where can i find it?",38,get_physical_card
why has my payment been declined? i paid by card.,25,declined_card_payment
how do i make my card appear on the app?,13,card_linking
how long is a delivery to the us?,12,card_delivery_estimate
why was i charged an extra fee when using an atm?,19,cash_withdrawal_charge
i think my phone was stolen. what can i do?,42,lost_or_stolen_phone
is apple pay a top up service?,2,apple_pay_or_google_pay
can i use it all over the world?,24,country_support
how long is the wait for a us transfer?,67,transfer_timing
what does it mean if it says my card payment has been cancelled?,53,reverted_card_payment?
i bought some things in the morning but the payment shows as pending,45,pending_card_payment
i need to know what's going on. i was under the impression you offered cryto top up which doesn't seem to be working and money has just vanished from my account.,61,top_up_reverted
"hey, i tried to withdraw some cash earlier and it's saying it's pending? will i be charged for this?",46,pending_cash_withdrawal
"i don't know why the deposit i made a week ago still hasn't showed up, i really need the money now.",6,balance_not_updated_after_cheque_or_cash_deposit
the exchange rate for case abroad is applied wrong.,76,wrong_exchange_rate_for_cash_withdrawal
"hi, i don't know what's going on i've just paid for my top up twice by accident can you help me get a refund please.",61,top_up_reverted
can i use the card at any cash machine?,3,atm_support
can i change my name? i am not married.,30,edit_personal_details
"according to the app, i got cash from an atm but i haven't made any transactions.",20,cash_withdrawal_not_recognised
i have an unknown direct debit payment on my account,28,direct_debit_payment_not_recognised
please check to see if the band transfer i made a while ago from my uk account has safely arrived.,5,balance_not_updated_after_bank_transfer
i sent a cheque a few days ago and nothing has happened to my account yet. can you please check on this for me?,6,balance_not_updated_after_cheque_or_cash_deposit
i asked for 100 only got 80,75,wrong_amount_of_cash_received
i have gone through my statements and noticed there is a large payment that i did not make. can i still dispute the payment? its been a while,28,direct_debit_payment_not_recognised
my contactless is not working,23,contactless_not_working
this verifying the top up is annoying,71,verify_top_up
if i want my son to have his own account is that possible?,1,age_limit
is there a fee to top up a us card using a debit or credit card?,57,top_up_by_card_charge
can i verify my top-up card?,71,verify_top_up
does this app exchange currencies?,33,exchange_via_app
am i able to get a second card?,39,getting_spare_card
why am i charged an extra fee on my card?,15,card_payment_fee_charged
i have tried using my card for the first time at the atm of notting hill to withdrawal cash but it didn't work. does this mean my card isn't working?,26,declined_cash_withdrawal
can i use my american express card to add money into my account?,54,supported_cards_and_currencies
how do i update my details?,30,edit_personal_details
my transfer will not go through.,35,failed_transfer
can you walk me through how i can edit some of my personal information?,30,edit_personal_details
when will my funds transfer?,66,transfer_not_received_by_recipient
how do i cancel my account,55,terminate_account
how can i check for an unsupported merchant for my transfer request?,27,declined_transfer
how many times can i auto top-up?,4,automatic_top_up
how can i exchange currencies in the app?,33,exchange_via_app
what is the virtual card and how can i get one?,40,getting_virtual_card
"i deposited a cheque, but my account balance stayed the same.",6,balance_not_updated_after_cheque_or_cash_deposit
"hello, i have recently made a purchase and have decided to cancel my purchase. is there any way that you can cancel that transaction for me so i can get the money back? it's very important.",52,request_refund
why hasn't my virtual card arrived?,40,getting_virtual_card
i won't verify my identity.,74,why_verify_identity
where is the verification code display?,71,verify_top_up
my top-up appears to be pending.,47,pending_top_up
how long does it take for me to get my pin,38,get_physical_card
why am i being asked to verify my identity?,74,why_verify_identity
"it's been over a month and i still haven't received my goods! i ordered a pencil for crying out loud, it's not that hard to deliver that! i'm done with these people, give me a refund immediately! i'll search for my japanese exclusive pencil elsewhere!",52,request_refund
the app doesn't believe that i am me,68,unable_to_verify_identity
i want some extra physical cards.,39,getting_spare_card
i did a transaction this morning and now i want to cancel it.,8,cancel_transfer
the transfer to my beneficiary has not gone through,7,beneficiary_not_allowed
i need to terminate my account.,55,terminate_account
i can't see my latest bank transfer,5,balance_not_updated_after_bank_transfer
"hi , i just came to know i made the wrong transaction yesterday. would you please make it correct?i need it by tomorrow.",8,cancel_transfer
i tried transferring to an account but it won't let me.,7,beneficiary_not_allowed
how do i know when my card will arrive?,11,card_arrival
what do i need to verify my identity,69,verify_my_identity
under what condition will my payment revert?,53,reverted_card_payment?
how do i go about exchanging currencies with this app?,33,exchange_via_app
can i directly transfer my salary onto here?,50,receiving_money
why was i overcharged a pound!?,34,extra_charge_on_statement
can you explain the transfer fee that i was charged?,64,transfer_fee_charged
was my top up reversed?,61,top_up_reverted
currently i can't get my card to work.,14,card_not_working
my account was charged a debit payment i don't recognize.,28,direct_debit_payment_not_recognised
how can i top up with cash?,58,top_up_by_cash_or_cheque
can i get an actual card,43,order_physical_card
help! the atm won't give me my card back.,18,card_swallowed
what is the charge for receiving a sepa transfer?,56,top_up_by_bank_transfer_charge
why is it necessary to verify the top up?,71,verify_top_up
do you charge for physical cards,43,order_physical_card
why is my debit card being declined when i have money?,25,declined_card_payment
what are these fees i am paying?,15,card_payment_fee_charged
why have i been charged twice for the same transaction?,63,transaction_charged_twice
how long does it take to process transfers from europe?,67,transfer_timing
my money hasn't been deposited yet. when will it be?,47,pending_top_up
how do i to up by card?,62,topping_up_by_card
i need help from someone in your department with finding my nearest atm.,3,atm_support
i am chatting about an order from a long while back. i never got it to this day and am deeply upset by this! i want all of my money back! i just can not accept paying for something i never got.,52,request_refund
can you share card tracking number?,11,card_arrival
i'm not able to withdraw money from the atm but i'm not sure why.,26,declined_cash_withdrawal
where do i go to order my card?,43,order_physical_card
my id won't be verified!,68,unable_to_verify_identity
how long will it take for the cash i deposited this morning to show up?,6,balance_not_updated_after_cheque_or_cash_deposit
i sent payment with eu transfer and they still haven't received it. how long does it take?,48,pending_transfer
i got a message that my transfer was declined.,27,declined_transfer
"please help me as i am continuously facing the issue in transferring money to my friends, as all my transactions are getting failed.",35,failed_transfer
why is my cash request and the amount i received different?,75,wrong_amount_of_cash_received
i don't recognise a direct debit payment,28,direct_debit_payment_not_recognised
"my account got charged for taking out cash, why did this happen?",19,cash_withdrawal_charge
top up cancellation,61,top_up_reverted
what will happen after my card expires?,9,card_about_to_expire
i think someone stole my card because i can't find it.,41,lost_or_stolen_card
"i do not remember the code, what should i do?",44,passcode_forgotten
i need my pin unlocked.,49,pin_blocked
what do i do if i can't get my card out of the atm?,18,card_swallowed
can i use my apple watch to pay for gas?,2,apple_pay_or_google_pay
are the top-ups limited?,60,top_up_limits
where do i verify my identity?,69,verify_my_identity
why can't i top up by cheque?,58,top_up_by_cash_or_cheque
what happens after my card expires?,9,card_about_to_expire
i made a mistake with a transaction!,8,cancel_transfer
my disposable virtual card is not working when i try to use it at a point of sale transaction. what do i do now?,72,virtual_card_not_working
"i have done a transfer within the country the day before yesterday, but it's still not there yet. can you please check what's going on with that, the account number definitely is the right one, i've checked that several times already.",66,transfer_not_received_by_recipient
i'm on holiday and i noticed a different amount for exchange rate. can you explain?,17,card_payment_wrong_exchange_rate
"hello, my money went through for my purchase but now i got contacted from the seller noting that they didn't receive it. then the money was returned to my account and i'm not sure why this occurred. so if you can resolve this issue please.",53,reverted_card_payment?
can i get money in my home currency at some atm ? as i am on holiday and bit concerned because i do not have any cash with me . is it possible to withdraw without any additional cost.,76,wrong_exchange_rate_for_cash_withdrawal
i can't see my cash deposit in my account.,6,balance_not_updated_after_cheque_or_cash_deposit
i need my account checked because it appears there is a problem. i attempted to update my balance yesterday using cheque but it doesn't seem to have worked. should this not be faster than this?,6,balance_not_updated_after_cheque_or_cash_deposit
does it cost anything to get a new card? mine's about to expire and i'd also like to know how long it takes to get the new one.,9,card_about_to_expire
can i use my card in austria?,24,country_support
when can i expect my card to be delivered to the us?,12,card_delivery_estimate
i would like to top up with check,58,top_up_by_cash_or_cheque
why did my transfer to a beneficiary fail?,7,beneficiary_not_allowed
i am unaware of what my password is.,44,passcode_forgotten
i can't remember my password.,44,passcode_forgotten
do you have an auto top-up option?,4,automatic_top_up
could you explain your rules for atm fees?,19,cash_withdrawal_charge
can i exchange currencies with my account?,33,exchange_via_app
where can i locate my card pin?,38,get_physical_card
can usa residents get a card?,24,country_support
there's a possibility that my card was compromised.,22,compromised_card
"i bought something in another currency, but the exchange rate was incorrect.",17,card_payment_wrong_exchange_rate
i'm looking for the option to top up by cheque.,58,top_up_by_cash_or_cheque
i think i was charged by mistake on my debit statement.,28,direct_debit_payment_not_recognised
what card types can i choose from?,73,visa_or_mastercard
what physical locations can i use cash to top up?,58,top_up_by_cash_or_cheque
what is the daily limit on my card?,60,top_up_limits
"how long do transfers need to come through? i sent some money to a friend, she needs it urgently, but seems it's still not there yet after a couple hours.",66,transfer_not_received_by_recipient
can you tell me whats going on with my card it seems to be not working?,14,card_not_working
how do i change my passcode?,44,passcode_forgotten
pending transfer?,48,pending_transfer
what is this random charge of one pound doing on my account?,34,extra_charge_on_statement
tell me why there is a charge on my cash withdrawl.,19,cash_withdrawal_charge
tell me how to reset the passcode.,44,passcode_forgotten
why was i charged when taking out money?,19,cash_withdrawal_charge
where is the closest atm i can use?,3,atm_support
can i use your app if i am from the eu?,24,country_support
why do i have a transaction showing up more than once?,63,transaction_charged_twice
i have to verify my source of funds.,70,verify_source_of_funds
"so i've been using my account frequently to manage payments for my vacation house in a different country, and now i'm getting hit with ridiculously high fees! what's with that? ought not i be rewarded as a frequent user?",64,transfer_fee_charged
how do i verify the top-up card?,71,verify_top_up
i received incorrect amount of cash from an atm today. it was more than i wanted. what do i do now?,75,wrong_amount_of_cash_received
"i topped up last night but don't have any funds, why not?",47,pending_top_up
my cash deposit hasn't posted to my account.,6,balance_not_updated_after_cheque_or_cash_deposit
help! someone stole my card!,41,lost_or_stolen_card
how can i lookup the source for my available money?,70,verify_source_of_funds
"i tried to access money earlier but the machine seems not to be working. after looking, the transaction actually shows to still being process. can you find out what is going on here? i don't want to be charged for some money i never got.",46,pending_cash_withdrawal
i forgot my passcode. now what?,44,passcode_forgotten
explain to me why a transfer would be declined.,27,declined_transfer
the transger i tried to make failed.,35,failed_transfer
the store card reader would not accept my card.,25,declined_card_payment
transfer isn't working?,35,failed_transfer
there is not a refund in my statement.,51,Refund_not_showing_up
where can i change my address?,30,edit_personal_details
what is the tracking number for the card you sent?,11,card_arrival
i must have entered my pin wrong.,49,pin_blocked
my transfer appeared not to work.,35,failed_transfer
how much is the charge for a foreign currency exchange?,31,exchange_charge
why isn't my top up showing on my wallet?,62,topping_up_by_card
my money transfer hasn't appeared yet.,48,pending_transfer
where do i get a disposable virtual card?,37,get_disposable_virtual_card
what options do i have for holding currencies?,36,fiat_currency_support
i ordered something online a while ago and i haven't gotten it. i would like a refund.,52,request_refund
is it possible to get a card if i'm not in the uk?,24,country_support
i prefer mastercard.,73,visa_or_mastercard
"if i need to make an exchange from usd to gbp, how can i do so in the app?",33,exchange_via_app
do you charge a fee for topping up a card?,57,top_up_by_card_charge
i need a few more physical cards.,39,getting_spare_card
do you know why my card payment has been declined?,25,declined_card_payment
"hi, yesterdays i was unable to do online shopping as it was getting declined. today i am facing the same issue. please help me in this respect.",27,declined_transfer
"how do i reset a forgotten passcode, please?",44,passcode_forgotten
do you accept other currencies besides us dollars?,54,supported_cards_and_currencies
"i'm having a problem with a money transfer. i sent some money to a friend a couple of hours ago, and they haven't received it yet. why hasn't it gotten to them? how long do transfers need to go through?",66,transfer_not_received_by_recipient
my account balance has not updated to reflect my recent transfer.,5,balance_not_updated_after_bank_transfer
how do i link an old card?,13,card_linking
"i desperately need to change my pin, but i'm overseas on vacation right now. how can i do this?",21,change_pin
what does it mean when a payment is pending?,45,pending_card_payment
i need more than one disposable card,29,disposable_card_limits
"i want to top up by using a credit card, which ones do you support?",54,supported_cards_and_currencies
i need an atm right now!,3,atm_support
will i be charged a fee to top up using a debit or credit card?,57,top_up_by_card_charge
payment i did not make.,16,card_payment_not_recognised
my top up failed.,59,top_up_failed
i have a card that was deactivated can i reactivate it?,13,card_linking
how much more do i have to pay to exchange currencies?,31,exchange_charge
i don't know my password anymore.,44,passcode_forgotten
would i be able to refund an item?,52,request_refund
will i be fined for topping up by transfer?,56,top_up_by_bank_transfer_charge
i can't see the transfer that i put in.,5,balance_not_updated_after_bank_transfer
"can you help me with a weird charge? it's a pound charge that never goes away from the statement view on the app i'm using. it's not described as anything but ""pending"", and that status has never changed during the last two days.",34,extra_charge_on_statement
i lost my passcode.,44,passcode_forgotten
i wish to close my account. i do not like the service you provide.,55,terminate_account
i've completely forgot the code to get into the app.,44,passcode_forgotten
i really was trying to complete this exhange. i was trying to purchase some crypto but the app won't allow me to do it. can you tell me what's going on here?,7,beneficiary_not_allowed
what reason did my top-up fail for?,59,top_up_failed
how do i contact customer support about my declined transfer?,27,declined_transfer
what do i do if my card gets broken?,14,card_not_working
my transfer is still pending and i know the account numbers are correct. please help.,48,pending_transfer
i don't see a refund in my account.,51,Refund_not_showing_up
are swift transfers supported?,56,top_up_by_bank_transfer_charge
the transfer i made isn't reflected in my balance,5,balance_not_updated_after_bank_transfer
how much money can i withdraw before fees? i noticed a fee on my card but i didn't think i had hit the limit of how much i could withdraw in a month.,19,cash_withdrawal_charge
the app denied my topped up.,59,top_up_failed
a debit came through that i need to dispute.,28,direct_debit_payment_not_recognised
there is more than one of the same transaction on my account.,63,transaction_charged_twice
how do i go about changing my pin?,21,change_pin
can you change the rate for the item i bought in a different currency as it is wrong?,17,card_payment_wrong_exchange_rate
my daughter needs a card. can i give her one of mine that's linked to my account?,39,getting_spare_card
how much transactions do i get with a disposable card?,29,disposable_card_limits
how do i use bank transfer to top up my account?,65,transfer_into_account
will any atm's decline my card?,3,atm_support
i need a quick transfer from china. how long would that take?,67,transfer_timing
my statement is showing i was charged a dollar and i am not sure why.,34,extra_charge_on_statement
"did you lose my money? i had added funds through top-up not long ago and i know they were in my account, but they seem to have disappeared. what happened?",61,top_up_reverted
where can i withdrawal my money?,3,atm_support
in the app i see a direct debit that i don't recognize.,28,direct_debit_payment_not_recognised
"can i use my account now, even though my identity verification has not gone through yet?",74,why_verify_identity
cash from this morning has not deposited,6,balance_not_updated_after_cheque_or_cash_deposit
"hi, i made a transfer from france two days ago and thought it would be here by now. can you give me an update please?",5,balance_not_updated_after_bank_transfer
"do i have to top up in euros if i use a card, or can i use a different currency?",54,supported_cards_and_currencies
does the app allowing exchanges between usd and gbp,33,exchange_via_app
how can i alteration my pin?,21,change_pin
how are cash withdrawals pending?,46,pending_cash_withdrawal
my card was stolen. what do i need to do?,41,lost_or_stolen_card
help me find where this money came from,70,verify_source_of_funds
has my card been lost in delivery?,11,card_arrival
i made a payment that seems to be stuck. it's been a couple of days already. can you tell me how long it will take?,45,pending_card_payment
i'm trying to transfer money to another country. it's just pending and not sending. my account details are correct. please help me.,48,pending_transfer
why verify the top-ups?,71,verify_top_up
the app does not know it is me.,68,unable_to_verify_identity
what steps do i need to take to close my account?,55,terminate_account
can my pin changed remotely without visiting a bank?,21,change_pin
i did not set up a direct debit i have,28,direct_debit_payment_not_recognised
how do i get money from friends?,50,receiving_money
the exchange rate was different than expected,76,wrong_exchange_rate_for_cash_withdrawal
what was the extra charge for withdrawing money?,19,cash_withdrawal_charge
why is there a fee for doing a transfer?,64,transfer_fee_charged
would i be able to open an account for my daughter?,1,age_limit
i got charged a fee that shouldn't be there from my cash,19,cash_withdrawal_charge
what atms can i use this card at?,3,atm_support
how can i obtain a virtual card?,40,getting_virtual_card
"i tried using my card and it kept getting declined, why?",25,declined_card_payment
can you see my new balance yet?,5,balance_not_updated_after_bank_transfer
"my card is expiring shortly. how much will it cost for a replacement, and how soon can i get it?",9,card_about_to_expire
my top up says it is still pending,47,pending_top_up
is there a fee for sending out more cards?,39,getting_spare_card
where do you get those exchange rates?,32,exchange_rate
is there any way i get a disposable virtual card as well?,37,get_disposable_virtual_card
please update me on whether you have received the funds for the refund of the large purchase i made recently. i have requested this from the merchant days ago but still haven't got anything.,51,Refund_not_showing_up
can i change my pin at my local bank?,21,change_pin
some cash i didn't get shows in my app,20,cash_withdrawal_not_recognised
i put money into my account for the minimum balance but the application didn't accept.,61,top_up_reverted
can i get a physical card,43,order_physical_card
why did i have to pay extra because i paid with my card?,15,card_payment_fee_charged
"i put my check in the bank, but i haven't gotten my cash yet?",6,balance_not_updated_after_cheque_or_cash_deposit
a transfer to my account shows as still pending and i wanted to know how long it is suppose to take to clear.,48,pending_transfer
how do i get another card,39,getting_spare_card
is there a way to do top up with cash deposit,58,top_up_by_cash_or_cheque
i have withdrawn cash from the atm but it is showing in my account as a pending transation. why is this?,46,pending_cash_withdrawal
"hi, is there any problem with app? as i am facing some issues with the exchange of crypto currency. i am extremely interested in buying.",7,beneficiary_not_allowed
how can my friend send money to me?,50,receiving_money
i just got an email in confirming my purchase with my card. i login to the mobile app on the card and found out there are several purchase were made without me aware of it. evidently someone had stole my card information and made these fraudulent purchase. i need the transaction to be reverse and have my card suspended.,22,compromised_card
do i need to verify my top up?,71,verify_top_up
can i change my pin?,21,change_pin
"transfers may show up as pending for up to one day while they are processed by one of our payment processors. then, they will depart for the beneficiary accounts. please also double-check that you have entered the correct account details. sepa transfers can take up to two business days, and swift transfers can take up to five business days.",48,pending_transfer
my card doesn't work. i can't get cash out at an atm,26,declined_cash_withdrawal
is there a auto top-up option?,4,automatic_top_up
i cannot find my pin.,38,get_physical_card
i checked the app and my balance has not been updated for the cash or cheque deposit.,6,balance_not_updated_after_cheque_or_cash_deposit
will i get charged for topping off my card?,57,top_up_by_card_charge
how would i be able to make changes to my personal details?,30,edit_personal_details
the app is showing that i received alot more money than i actually received from the atm. this occurred earlier today.,75,wrong_amount_of_cash_received
what happens if my card expires?,9,card_about_to_expire
what is the fee to top-up my account,56,top_up_by_bank_transfer_charge
please explain the charge of 1l in error. i have purchased nothing in this amount.,34,extra_charge_on_statement
"i didn't mean to do the transfer, is there any way to cancel it?",8,cancel_transfer
i just have one other card from the us. is that okay?,54,supported_cards_and_currencies
where can i find the auto-top up feature?,4,automatic_top_up
i paid with my card so so why was i charged a transaction fee?,15,card_payment_fee_charged
problem with my top up going through,47,pending_top_up
how are top-ups verified?,71,verify_top_up
i feel like too much money was taken during my currency exchange.,76,wrong_exchange_rate_for_cash_withdrawal
can you explain why my transfer was unsuccessful?,35,failed_transfer
how old do i need to be to get an account for myself,1,age_limit
i transfered however its still pending,48,pending_transfer
i have a pending payment from stuff i bought this morning.,45,pending_card_payment
why hasn't my cheque processed?,6,balance_not_updated_after_cheque_or_cash_deposit
the atm didnt return my card!,18,card_swallowed
i may have entered the pin wrong and the account is blocked. what do i have to do to get it unblocked.,49,pin_blocked
why am i being charged fees on some transactions but not on others? what am i missing here? i cannot find where to see the fee structure on my account. help!,15,card_payment_fee_charged
why did my top-up not get approved this time?,61,top_up_reverted
why is top-up verified?,71,verify_top_up
hello - i'm on the app and trying to purchase crypto. it's not going through. what am i doing wrong?,7,beneficiary_not_allowed
"i'm waiting for a transfer from the us, how much longer?",67,transfer_timing
i want to cancel a transaction from this morning.,8,cancel_transfer
what do i do if the atm ate my card?,18,card_swallowed
how long does a transfer transaction take?,67,transfer_timing
i have never been charged a card payment fee before. why did this change?,15,card_payment_fee_charged
"hello, i'm a brand new customer and tried topping up for the first time today. it has been pending for half an hour and doesn't seem to be working. please resolve this.",47,pending_top_up
"i have been doing some online shopping, but when checking out, it keeps getting declined. i tried a few times and it wouldn't work. what could be wrong?",27,declined_transfer
how is my money transferred to the account,65,transfer_into_account
i am not satisfied with your service. close my account.,55,terminate_account
why isn't my cash deposit showing up in my account?,6,balance_not_updated_after_cheque_or_cash_deposit
reason i need to verify top up,71,verify_top_up
why was i charged more than i should have been?,34,extra_charge_on_statement
why did my account decline a incoming transfer,7,beneficiary_not_allowed
"my card is expiring, how do i get a new one?",9,card_about_to_expire
where are the virtual cards?,40,getting_virtual_card
what steps do i have to go through in order to activate my new card?,0,activate_my_card
at what places accept my card?,10,card_acceptance
what should i do if i can't use my card?,14,card_not_working
can you unblock my pin after too many wrong pin attempts?,49,pin_blocked
i want to do a cash top-up,58,top_up_by_cash_or_cheque
what do i need to do to activate my new card?,0,activate_my_card
how long does it take for a cheque to post to your account?,6,balance_not_updated_after_cheque_or_cash_deposit
the transfer to an account wasn't allowed is there any other way for me to do it,7,beneficiary_not_allowed
why was i double charged?,63,transaction_charged_twice
the atm didn't give me what i asked for but my balance says it did,75,wrong_amount_of_cash_received
what's the earliest time to receive my card?,12,card_delivery_estimate
"hello-can you please help me get a refund from this merchant? i ordered a product and would like to return it. i have been unsuccessful in getting the merchant to return my request for the past several days. i understand it can take up to 45 days to process the dispute and issue a refund, however, if this can be expedited faster it would be very helpful to me.",52,request_refund
what is the time frame that transfers normally take from a uk account? i just completed a transfer and nothing shows up. i need to know if everything is alright.,5,balance_not_updated_after_bank_transfer
what options do i have in regards to payment?,54,supported_cards_and_currencies
can i have more disposable cards?,29,disposable_card_limits
how long will it take to activate my new card?,0,activate_my_card
"i asked for $40 and i only received $20, what happened?",75,wrong_amount_of_cash_received
please help me. my card is missing.,41,lost_or_stolen_card
it's been some time since refilled the top-up.,47,pending_top_up
i transferred some money to my mom 2 days ago and she has not received it. i double checked the information and it looks right. can you help me?,66,transfer_not_received_by_recipient
please show me how my friend can send me money.,50,receiving_money
will my friend be able to top off my account?,62,topping_up_by_card
"i attempted a transfer, but it failed.",35,failed_transfer
i haven't received my card.,11,card_arrival
"changed details is essential, what steps do i take to do so?",30,edit_personal_details
one of my payments was doubled,63,transaction_charged_twice
why am i unable to withdraw my money through this card?,26,declined_cash_withdrawal
where's my virtual card,40,getting_virtual_card
what is the average pending time for a transaction?,48,pending_transfer
why was my exchange rate a different amount than usual?,17,card_payment_wrong_exchange_rate
"i initiated a bank transfer form europe, how long will this take?",67,transfer_timing
"it seems you keep declining my transfers. before, it's always worked very well.just now when i tried to buy something the card was declined. i tried more than once and it was the same thing each time.",27,declined_transfer
i can't find the auto-top up option.,4,automatic_top_up
i don't see the top-up verification code anywhere,71,verify_top_up
i want to end my account,55,terminate_account
how many purchases can i make with one disposable card?,29,disposable_card_limits
where can i get my card pin?,38,get_physical_card
i saw i was charged extra for money i withdrew?,19,cash_withdrawal_charge
i need to know where do my funds come from,70,verify_source_of_funds
how can i get disposable virtual cards?,37,get_disposable_virtual_card
"i would like to re-activate my card, it was previously reported lost but i found it this morning.",13,card_linking
an unauthorized payment is in my app,16,card_payment_not_recognised
isn't my top-up supposed to mean its complete?,47,pending_top_up
please help me! i need to cancel a transaction.,8,cancel_transfer
i need a single use card for shopping online,37,get_disposable_virtual_card
"i thought transfers were free, why was i charged?",64,transfer_fee_charged
i would like to refill my account using swift.,56,top_up_by_bank_transfer_charge
can i get paid in a different currency?,50,receiving_money
can a credit card be used to transfer money?,62,topping_up_by_card
what countries do you currently do business in?,24,country_support
why was i charged a fee for withdrawing money?,19,cash_withdrawal_charge
i would like a virtual card- where can i purchase one?,40,getting_virtual_card
will you accept my salary if it's in another currency?,50,receiving_money
will you be able to send the new card to china?,9,card_about_to_expire
i believe my top up is still pending,47,pending_top_up
i topped up about half an hour ago and the charge is still pending. i'm a new customer and today is my first time doing this. can you fix it? it doesn't seem to be working.,47,pending_top_up
i would like to receive a few more physical cards.,39,getting_spare_card
i need to exchange a currency - can i do that here?,33,exchange_via_app
can i use my card anywhere i want?,10,card_acceptance
can you provide information for freezing my card immediately?,41,lost_or_stolen_card
i would like to change my adress,30,edit_personal_details
i only have a card from the us is that okay?,54,supported_cards_and_currencies
is there a way to fix my top up,59,top_up_failed
my credit card was just denied for top up! can you tell me why this happened and what's going on?,59,top_up_failed
why is my identity not verified?,68,unable_to_verify_identity
will you charge me for exchanging foreign currencies?,31,exchange_charge
"i have a strange transaction for £1 on my statement, what is that?",34,extra_charge_on_statement
"i got my card now, how do i make it show up in the app?",13,card_linking
"i need a hand here, i need to top up cash.",58,top_up_by_cash_or_cheque
do you guys have any age restrictions?,1,age_limit
the money is still in my account even though i already paid -- i don't understand what happened.,53,reverted_card_payment?
what do i do if my card is stolen?,41,lost_or_stolen_card
the wrong exchange rate was used when i bought something with a foriegn currency.,17,card_payment_wrong_exchange_rate
why is my withdrawal still pending?,46,pending_cash_withdrawal
how long does it take for cash withdrawals to hit my account?,46,pending_cash_withdrawal
did a wd earlier at an atm. the amount showing in the app is more than i got though.,75,wrong_amount_of_cash_received
do i need to verify my identity every time i log into my account?,74,why_verify_identity
why hasn't my refund appeared on my statement?,51,Refund_not_showing_up
my card payment was cancelled it seems.,53,reverted_card_payment?
how do i get extra physical cards?,39,getting_spare_card
i'm trying to transfer money into my account.,65,transfer_into_account
i topped up but it isn't in my account,47,pending_top_up
"if the transfer details have already but reviewed and confirmed that they are correct, what other reason would cause my transfer to be declined?",27,declined_transfer
i haven't received my pin yet. do i need to get it from you?,38,get_physical_card
hello. i checked my transactions and saw i was double charged on my card for a restaurant visit. i would like to get my money back.,63,transaction_charged_twice
why did you charge a fee when i withdrew from an atm?,19,cash_withdrawal_charge
"my money's disappeared from my account! i topped up the other day and it was there, but now it's not. help?",61,top_up_reverted
does a discount apply if i exchange currencies frequently?,31,exchange_charge
"hey, i try to make a bank transfer from my uk account a few hours ago, but it haven't show up yet. please check my account to make sure everything alright with it?",5,balance_not_updated_after_bank_transfer
how can i get funds into my account from my american express?,54,supported_cards_and_currencies
any chance of getting the card outside the uk?,24,country_support
i need a refund on an item i have not received. am i able to simply cancel the payment? i don't know how to do this.,52,request_refund
how can i change my account details?,30,edit_personal_details
i entered a wrong pin too many times. how can i fix this?,49,pin_blocked
"i'm currently not in possession of my phone, is it still possible to go about things normally without access to the app?",42,lost_or_stolen_phone
i refuse to verify my identity.,74,why_verify_identity
i purchased an item and the exchange rate was wrong,17,card_payment_wrong_exchange_rate
why didn't my transfer get to the recipient?,66,transfer_not_received_by_recipient
what happens if my card is stuck in the atm?,18,card_swallowed
can i link an existing card?,13,card_linking
"i need to order a new virtual card, how do i do that?",40,getting_virtual_card
i deposited a check a few days ago and it's still not gone in! please help me with this,6,balance_not_updated_after_cheque_or_cash_deposit
can i top-up any amount i wish on any given day?,60,top_up_limits
can i get a card outside the uk?,24,country_support
i was wondering if you will take any fees in exchange for top ups?,57,top_up_by_card_charge
is there any amount in which i would get cut off from topping up?,60,top_up_limits
money that i have transferred hasn't arrived yet,5,balance_not_updated_after_bank_transfer
after transfering some money my balance hasn't changed.,5,balance_not_updated_after_bank_transfer
i would like to transfer money from my other bank account into this one.,65,transfer_into_account
"i need to top up, but i have to use an international card. is there a cost for that?",57,top_up_by_card_charge
i found my card again. can i put it back into the app?,13,card_linking
how many times can i use my disposable card?,29,disposable_card_limits
today i noticed a charge for an atm withdrawal on my account. can you please fix this? it's supposed to be no charge.,19,cash_withdrawal_charge
my transaction was just declined when i was using my disposable virtual card. what can i do?,72,virtual_card_not_working
where do you have locations at,24,country_support
what are the reasons for a declined transfer?,27,declined_transfer
why are you charging me for atm withdrawal? it has always been free before.,19,cash_withdrawal_charge
where in the european union can i get a card?,24,country_support
my account shows i made a debit payment to someone that i can't recall and would like to find out who the payment was made to.,28,direct_debit_payment_not_recognised
help! what should i do? my phone was stolen yesterday.,42,lost_or_stolen_phone
how do i reverse a transaction on my account?,52,request_refund
your service is bad. close my account.,55,terminate_account
are there any restrictions for the disposable cards that i need to be aware of?,29,disposable_card_limits
how much can i withdrawal in one month without incurring fees?,19,cash_withdrawal_charge
give me a refund,52,request_refund
how do i add a new card?,13,card_linking
"the expiration date for my card is coming up, how do i get a new card?",9,card_about_to_expire
how do i locate my card?,11,card_arrival
for what reason must i authenticate the top up?,71,verify_top_up
could you please help me? i made my rent payment and have double checked that i sent it to the right account. the person receiving it says he has not received it but it shows complete on my side.,66,transfer_not_received_by_recipient
i have an account that is empty of funds. can i transfer some from another bank?,65,transfer_into_account
my identity has been stolen. i still have my physical card but there are charges i didn't make on my account. how do i cancel this card or dispute the charges?,20,cash_withdrawal_not_recognised
can i add money to my card automatically during a trip?,4,automatic_top_up
what is the time frame for transfers,67,transfer_timing
how long does it take for my payment to process?,45,pending_card_payment
how can i create a disposable virtual card?,37,get_disposable_virtual_card
what are the steps to get my card back that was kept by the atm?,18,card_swallowed
"please delete my account, your services are not up to par.",55,terminate_account
how long does a transfer stay pending?,48,pending_transfer
can i auto top up multiple times?,4,automatic_top_up
is it just visa or can i also use mastercard?,73,visa_or_mastercard
"i am a new customer, and i happened to look at my app and there is a charge i am not familiar with. could you tell me why the extra charge is there?",34,extra_charge_on_statement
can i see the source of my available money?,70,verify_source_of_funds
how long will a transaction to a friend take?,66,transfer_not_received_by_recipient
why did my top-up get reverted?,61,top_up_reverted
i got money overseas and the exchange rate was wrong,76,wrong_exchange_rate_for_cash_withdrawal
where is the pin for my card located?,38,get_physical_card
i have a canceled top-up and wanted to know about it.,61,top_up_reverted
it declined my transfer.,27,declined_transfer
i need immediate assistance in canceling a transfer which was a mistake. please help me quickly so this does not go through.,8,cancel_transfer
i would like to know how exchange rates are calculated when transferring funds.,32,exchange_rate
i got charged for with a fee for paying with my card.,15,card_payment_fee_charged
i need to close my account. your company is terrible!,55,terminate_account
do you have a list of exchange rates?,32,exchange_rate
i thought i was going to receive more currency?,76,wrong_exchange_rate_for_cash_withdrawal
can i have a discount if i exchange currency often?,31,exchange_charge
where do i scan my card?,13,card_linking
can i have a second card issued to another family member?,39,getting_spare_card
i was trying to top up my account and it isn't working,59,top_up_failed
why couldn't i do a transfer to a beneficiary?,7,beneficiary_not_allowed
i need a new login code,44,passcode_forgotten
how long does it take for a top up to be approved?,47,pending_top_up
will filling stations accept my card?,10,card_acceptance
in the app i see a payment that is not mine.,16,card_payment_not_recognised
"i have a transfer from the us, how long is the wait?",67,transfer_timing
can you explain your exchange rate policy to me?,32,exchange_rate
how long will it take for the transfer to reach my account?,67,transfer_timing
does this program take swift transfers?,56,top_up_by_bank_transfer_charge
why is my top up failing,59,top_up_failed
i have a new card. how do i top it up?,62,topping_up_by_card
i contacted the seller for a direct refund last week but he still hasn't give me my money. what should i do?,51,Refund_not_showing_up
i have a problem with a transfer. it didn't work. can you tell me why?,27,declined_transfer
how do i auto top-up?,4,automatic_top_up
"i just received a new card, where do i go to link it to my account?",13,card_linking
"can you check about unauthorized use of my card, i think someone is using mine without my knowledge?",22,compromised_card
i want a refund because my package has been taking too long to arrive. how do i go about doing that?,52,request_refund
my preference is mastercard.,73,visa_or_mastercard
there is a charge for 1£ on my statement. i do not think that i bought anything that costed 1£. what is going on?,34,extra_charge_on_statement
i just had a wedding and i want to take my spouses name.,30,edit_personal_details
can i get a visa instead of a mastercard?,73,visa_or_mastercard
where can i get a new passcode?,44,passcode_forgotten
why did my top-up fail?,59,top_up_failed
my account shows that i made a cash withdrawal but i cannot remember doing so!,20,cash_withdrawal_not_recognised
there is a withdrawal waiting.,46,pending_cash_withdrawal
why do you charge for payments? why aren't your charges clearly laid out in the agreement?,15,card_payment_fee_charged
what kind of businesses will take my card?,10,card_acceptance
is it possible to use my apple watch for topping up?,2,apple_pay_or_google_pay
i lost my phone! will my card still work?,42,lost_or_stolen_phone
i need to check status as my friend hasn't got money i sent.,66,transfer_not_received_by_recipient
i noticed an extra charge on the purchase that i made last saturday on my account. can you see if i received the correct exchange rate?,17,card_payment_wrong_exchange_rate
i want to be sure that everything is okay here. i just made a transfer from a uk account and it is still not showing up. how long does this typically take?,5,balance_not_updated_after_bank_transfer
where can i use my card to pay?,10,card_acceptance
what stipulations do disposable cards entail?,29,disposable_card_limits
i tried activating my plug-in and it didn't piece of work,0,activate_my_card
i have friends that would like to top-up my account is that possible?,62,topping_up_by_card
why was i chargged,64,transfer_fee_charged
"i performed a transfer within the country the day before yesterday, but it has not gone through? can you check on that? the account number is definitely correct, as i've checked.",66,transfer_not_received_by_recipient
my card has not arrived yet.,11,card_arrival
"how long does the ""pending"" period of a transfer take?",48,pending_transfer
"hello, i just checked my card transactions and saw that i was charged twice for a restaurant visit i did earlier this week. is it possible to remove one of them and get my false paid money pack?",63,transaction_charged_twice
i want to change my address.,30,edit_personal_details
is there a fee for swift transfer,56,top_up_by_bank_transfer_charge
"a strange card payment, i do not recognize it.",16,card_payment_not_recognised
is my transfer pending?,48,pending_transfer
will you charge an extra fee for top ups?,57,top_up_by_card_charge
is it possible to get a card when i'm not in the uk?,24,country_support
can you give me info about what to do when my card expires?,9,card_about_to_expire
what is the most i can top up?,60,top_up_limits
where do i go to terminate my account?,55,terminate_account
"my beneficiary is not allowed, please may i have answer as to why this is?",7,beneficiary_not_allowed
why was my payment cancelled?,53,reverted_card_payment?
"i'm going to travel, can i have it add money automatically in certain intervals?",4,automatic_top_up
i am wondering about a transfer from a different country that doesn't show up yet?,5,balance_not_updated_after_bank_transfer
i haven't yet received money that i transferred,5,balance_not_updated_after_bank_transfer
can i get cash with this card anywhere?,3,atm_support
do you know what the restriction of the disposable cards are?,29,disposable_card_limits
i noticed that the exchange rate applied to a recent purchase i made abroad was incorrect.,17,card_payment_wrong_exchange_rate
why did i have to pay a fee when i got cash?,19,cash_withdrawal_charge
"hi, i am on vacation in spain and someone stole my bag with my phone and wallet with cards and everything. can you block it asap and then i want to order a new one also asap.",41,lost_or_stolen_card
"a couple weeks ago some money was deducted from my account by some seller that i don't remember. i'm pretty sure i didn't do that, but is it possible to trace back who that is just to make sure?",28,direct_debit_payment_not_recognised
am i the only one who can top-up my account?,62,topping_up_by_card
how many days until the money will be in my account?,67,transfer_timing
i want to make a currency exchange to eu.,36,fiat_currency_support
when will my cheque be processed?,6,balance_not_updated_after_cheque_or_cash_deposit
do you know the closest atm?,3,atm_support
the app shows a fraudulent payment made on my account.,16,card_payment_not_recognised
i got a notice from my app that i withdrew cash but i don't remember doing so. how do i fix this?,20,cash_withdrawal_not_recognised
i don't think i made this transaction on my statement,16,card_payment_not_recognised
how does my statement get updated so i know when a refund will reflect on my balance,51,Refund_not_showing_up
the exchange rate you are using is really bad. this can't possibly be the official interbank exchange rate.,17,card_payment_wrong_exchange_rate
where do i locate topping up with cash.,58,top_up_by_cash_or_cheque
can i use a transfer to receive my transfer?,50,receiving_money
what types of foreign money can be used with this service.?,36,fiat_currency_support
why do i need to verify the top up?,71,verify_top_up
the exchange rate for my payment last saturday must be wrong because i was charged extra.,17,card_payment_wrong_exchange_rate
can i have money of different country of origin.,36,fiat_currency_support
the transfer to my account was not allowed.,7,beneficiary_not_allowed
i am on vacation in spain and need to change my pin.,21,change_pin
what should i do if my card payment was cancelled?,53,reverted_card_payment?
my card was eaten by the cash machine what do i do?,18,card_swallowed
i have a payment that has not gone through yet,45,pending_card_payment
online banking is not showing my cheque or cash deposit so the balance is incorrect.,6,balance_not_updated_after_cheque_or_cash_deposit
where can the pin be located?,38,get_physical_card
i have tried a couple of times to make a purchase and my card keeps getting declined. why do you keep denying my transfers? i have already tried a couple of times and it's not working.,27,declined_transfer
why do your exchange rates change,32,exchange_rate
i sent a transfer to a friend that needs it urgently. it has already been 2 hours and still hasn't come through to her. how long does it normally take?,66,transfer_not_received_by_recipient
what is a pending cash withdrawal?,46,pending_cash_withdrawal
i accidentally made a payment to a wrong account. what should i do?,8,cancel_transfer
is it possible to get both visa and mastercard from you?,73,visa_or_mastercard
i see a direct debit transaction in my history that i did not set up.,28,direct_debit_payment_not_recognised
will the system automatically top up itself?,4,automatic_top_up
i got double charged!,63,transaction_charged_twice
i haven't received my cash yet.,75,wrong_amount_of_cash_received
what is the age requirement?,1,age_limit
still waiting on my new card,11,card_arrival
"i needed to make a payment on my account, but i typed in the incorrect number. the app won't allow me to cancel this transaction. i need it cancelled asap!!",8,cancel_transfer
please help me with my card. it won't activate.,0,activate_my_card
i tired to deposit some cash into my account but it's not there,6,balance_not_updated_after_cheque_or_cash_deposit
do you charge for transfers?,56,top_up_by_bank_transfer_charge
"in the app, where do i find my card pin?",38,get_physical_card
i requested a refund for a large order the other day and don't think i received the funds. can you tell me if you see them or not?,51,Refund_not_showing_up
does auto top-up have a limit?,4,automatic_top_up
i put money on my card and i dont see it on the balance,47,pending_top_up
what is my foreign exchange rate?,32,exchange_rate
where do you export the cards to?,43,order_physical_card
can i order a virtual card?,40,getting_virtual_card
where would i order a virtual card?,40,getting_virtual_card
what is the fee for topping up by card?,57,top_up_by_card_charge
can i give my friends access to my account so they can top it up for me?,62,topping_up_by_card
i don't know where my phone is.,42,lost_or_stolen_phone
"the card i thought was lost was just in my jacket, so can i reactivate it since i found it this morning?",13,card_linking
do i get to have one of those virtual cards i've heard about?,40,getting_virtual_card
"i made a big purchase that i regretted and cancelled, the merchant said that my refund was submitted. can you confirm to me that all of my money was truly returned to me?",51,Refund_not_showing_up
"could it be that i deactivated my card, its not working?",14,card_not_working
what is the reason my top-up is still pending?,47,pending_top_up
is it possible to cancel transactions?,8,cancel_transfer
there is a direct debit payment that i did not make.,28,direct_debit_payment_not_recognised
i'd like to discuss an order i placed quite a long time ago. i have yet to receive it and am growing upset. i want a refund as i now refuse to pay for the product.,52,request_refund
is it possible to change to another currency?,33,exchange_via_app
how can i get a refund for something i just bought?,52,request_refund
what do i have to do to change my name?,30,edit_personal_details
do i get visa or mastercard?,73,visa_or_mastercard
how much can i top up on my card?,60,top_up_limits
how long til my cash out goes through?,46,pending_cash_withdrawal
can i have a tangible form of my virtual card.,43,order_physical_card
why won't my card work anymore?,14,card_not_working
is it possible to order another card?,39,getting_spare_card
why do you keep declining my payment? i tried several times already with this card and it is just not working.,25,declined_card_payment
the atm didn't give me the amount i asked for,75,wrong_amount_of_cash_received
what type of id do you accept?,69,verify_my_identity
help me verify my identity.,68,unable_to_verify_identity
is there a function where i can top-up automatically?,4,automatic_top_up
my card is needed soon,12,card_delivery_estimate
why haven't i received my new card yet?,11,card_arrival
"i have one of your cards, but i don't know how to link it.",13,card_linking
you promised no fees but now i've got one. what the hell!?,15,card_payment_fee_charged
"there are transactions that i did not make on my account, i think someone has my information.",22,compromised_card
and what about the card's pin?,38,get_physical_card
how do i turn on my new card?,0,activate_my_card
"how can i close my account, i don't want it.",55,terminate_account
there is a direct debit fee in the app that i didn't do.,28,direct_debit_payment_not_recognised
i have a transfer that was approved that i'm urgently waiting for. how long am i supposed to wait for it?,48,pending_transfer
why was i charged an extra fee when using the card?,15,card_payment_fee_charged
"i want to top up from my apple watch, can i?",2,apple_pay_or_google_pay
hello! i randomly got charged an extra fee today as i was shopping online and i have no idea why! are there extra fees for card payments? or am i missing something here?,15,card_payment_fee_charged
is there places where i can't withdraw money?,3,atm_support
is there any way to get my salary in a different currency?,50,receiving_money
i'm pretty sure my top up is still pending.,47,pending_top_up
i can't find my phone; what can i do to prevent someone from accessing my account on it?,42,lost_or_stolen_phone
the atm won't let me take out cash,26,declined_cash_withdrawal
using an atm caused me to incur an additional fee. why?,19,cash_withdrawal_charge
i used my card the other day to get cash from an atm and was charged an extra fee. i don't understand why i am being charged a fee all of a sudden. i thought it was free to withdraw from an atm?,19,cash_withdrawal_charge
why won't the atm let me withdraw money?,26,declined_cash_withdrawal
why is there an extra fee on my statement?,34,extra_charge_on_statement
i topped up my card but the money disappeared.,62,topping_up_by_card
i made a cash withdrawal and was charged a fee incorrectly can you help with this?,19,cash_withdrawal_charge
i payed my rent to my landlord a few days ago and he is saying the it never went though. everything looks good to me and i even double checked the account number. i don't know what could be causing the confusion. can you help me please?,66,transfer_not_received_by_recipient
why can't i top up?,59,top_up_failed
is my new bank card on the way and is there a way to track it?,11,card_arrival
my top is still pending.,47,pending_top_up
how do i get a new card when my old one expires?,9,card_about_to_expire
can you tell me why my card payment was cancelled?,53,reverted_card_payment?
what countries do your accounts support?,24,country_support
i cannot view the refunded amount in my account.,51,Refund_not_showing_up
"my card is still pending, i've been waiting a while.",45,pending_card_payment
is there a reason why my account isn't updating because i used a check to balance my account?,6,balance_not_updated_after_cheque_or_cash_deposit
why am i being charged when i withdraw cash?,19,cash_withdrawal_charge
do you accept cheques for top-up?,58,top_up_by_cash_or_cheque
i want to take back my transaction,8,cancel_transfer
why was my cash withdrawal cancelled at the atm?,26,declined_cash_withdrawal
why would a merchant revert a card payment?,53,reverted_card_payment?
"i have been charged a fee, i didn't know about this fee before! when do you charge extra for card payments?",15,card_payment_fee_charged
i'm going to cancel a purchase.,52,request_refund
i am having problems with my physical card.,14,card_not_working
i'd like my account to be deleted. i'm not satisfied with the service you provide.,55,terminate_account
how do you figure out the exchange rate? can you explain why i got less money than expected?,76,wrong_exchange_rate_for_cash_withdrawal
how much could i top up?,60,top_up_limits
is the system down? i've been trying to do a transfer and have failed?,35,failed_transfer
will i need to order a new card since mine expires next month?,9,card_about_to_expire
what is the identity check?,74,why_verify_identity
what is your maximum top up limit per day?,60,top_up_limits
how does a us resident go about acquiring a new card?,24,country_support
i couldn't pay with card in a shop,25,declined_card_payment
are there any extra hidden fees for exchanging currencies?,31,exchange_charge
what's the deal? money has just disappeared out of my account. i thought you offered crypto top up and it doesn't seem to working.,61,top_up_reverted
how do i get the top up feature on my apple watch working?,2,apple_pay_or_google_pay
i made a transfer into my account and now i need to cancel it,8,cancel_transfer
"hello, i found the card i misplaced and i need to reactive it, how do i do that?",13,card_linking
i do not know where the transaction is.,66,transfer_not_received_by_recipient
someone made a mistake on my money transfer because i was charged extra fees.,64,transfer_fee_charged
why was i declined at the atm today when i was trying to make a withdraw?,26,declined_cash_withdrawal
how much do i have to pay to accept an international transfer?,31,exchange_charge
can you explain how to transfer money into my account for me?,65,transfer_into_account
i need to know why my credit card was declined for top up? what is the deal here and why did it not go through?,59,top_up_failed
i am having issues with identity verification,68,unable_to_verify_identity
how much do i have to pay for exchange of currency?,31,exchange_charge
do i get a choice between visa and mastercard?,73,visa_or_mastercard
are you ripping people off with the exchange rate? it can't be that atrocious between banks.,17,card_payment_wrong_exchange_rate
"i know i didn't make this payment showing up on my card, i don't remember this person at all.",16,card_payment_not_recognised
i would like to request a card.,43,order_physical_card
i made a purchase but the exchange rate is wrong?,17,card_payment_wrong_exchange_rate
can i already use my account although the identity verification has not passed yet?,74,why_verify_identity
why is there a charge on my account for taking out cash?,19,cash_withdrawal_charge
is there a way to top-up when it reaches a certain balance?,4,automatic_top_up
i would like an extra card.,39,getting_spare_card
there was a charge made on my card from a couple weeks ago and i don't remember making the purchase. nor do i remember the company itself. can we trace this at all to confirm if i did it or not?,28,direct_debit_payment_not_recognised
"when i travel, what will it cost to switch for my currency?",31,exchange_charge
"there are a couple payments with my card shown in the app that i really didn't make myself. what's going on with this, does someone has access to my card?!",16,card_payment_not_recognised
everytime i try to prove my identity it won't let me.,68,unable_to_verify_identity
why wouldn't the atm give me my money?,26,declined_cash_withdrawal
hello i changed my mind and really need a refund on one of things i bought recently. can you please cancel the transaction and get my money back. please it's urgent.,52,request_refund
the app doesn't believe its me.,68,unable_to_verify_identity
how do i make sure my transfer isn't goin to an unsupported merchant?,27,declined_transfer
i need to change my personal details in my account.,30,edit_personal_details
why am i having trouble verifying my id?,68,unable_to_verify_identity
my transfer is still pending,48,pending_transfer
i can't see a refund for a return i completed recently.,51,Refund_not_showing_up
i need assistance completing a transfer. i'm trying to purchase a flat and need the money for the initial mortgage payment. i keep getting an error and the transfer is not going through. what is going on here?,35,failed_transfer
are there any restrictions on where i use this card?,10,card_acceptance
why was my transaction not approved?,35,failed_transfer
will it take more than 3 days for my transfer to reach my account?,67,transfer_timing
what all is needed for the identity verification?,69,verify_my_identity
an item i bought had the wrong exchange rate applied.,17,card_payment_wrong_exchange_rate
help my verify my id.,68,unable_to_verify_identity
how long until the card arrives?,12,card_delivery_estimate
why was i unable to complete my transfer?,35,failed_transfer
i'd like to open an account for my children. how can i do that?,1,age_limit
my cash deposit from a week ago is still not in my account. can you help me please?,6,balance_not_updated_after_cheque_or_cash_deposit
i think the exchange rate for the cash i withdrew wasn't correct.,76,wrong_exchange_rate_for_cash_withdrawal
"i hate this atm, it charged me an extra fee, why did it charge?",19,cash_withdrawal_charge
tell me how i can exchange between different currency.,33,exchange_via_app
why was i charged a fee for a transfer?,64,transfer_fee_charged
do i need to go to an office to change my pin?,21,change_pin
how do i link my replacement card?,13,card_linking
my contactless stopped working today for no good reason. it's not working no matter where i try to use it. can you please help me fix it?,23,contactless_not_working
where is the tracking number for the card you sent me?,11,card_arrival
i am still currently waiting for the cash that has been deposited into the account this morning.,6,balance_not_updated_after_cheque_or_cash_deposit
i would like to move money from one account to another to top off my account. can you explain how i can do that?,65,transfer_into_account
how fast are transfers from europe?,67,transfer_timing
do i need to verify my top-up card?,71,verify_top_up
i have been overcharged. i just changed over russian ruble to uk pounds and it was too much. it seems something was wrong with my exchange.,17,card_payment_wrong_exchange_rate
i have been charged for one thing two times.,63,transaction_charged_twice
if i don't have all my documents can they still verify my identity?,69,verify_my_identity
what type of deposits do you accept into my account?,58,top_up_by_cash_or_cheque
why won't my top up work,59,top_up_failed
my card is being declined for a purchase. i bought items before and the card worked. do you know what the problem is?,53,reverted_card_payment?
dont understand why transfer failed,35,failed_transfer
is there an additional charge for topping up using a european card?,57,top_up_by_card_charge
how do i see what i transferred,5,balance_not_updated_after_bank_transfer
i don't understand why you want so much of my personal info.,74,why_verify_identity
why didn't my balance update after my cash or checque deposit?,6,balance_not_updated_after_cheque_or_cash_deposit
"i was trying to use contactless earlier, but it didn't work.",23,contactless_not_working
i want a new card,39,getting_spare_card
i hate this company! can you delete my account?,55,terminate_account
why isn't my disposable virtual card working?,72,virtual_card_not_working
"i got a card, how do i get it in the app?",13,card_linking
terminate my account please,55,terminate_account
"i want to get rid of the account, and delete personal information .",55,terminate_account
is it possible to use my credit card to transfer money?,62,topping_up_by_card
which countries do you work with?,24,country_support
is there a fee for a transfer? if so how much will it be?,56,top_up_by_bank_transfer_charge
i found my lost card. am i still able to use it?,13,card_linking
my cash withdrawal was not entirely complete,75,wrong_amount_of_cash_received
when trying to get more than one card is there a extra amount that needs to be paid?,39,getting_spare_card
"hello, i made a payment with my card and it's not working. it's been a while and still says its pending. can you tell when this will go through?",45,pending_card_payment
what atms take this card?,3,atm_support
is it free to add money to my card,57,top_up_by_card_charge
what is the pending payment on my card about?,45,pending_card_payment
why can't i use this beneficiary?,7,beneficiary_not_allowed
"i must quickly transfer something from china, and i need to know how long it will take.",67,transfer_timing
what should i do if my card is missing?,41,lost_or_stolen_card
i have forgotten my password.,44,passcode_forgotten
my friend says he hasn't received my transaction,66,transfer_not_received_by_recipient
i believe you charged me too much to exchange my money,17,card_payment_wrong_exchange_rate
how long will it take to get to the us?,12,card_delivery_estimate
"i am trying to make a transfer and am unsuccessful, can you please tell me why?",35,failed_transfer
do i have a card pin?,38,get_physical_card
why isn't my refund shown on my statement?,51,Refund_not_showing_up
a card payment on my account is shown as pending.,45,pending_card_payment
just received a message that my transfer is not possible?? what is going on. i have done this before with no issues.,7,beneficiary_not_allowed
i have a question about fee for cash withdraw.,19,cash_withdrawal_charge
can i get a few more physical cards?,39,getting_spare_card
can you please check my uk account to make sure everything went alright? i made the transfer a couple of hours ago.,5,balance_not_updated_after_bank_transfer
how can i edit my personal details?,30,edit_personal_details
when will my transfer be in my account?,67,transfer_timing
seems like my top-up has been cancelled,61,top_up_reverted
"i got some cash of an atm earlier but this shows up as pending in the app. how can this be still pending, i've got the cash already?",46,pending_cash_withdrawal
what do i do to get a physical card?,43,order_physical_card
what type of card can i get?,73,visa_or_mastercard
why did you charge me for a cash withdrawal?,19,cash_withdrawal_charge
what cards and currencies are accepted?,54,supported_cards_and_currencies
how come my refund hasn't appeared on my statement?,51,Refund_not_showing_up
i am having trouble finding the top-up card verification code.,71,verify_top_up
why has my top up failed?,59,top_up_failed
what is the best way to exchange currency?,33,exchange_via_app
i tried to withdraw money but was told i didn't have funds,26,declined_cash_withdrawal
when will my top up go through?,47,pending_top_up
"i have my residency in the us, but i would love to get a card.",24,country_support
"my card details could be stolen, as i didnt make these transactions",22,compromised_card
is the pin delivered separately?,38,get_physical_card
can you convert to eur?,36,fiat_currency_support
where can i see the refund in my account,51,Refund_not_showing_up
"someone stole my phone, what is my next step?",42,lost_or_stolen_phone
there is a cash withdrawal from an atm listed but i don't remember making this withdrawal.,20,cash_withdrawal_not_recognised
how come i can't find anywhere to load using cash,58,top_up_by_cash_or_cheque
what is the auto top up function and where can i find that at?,4,automatic_top_up
"please help me, there is a transaction in the incorrect account.",8,cancel_transfer
how do i get my card into the app?,13,card_linking
i would rather the mastercard.,73,visa_or_mastercard
please provide currency exchange rates,31,exchange_charge
i was refunded the money for something i bought already.,53,reverted_card_payment?
"i see in the app some cash was withdrawn, but it's not mine.",20,cash_withdrawal_not_recognised
how long does it take for the money to show up in my account?,67,transfer_timing
i have tried transferring money numerous times. all i keep getting is an error message. can you tell me what is going on and how this van be fixed?,7,beneficiary_not_allowed
i tried to withdraw 50 pounds but it only gave me 30. where is the rest of my money?,75,wrong_amount_of_cash_received
the cheque i sent to you to have deposited a couple days ago has not cleared in my account yet. what is the issue?,6,balance_not_updated_after_cheque_or_cash_deposit
"could i please cancel my transfer, i paid it into the wrong account. i need to pay it into the right account by tomorrow.",8,cancel_transfer
what is the number of days i have to wait for my europe transfer?,67,transfer_timing
"there are a couple payments with my card shown in the app that i really didn't make myself. what's happenning with this, does someone has access to my card?!",16,card_payment_not_recognised
can i verify my identity?,69,verify_my_identity
how to recover my passcode,44,passcode_forgotten
"i have my card, when whill my pin be available?",38,get_physical_card
why can't i take money from my account?,26,declined_cash_withdrawal
will there be additional costs of i make a withdrawal from a local atm of british pounds? i need some cash to feel comfortable on the journey home,76,wrong_exchange_rate_for_cash_withdrawal
what foreign exchange rate will i get?,32,exchange_rate
i payed with the card and there was an extra fee?,15,card_payment_fee_charged
i would like to create a disposable virtual card. how do i go about doing that?,37,get_disposable_virtual_card
my accounts been charged a payment for something i didn't make.,28,direct_debit_payment_not_recognised
when i was in a restaurant today my card was declined and payment wouldn't go through and i need help. can you fix this?,14,card_not_working
where do i change my pin?,21,change_pin
"why can't i transfer my money into someone else's account? i should be able to do so right? why does it keep rejecting my transfer? there's no reason, all my info is correct and the money is there.",35,failed_transfer
"how long do tranfers from a uk account usuallt take for you? i just made a transfer and nothing shows up, so just wondering if things went ok",5,balance_not_updated_after_bank_transfer
an extra fee of €1 was in my statement,34,extra_charge_on_statement
"while transferring money, its getting error out as my transfer is not possible. please help me in this as earlier i was able to do it successfully.",7,beneficiary_not_allowed
i was declined when trying to withdrawal cash!,26,declined_cash_withdrawal
why was i charged an extra fee when doing a transfer?,64,transfer_fee_charged
i would like to alter my personal details.,30,edit_personal_details
how do i use my card if i lost my phone?,42,lost_or_stolen_phone
i purchased something overseas and the incorrect exchange rate was applied.,17,card_payment_wrong_exchange_rate
cash deposit to my account but it has not appeared.,6,balance_not_updated_after_cheque_or_cash_deposit
will you charge me more if i use a european bank card for a top up?,57,top_up_by_card_charge
my transfer has been declined.,27,declined_transfer
why have i been charged for pulling cash out of my own account?,19,cash_withdrawal_charge
my card is not working.,14,card_not_working
"i believe my card has been stolen, what can i do about this situation? it's urgent.",41,lost_or_stolen_card
i received the wrong amount of cash back,75,wrong_amount_of_cash_received
can i get a card if i live in the us?,24,country_support
i visited the atm but got less money than what i requested. why?,75,wrong_amount_of_cash_received
can this be used to receive my salary?,50,receiving_money
could you please freeze my card immediately?,41,lost_or_stolen_card
"i was double charged, and the second charge is showing as ""pending"". how long will it be before i get my money back once the second charge has been refunded?",45,pending_card_payment
how do you decide what the exchange rates are?,32,exchange_rate
"am i able to look back at a transaction to see who with drawled some money from my account? i don't remember authorizing this a few weeks ago, but wanted to double check who took the money.",28,direct_debit_payment_not_recognised
i don't have my access code for the app.,44,passcode_forgotten
i have not received the amount of cash i was supposed to.,75,wrong_amount_of_cash_received
"what, if any, is the limit for auto top-up?",4,automatic_top_up
can i activate my card with the app?,0,activate_my_card
how do i verify my source of funds?,70,verify_source_of_funds
im not sure why im being charged an extra fee just for purchasing an item from another country? i paid for the item and the shipping why am i getting charged extra?,64,transfer_fee_charged
i had the wrong exchange rate applied to some cash i got abroad.,76,wrong_exchange_rate_for_cash_withdrawal
what do i have to do to prove my identity?,68,unable_to_verify_identity
i lost my card. can you help me?,41,lost_or_stolen_card
what needs to be done to activate and use a card?,0,activate_my_card
i have a trip coming up and want to add money automatically.,4,automatic_top_up
is my card accepted anywhere?,10,card_acceptance
how can i request cash back? the atm just gave me a different amount than what i've been actually charged though...,75,wrong_amount_of_cash_received
i did not do this payment,16,card_payment_not_recognised
there was an extra fee on my account when i got cash.,19,cash_withdrawal_charge
are there any hidden extra fees for currency exchanges?,31,exchange_charge
how long with my cash withdrawal stay pending for?,46,pending_cash_withdrawal
can i top-up my card using a bank transfer.,65,transfer_into_account
in exchange for top ups will you take fees?,57,top_up_by_card_charge
i no longer want this can i cancel my purchase?,52,request_refund
i would like to add money to my account through my american express.,54,supported_cards_and_currencies
why hasn't the money i transferred into my account shown up yet?,5,balance_not_updated_after_bank_transfer
i received my card. how do i link it to the app?,13,card_linking
"hello i am unable to exchange the crypto currency through the app, i am very keen to buy. please let me know the issue. interested buying crypto currency but i am unable to purchase it through the application,i do want to do the exchange, could you please let me know what is the problem?",7,beneficiary_not_allowed
i transferred some money but the receiver can't pick it up for some reason.,66,transfer_not_received_by_recipient
how come my card payment is still pending?,45,pending_card_payment
my identity verification hasn't passed yet is it possible to use my account?,74,why_verify_identity
my things were stolen and i need to know if i can still use this app.,42,lost_or_stolen_phone
can you help me process a refund?,52,request_refund
whats the max i can top up,60,top_up_limits
what will i need to verify my identity,69,verify_my_identity
the bank machine didn't give my card back how do i get a new one fast?,18,card_swallowed
i have been waiting over a week. is the card still coming?,11,card_arrival
why can't my beneficiary access my account?,7,beneficiary_not_allowed
where is my virtual card?,40,getting_virtual_card
why is my card payment still listed as pending?,45,pending_card_payment
are transfers to a beneficiary possible,7,beneficiary_not_allowed
are there any charges for using a bank card to top up,57,top_up_by_card_charge
does it cost to exchange currencies?,31,exchange_charge
somebody is taking money out of my account without my approval in another town separate from me. please place a freeze on my account until i can make it to the bank.,20,cash_withdrawal_not_recognised
let me know how many disposable cards i can have?,29,disposable_card_limits
i thought crypto top up with something you offer. this is not working. the money has been deducted from my account. can you find out what's going on?,61,top_up_reverted
this debit is not my transcation. how do i get my money out back?,28,direct_debit_payment_not_recognised
is there a charge for a physical card?,43,order_physical_card
can i get a new card in china?,9,card_about_to_expire
the wrong account was used during a transaction.,8,cancel_transfer
"i went to look at my top-up and it was canceled, can you tell me why this happend?",61,top_up_reverted
may i get one of your cards? i live in the eu.,24,country_support
how can i top-ff my account using my apple watch?,2,apple_pay_or_google_pay
why am i being charged to withdrawal money?,19,cash_withdrawal_charge
why is a transfer i did recently still processing?,48,pending_transfer
"i received a ""declined"" message when doing a transfer",27,declined_transfer
when did you start charging to make a withdrawal? how much is it now? i always thought it was free.,19,cash_withdrawal_charge
no option to top up with a cheque ?,58,top_up_by_cash_or_cheque
where do i find my pin for my new card?,38,get_physical_card
how can i activate my card>,0,activate_my_card
am i allowed to use different currencies?,50,receiving_money
i was just needing to know why my card got declined,25,declined_card_payment
why did the disposable virtual card which i used to pay a gym subscription get denied?,72,virtual_card_not_working
i think someone is using my card to withdraw money. someone stole my wallet. what can i do? it is urgent.,20,cash_withdrawal_not_recognised
i don't recognize this payment at all! help!,16,card_payment_not_recognised
"i made a purchase this morning, and it is showing as pending.",45,pending_card_payment
i've been trying to make a transfer and it hasn't gone through. now i am receiving an error message. what is the problem?,7,beneficiary_not_allowed
are there any disposable virtual cards?,37,get_disposable_virtual_card
i am not able to do a transfer to an account,7,beneficiary_not_allowed
please help to explain to me why my new card was declined when i tried to use it at my grocery store this morning to pay for the items i needed. i tried three times to use it and it kept being declined. i was very embarrassed standing there trying to buy my groceries.,25,declined_card_payment
"if my phone was stolen, do i need to do anything?",42,lost_or_stolen_phone
the top-up is pending.,47,pending_top_up
am i able to do top-ups with google pay?,2,apple_pay_or_google_pay
"i just saw some charges on my card from the past days that i dont recognize, i need to freeze the card asap! will i be able to get my money back?",16,card_payment_not_recognised
"i did a top-up, but i'm not seeing it in my wallet yet.",62,topping_up_by_card
is there a reason my top up hasn't gone through,47,pending_top_up
i bought this item and was charged the wrong amount can i get a refund?,52,request_refund
what will happen if i want to add money using an international card? will i run into any fees?,57,top_up_by_card_charge
i was unaware of the additional charge that was added onto my previous payment. a notification of extra charges would be appreciated in the future.,15,card_payment_fee_charged
why would the atm machine fail to give me the cash withdrawal i requested?,26,declined_cash_withdrawal
i've been waiting for over an hour for a top up to go through. how long is this supposed to take? i really need this money.,47,pending_top_up
"even though i added money ey to the card, i couldn't use it",47,pending_top_up
is it possible to change from aud to gbp?,33,exchange_via_app
verify top-up card help?,71,verify_top_up
passcode retrieval,44,passcode_forgotten
my top-up seems to be pending for a long time?,47,pending_top_up
how can i top up with google play?,2,apple_pay_or_google_pay
i was expecting my new card and am wondering why i haven't received it yet?,11,card_arrival
please check payments on my card. there is a duplicate and i only bought it once.,63,transaction_charged_twice
"if i want to get an account for my daughter, can i do that?",1,age_limit
where can i see where funds came from?,70,verify_source_of_funds
how long should i wait for the card to arrive?,12,card_delivery_estimate
how do i know where the funds come from?,70,verify_source_of_funds
why is there a random payment in my statement?,16,card_payment_not_recognised
why is verification for my identity needed?,74,why_verify_identity
how do i find my card pin?,38,get_physical_card
why did my top up get reverted?,61,top_up_reverted
i would like to order a virtual card.,40,getting_virtual_card
where are my funds? i topped off my car but it didn't seem to complete.,47,pending_top_up
i urgently need to top-up my card but its getting declined. please help me in this or advise with other options if any.,59,top_up_failed
i haven't received the pin yet.,38,get_physical_card
i need a refund right away but the funds aren't available in my account,51,Refund_not_showing_up
my transfer failed,35,failed_transfer
what is the time frame that it usually takes for a transfer to come through? i have a friend needing it immediately but it has yet to come through.,66,transfer_not_received_by_recipient
why couldn't i transfer funds to my beneficiary?,7,beneficiary_not_allowed
i should not have been charged a fee for my transfer.,64,transfer_fee_charged
how do i retrieve a trapped card from a atm?,18,card_swallowed
how can my friend transfer money to me?,50,receiving_money
i need to cancel a transaction on my debit card.,28,direct_debit_payment_not_recognised
"who do i talk to, to cancel a transfer?",8,cancel_transfer
how much for topping up by card?,57,top_up_by_card_charge
i can't log in,44,passcode_forgotten
how much is it to exchange currency,31,exchange_charge
"i transferred money from the us, how long does it take?",67,transfer_timing
i think i see a withdraw i did not make.,20,cash_withdrawal_not_recognised
what is this extra fee?,15,card_payment_fee_charged
what is the extra fee that was added when i used the card?,15,card_payment_fee_charged
there's a debit on my account that i didn't do.,28,direct_debit_payment_not_recognised
there is an extra 1£ charge on my app. why did you charge me extra?,34,extra_charge_on_statement
why is top up not working for my apple pay app,2,apple_pay_or_google_pay
there was a fee charged when i paid with my card.,15,card_payment_fee_charged
i would like to know where the funds are at.,70,verify_source_of_funds
i'd like to know why my top-up was canceled please.,61,top_up_reverted
i want a physical card,43,order_physical_card
how do i edit my personal details?,30,edit_personal_details
i have tried to use my card several times and it does not work.,14,card_not_working
can i allow other people to top up my account?,62,topping_up_by_card
a refund for a recent return has not arrived on my card.,51,Refund_not_showing_up
what do i do to verify a top-up?,71,verify_top_up
hi. please can you help me fix a double charge on my card? i'm looking at my transactions and this restaurant i went to earlier in the week has charged me twice! please remove the additional charge for me.,63,transaction_charged_twice
when will the money reach my account?,67,transfer_timing
"my card has an issue, the payment has been deferred.",53,reverted_card_payment?
do i need to go to a physical bank to change my pin?,21,change_pin
i need a physical card. what are the fees?,43,order_physical_card
how do i fix my card if it is broken?,14,card_not_working
why was i charged a fee for using my card,15,card_payment_fee_charged
a payment is showing twice. why is that?,63,transaction_charged_twice
i tried entering my passcode and it isn't working. can you help?,44,passcode_forgotten
card activation is not working. what do i do?,0,activate_my_card
where is the tracking number for the card?,11,card_arrival
i was the victim of someone stealing my wallet. my card is being used and it isn't me. what should i do?,20,cash_withdrawal_not_recognised
help me order my card.,43,order_physical_card
are there any documents needed for the identity check?,69,verify_my_identity
why can i not take out cash?,26,declined_cash_withdrawal
how do i use my card to top up?,62,topping_up_by_card
please cancel the latest atm charge on my card as my card was declined earlier today and i did not receive that cash.,46,pending_cash_withdrawal
why hasn't my in country transfer gone through yet? i confirmed the account info a couple days ago but the payment hasn't been posted yet.,66,transfer_not_received_by_recipient
why isn't my deposit in my account?,6,balance_not_updated_after_cheque_or_cash_deposit
what do i have to do to activate my card?,0,activate_my_card
what do i need to do in order to use my card i just got?,0,activate_my_card
i have a fee for cash withdrawal,19,cash_withdrawal_charge
my card has been charged two separate times for a single transaction.,63,transaction_charged_twice
i did not get enough cash,75,wrong_amount_of_cash_received
where can i get the info for my funds,70,verify_source_of_funds
"i want to top up using cash, where can i do that?",58,top_up_by_cash_or_cheque
can i freeze my card right now?,22,compromised_card
my card rejected a cash withdrawal. why?,26,declined_cash_withdrawal
why hasn't my transaction arrived to my friend yet?,66,transfer_not_received_by_recipient
want to know how to get virtual card,40,getting_virtual_card
can i change to another currency?,33,exchange_via_app
why is the purchase i made this morning still pending?,45,pending_card_payment
what should i do if the passcode doesn't work for me?,44,passcode_forgotten
how do i change my pin abroad?,21,change_pin
what currencies or cards do you support for topping up?,54,supported_cards_and_currencies
how come my transfer got declined,27,declined_transfer
why would i be charged an extra fee while doing a transfer?,64,transfer_fee_charged
i checked on google and the exchange rate you are using is really bad. can you update it?,17,card_payment_wrong_exchange_rate
how can i set up google pay on my device?,2,apple_pay_or_google_pay
i believe my card payment has reverted,53,reverted_card_payment?
my phone was stolen so i no longer have access to the app.,42,lost_or_stolen_phone
a bank atm did not give my card back. what do i do now?,18,card_swallowed
how would my friend be able to send me money?,50,receiving_money
where would i find top up by cash deposit?,58,top_up_by_cash_or_cheque
please cancel the transaction,8,cancel_transfer
my money didnt go through after i transferred.,7,beneficiary_not_allowed
what do i need for activation of my card?,0,activate_my_card
"hey there, i just went through my most recent credit card payments and i notice the same charge for a restaurant was processed twice. there was only one meal at this place, so i would like one of the charges to be reversed and my money to be put back in the account.",63,transaction_charged_twice
"if i'm getting my identity verified, what all do i need?",69,verify_my_identity
i have a cash withdrawal that i don't recognize.,20,cash_withdrawal_not_recognised
"unbeknownst to me, there was an additional charge on my prior transaction. a notification of sorts should be required and explained before future payments are made.",15,card_payment_fee_charged
my contanctless has stopped working,23,contactless_not_working
i made a withdrawal from my account but it has not posted?,46,pending_cash_withdrawal
can i open a bank account for my newborn baby?,1,age_limit
i cannot remember my passcode.,44,passcode_forgotten
when will the $1 transaction be credited to me?,34,extra_charge_on_statement
which currencies will you exchange?,36,fiat_currency_support
my wallet doesn't show my recent top up.,62,topping_up_by_card
how can i delete my account?,55,terminate_account
what should i do if i think there are unauthorized transactions?,22,compromised_card
why did my transfer not work?,35,failed_transfer
"please help me in this, as i was unable to make any payment by my new card, it was getting declined repeatedly. i am not very happy with this incident.",25,declined_card_payment
how long does it take for a refund to appear?,51,Refund_not_showing_up
why am i being charged certain fees? i noticed a fee after i withdrew some money for groceries earlier today.,19,cash_withdrawal_charge
how long does a transfer take to be confirmed?,48,pending_transfer
there's a $200 withdrawal on my statement that seems fishy to me.,20,cash_withdrawal_not_recognised
"my top up hasn't gone through yet, why?",47,pending_top_up
can you help me get a disposable virtual card?,37,get_disposable_virtual_card
i believe my exchange rate is incorrect,76,wrong_exchange_rate_for_cash_withdrawal
why isn't my payment showing?,53,reverted_card_payment?
can you explain why the atm is giving me less money than what i asked for?,75,wrong_amount_of_cash_received
"if i were to do a transfer, what is the rate for that?",56,top_up_by_bank_transfer_charge
there's a payment in my history i don't recognize,16,card_payment_not_recognised
how long until my friend receives my transaction?,66,transfer_not_received_by_recipient
are there any sort of fees involved for top of transfers?,56,top_up_by_bank_transfer_charge
how come my card payment has been declined?,25,declined_card_payment
why is there a fee for my transfer?,64,transfer_fee_charged
i transferred some money but it is yet to arrive.,5,balance_not_updated_after_bank_transfer
what's the wait time for european transfers?,67,transfer_timing
what is the max i can top up?,60,top_up_limits
how many cards can i have?,39,getting_spare_card
what is this €1 fee in my statement?,34,extra_charge_on_statement
i transferred money and it didn't get there.,66,transfer_not_received_by_recipient
where do i request a disposable virtual card?,37,get_disposable_virtual_card
"can you please assist me in apple pay, in getting top up to work?",2,apple_pay_or_google_pay
"i need a new card, my old card is expiring.",9,card_about_to_expire
how long will it take for my money to be deposited?,47,pending_top_up
since when do you charge to make a withdrawal? i've always done it for free. so how much is it now?,19,cash_withdrawal_charge
i am unable to transfer money. i believe it is not working because it states it was declined.,27,declined_transfer
is there a top-up limit that i have to stay under during a given period of time?,60,top_up_limits
"my pin was blocked, how do i make it so i can use it?",49,pin_blocked
my money i had was gone and i could not get gas!,62,topping_up_by_card
"when i put the wrong pin too much, i got blocked, so can you help me unblock my pin",49,pin_blocked
i think my top up is still pending?,47,pending_top_up
how do i send my account money through transfer?,65,transfer_into_account
can i top-up as much as i want?,60,top_up_limits
can you let me know why my cash withdrawal is still pending?,46,pending_cash_withdrawal
i was not able to receive the correct amount of cash.,75,wrong_amount_of_cash_received
"i have a card that expires in the coming month, do i have to specifically ask for the updated card?",9,card_about_to_expire
the exchange rate was incorrect for an item i bought.,17,card_payment_wrong_exchange_rate
why can't i use my american express with apple pay to top up my account?,2,apple_pay_or_google_pay
i am unable to use my card.,14,card_not_working
why hasn't my cash been deposited yet?,6,balance_not_updated_after_cheque_or_cash_deposit
what is this strange payment in my account?,16,card_payment_not_recognised
please explain why my card was declined?,25,declined_card_payment
do you have visa or matercard?,73,visa_or_mastercard
i am sure i have plenty of money to transfer but my transfer is being declined.,27,declined_transfer
why don't i have my transfer?,5,balance_not_updated_after_bank_transfer
do you know which businesses will accept my card?,10,card_acceptance
is there an issue with my account? i don't see a cheque deposit that i made yesterday. please assist.,6,balance_not_updated_after_cheque_or_cash_deposit
can i use my account even though the identity verification has not passed yet?,74,why_verify_identity
i have a transfer that is pending.,48,pending_transfer
i am waiting on the refund,51,Refund_not_showing_up
i did not get the right amount of money when i used a different country's currency.,76,wrong_exchange_rate_for_cash_withdrawal
my card didn't work at the atm in notting hill. is my card working?,26,declined_cash_withdrawal
i'm unable to use contactless payments for purchases.,23,contactless_not_working
which atm's can i use to make a withdrawal?,3,atm_support
how do i go about verifying the top-up card?,71,verify_top_up
i am being charged the wrong amount on my card.,17,card_payment_wrong_exchange_rate
help my find the verification code on a top-up.,71,verify_top_up
i only got $20 of the $100 that i attempted to withdraw.,75,wrong_amount_of_cash_received
why is it taking so long for a transfer to complete!,66,transfer_not_received_by_recipient
i need to make my card pin a different number,21,change_pin
please delete the duplicate payment that was made to my account. one payment is still pending and i do not want to pay twice.,63,transaction_charged_twice
"i don't want the item, i bought it on accident, can i get a refund?",52,request_refund
what's the limit on total number of cards i can have?,39,getting_spare_card
how do i obtain a second card?,39,getting_spare_card
the atm at metro bank on high st. kensington didn't return my card. what should i do now that the bank is closed?,18,card_swallowed
i am concerned about the security in my account and would like to make a dispute.,28,direct_debit_payment_not_recognised
what is this withdrawal as i do not remember making it.,20,cash_withdrawal_not_recognised
i took out cash abroad and the exchange rate isn't correct.,76,wrong_exchange_rate_for_cash_withdrawal
how much will i get with the exchange rate?,32,exchange_rate
do you charge a fee for adding money in usd?,57,top_up_by_card_charge
"on my transfer there was a ""decline"" message",27,declined_transfer
can you tell me why i can't make any transactions?,14,card_not_working
i want to get an item refunded,52,request_refund
i'm getting an error when trying to make a payment. i want to purchase a flat but my mortgage payment needs to go through. can you help me?,35,failed_transfer
i requested a refund directly from the seller but i still don't have it. i just want you to send me my money back. i did what you said to do and i still don't have it.,51,Refund_not_showing_up
"i heard you have an auto-top up option, where do i find that?",4,automatic_top_up
can i use my card no matter where i go?,10,card_acceptance
the app rejected my top up,59,top_up_failed
"help, my phone was stolen, please advise!",42,lost_or_stolen_phone
who is giving me my money?,70,verify_source_of_funds
can i use my social security card as a form of identity?,69,verify_my_identity
"hello, in these holidays i have been overcharged on the amount i have withdrawn on one of your atms. i did not had any clue about the horrible charges otherwise i would not have withdrawn.",76,wrong_exchange_rate_for_cash_withdrawal
i need to know what charges i will incur for using a european card for top up.,57,top_up_by_card_charge
i think my statement has a fraudulent charge,16,card_payment_not_recognised
what is the average wait for transfers,67,transfer_timing
explain why my card payment wouldn't go through.,25,declined_card_payment
is it possible for me to change my pin number?,21,change_pin
how come the money from the merchant appeared back into my account?,53,reverted_card_payment?
pending transaction?,45,pending_card_payment
i returned something to a store but can't see my refund.,51,Refund_not_showing_up
how does the exchange rate work on this app?,32,exchange_rate
how many cards can i have for one account?,39,getting_spare_card
what is the most i can top-up?,60,top_up_limits
can i use a check to get gas?,58,top_up_by_cash_or_cheque
is there a verification code for the top-up card?,71,verify_top_up
i didn't receive all the cash i asked for,75,wrong_amount_of_cash_received
top up is still pending,47,pending_top_up
is there any way to verify who i am?,69,verify_my_identity
there's a payment in the app i don't recognize.,16,card_payment_not_recognised
how long does it take for my id to verify?,68,unable_to_verify_identity
could you please activate my card,0,activate_my_card
does google play offer the service to top up?,2,apple_pay_or_google_pay
do i need to speak to a representative to change my pin?,21,change_pin
"you can do that in just a few seconds. go to account, hit activate, and follow the directions from there.",0,activate_my_card
what is taking so long with my top up?,47,pending_top_up
i cannot seem to activate card,0,activate_my_card
my actual card isn't working.,14,card_not_working
what are the charges for receiving money?,56,top_up_by_bank_transfer_charge
why did my transfer not go through?,35,failed_transfer
i have a transaction showing up multiple times.,63,transaction_charged_twice
"so, i tried topping up my card for the today. unfortunately, it failed. a couple of days back i used it and it works fine. can you double check and tell me what's going on?",59,top_up_failed
why was i charged a fee on a cash withdrawal?,19,cash_withdrawal_charge
why was a transaction on my card declined?,25,declined_card_payment
my card was taken by the atm.,18,card_swallowed
use credit card to transfer money,62,topping_up_by_card
is there a transaction limit for a disposable card?,29,disposable_card_limits
what is the fee for a cash withdrawal?,19,cash_withdrawal_charge
can i use my card at an atm?,3,atm_support
i need some help now please! there are some transactions on my account that i do not remember purchasing. can they be reversed? can you please cancel or freeze my card so i don't keep getting charged?!,16,card_payment_not_recognised
how can i check to see where my funds come from?,70,verify_source_of_funds
i no longer have my passcode.,44,passcode_forgotten
can i exchange money from abroad without additional costs?,31,exchange_charge
how long does a card delivery take?,11,card_arrival
why is my card payment still pending? it should have gone through already.,45,pending_card_payment
"i have an unknown debit charge in my statement, why?",28,direct_debit_payment_not_recognised
what is the point of an identity check?,74,why_verify_identity
i could not get my card to work at a shop.,25,declined_card_payment
how do i cancel a charge?,8,cancel_transfer
my card isn't letting me purchase something and i wanted to know why.,7,beneficiary_not_allowed
"the service here is horrible, i want to delete my account.",55,terminate_account
"my card was rejected at the store for some reason, can you look into this for me?",25,declined_card_payment
i completed a payment with my card a while ago. it's still showing up as pending. what time frame does this normally take? it doesn't appear to have worked.,45,pending_card_payment
i think someone else is using my card. there are transactions i didn't make.,22,compromised_card
i need to trace a deposit,70,verify_source_of_funds
do exchanges cost more?,31,exchange_charge
show me how to verify my identity?,69,verify_my_identity
how do i authenticate a top-up card?,71,verify_top_up
i was unable to transfer money to a beneficiary.,7,beneficiary_not_allowed
what is this fee for card payment?,15,card_payment_fee_charged
i can't find out how to top-up my account using cash.,58,top_up_by_cash_or_cheque
the exchange rate is incorrect for something i bought,17,card_payment_wrong_exchange_rate
a cash withdrawal is showing up that i didn't do.,20,cash_withdrawal_not_recognised
i made a transfer from my uk account a couple of hours ago. could you please make sure everything went alright.,5,balance_not_updated_after_bank_transfer
what if i want to add a card i already have to the app?,13,card_linking
"i was wondering why my payment hasn't gone through yet, its been a while.",45,pending_card_payment
"i've been waiting since friday, where is my money?",66,transfer_not_received_by_recipient
i can't get my virtual card to work.,72,virtual_card_not_working
why do you need code verification for my top up?,71,verify_top_up
what are disposable cards?,37,get_disposable_virtual_card
i have a strange cash withdrawal in my statement,20,cash_withdrawal_not_recognised
"what is going on, i have entered my passcode and its not working",44,passcode_forgotten
"i got my american express in apple pay, why is top up not working on my device?",2,apple_pay_or_google_pay
can you tell me how to get a disposable virtual card?,37,get_disposable_virtual_card
is pin delivered separately?,38,get_physical_card
what is going on with it saying my card payment was declined?,25,declined_card_payment
i was supposed to get a refund but i do not see it on my statement. when is it going to be updated?,51,Refund_not_showing_up
i'm wondering how long it takes for my money to get to me after a bank transfer.,5,balance_not_updated_after_bank_transfer
please tell me how i can receive a physical card,43,order_physical_card
when can i expect delivery?,12,card_delivery_estimate
"the exchange rate you're using is terrible - this can't be the official interbank exchange rate, can it?",17,card_payment_wrong_exchange_rate
"i need to delete my account, please.",55,terminate_account
"i already paid to top-up but the funds aren't available yet, where are they?",47,pending_top_up
"three months ago i bought a new house for my cat, fluffy. unfortunately fluffy was not a fan of the house and it had to be returned to pet smart last week. they said they have sent a refund but it's not there, can you tell me where it is?",51,Refund_not_showing_up
could you please explain why i received a message that my transfer is not possible? i've never had any problems making a transfer in the past.,7,beneficiary_not_allowed
where do i find our how to get a physical card?,43,order_physical_card
"i am waiting on this refund, hurry up.",51,Refund_not_showing_up
can i have my card delivered on a specific day?,12,card_delivery_estimate
"hello, i just checked my statement and there seems to be a payment from my card that i have never seen before.",16,card_payment_not_recognised
how long will it take to deliver to the us?,12,card_delivery_estimate
i need more physical cards than i have right now!,39,getting_spare_card
there's a cash withdrawal i didn't make,20,cash_withdrawal_not_recognised
i have a 1 euro fee on my statement.,34,extra_charge_on_statement
"when is my balance going to update, i just transferred some money",5,balance_not_updated_after_bank_transfer
my balance was not updated with my checque or cash deposit.,6,balance_not_updated_after_cheque_or_cash_deposit
am i able to get a refund for a purchase?,52,request_refund
will i be able to get a disposable virtual card as well?,37,get_disposable_virtual_card
i won't be pleased unless i get a mastercard.,73,visa_or_mastercard
how many days do i have to wait for the transfer to reach my account?,67,transfer_timing
"if i lost my phone, can someone use my account?",42,lost_or_stolen_phone
what should i do if i don't know my password?,44,passcode_forgotten
do you have any options to top up with a cheque on my account?,58,top_up_by_cash_or_cheque
when will my pending payment finish?,45,pending_card_payment
"i have done a transfer within the country the day before yesterday, but it's still not there yet. can you please check what's going on with that, the account number is the right one, i've checked that several times already.",66,transfer_not_received_by_recipient
where do i go to transfer money from one account to this one,65,transfer_into_account
"my top up hasn't worked, it's been stuck in pending for the last couple hours",47,pending_top_up
"my wallet isn't showing my top-up, did i do something wrong?",62,topping_up_by_card
how do i activate my card so i can start using it?,0,activate_my_card
my new card keeps getting declined. i was very excited to use it for the first time today. why is this doing this?,25,declined_card_payment
where can i order a card when i am in china?,9,card_about_to_expire
why is my payment declined? it looked like everything worked ok and my account was fine.,25,declined_card_payment
the recipient can not locate funds.,66,transfer_not_received_by_recipient
i think the exchange rate is wrong for my atm withdrawal,76,wrong_exchange_rate_for_cash_withdrawal
help my prove my identity.,68,unable_to_verify_identity
the virtual card won't work.,72,virtual_card_not_working
i think something went wrong with my card delivery as i haven't received it yet.,11,card_arrival
why was i declined from getting cash?,26,declined_cash_withdrawal
will you accept my credit card?,54,supported_cards_and_currencies
my cash withdrawl has the wrong rate of exchange.,76,wrong_exchange_rate_for_cash_withdrawal
"it is still pending, i am still waiting. your system just shows my top-up as pending. what is happening?",47,pending_top_up
there was a direct debit transaction i have don't think should be there.,28,direct_debit_payment_not_recognised
what is the wait time for a transfer from the us?,67,transfer_timing
i couldn't do a transfer to an account,7,beneficiary_not_allowed
i cannot use my card.,14,card_not_working
can my daughter make an account?,1,age_limit
can i link my new card?,13,card_linking
i think someone is using my card without my permission!,22,compromised_card
"my transfer failed, why?",35,failed_transfer
for some reason my card payment hasn't worked. what can i do to look into that?,25,declined_card_payment
is there a fee that comes with transfers?,64,transfer_fee_charged
top-up is not working,59,top_up_failed
how do i verify the source of my funds?,70,verify_source_of_funds
i cannot get my google pay to work.,2,apple_pay_or_google_pay
"i need to exchange between different currencies, like gbp and usd. can i do that with your app?",33,exchange_via_app
can i use american express with apple pay? why does it make my top up not work?,2,apple_pay_or_google_pay
why do i have to give you my drivers license,74,why_verify_identity
how can i fund another account with my american express?,54,supported_cards_and_currencies
can you send me more cards for my account?,39,getting_spare_card
my transfer was declined. what might the reason be?,27,declined_transfer
please let me know what currency i can use to top up my account?,54,supported_cards_and_currencies
the exchange rate on my payment was wrong,17,card_payment_wrong_exchange_rate
"would i be able to get another card for my account, so i could give one to my daughter?",39,getting_spare_card
why can't i use my card?,14,card_not_working
top up on my google pay isn't working.,2,apple_pay_or_google_pay
"i've use this account all the time, including over this past month, to pay for things from my new place abroad. i'm a really good customer, so why do i suddenly have new fees? i should be rewarded instead of charged more fees.",64,transfer_fee_charged
"if i only have 1 other us card, can you take it?",54,supported_cards_and_currencies
my wallet was taken and i see that someone is using my card! please help me!,20,cash_withdrawal_not_recognised
why do we need to verify top-up?,71,verify_top_up
how long does a transfer take from china?,67,transfer_timing
why caused my top up to not work?,59,top_up_failed
my top up didn't work.,59,top_up_failed
"i am not supposed to be charged a cash withdrawal fee, but i was.",19,cash_withdrawal_charge
is there anyway to bypass identity verification?,74,why_verify_identity
"i am looking to get a visa credit card, what must i do to achieve this?",73,visa_or_mastercard
what us credit cards do you accept?,54,supported_cards_and_currencies
send my card as soon as you are able to.,12,card_delivery_estimate
are there any limit on the auto top-up?,4,automatic_top_up
why do i get a fee every time i transfer?,64,transfer_fee_charged
"i'm not certain, but someone may be using my card.",22,compromised_card
there is a direct debit set up that i didn't create.,28,direct_debit_payment_not_recognised
how can my friend send me money?,50,receiving_money
"errors keep showing up every time i try to make this transfer and i am on a time crunch, could you please help.",35,failed_transfer
how come i got charged extra for withdrawing cash?,19,cash_withdrawal_charge
please close my account. i am unsatisfied with your service.,55,terminate_account
what is the top up code for?,71,verify_top_up
can i order a card please?,43,order_physical_card
how can i switch on my new card?,0,activate_my_card
"i received my new card and tried using it today, just to have it show declined over and over again. why is this happening?",25,declined_card_payment
how do i activate my card,0,activate_my_card
i'm confused. my contactless is suddenly not working anywhere that i try to use it. how do i fix it?,23,contactless_not_working
i am not happy with your company. please delete my account asap.,55,terminate_account
how do i start auto top up?,4,automatic_top_up
"i got this stupid fee after taking cash out, why?",19,cash_withdrawal_charge
my payment has been declined several times. can you help me?,25,declined_card_payment
what can i do about some payments on my card i didn't make. please put a freeze on my card till we can figure this out.,16,card_payment_not_recognised
my card would not work at a shop.,25,declined_card_payment
my account was charged for a withdraw i tried to make that was decline.,46,pending_cash_withdrawal
where is the money i pushed it's on my mobile app as being withdrawn.,75,wrong_amount_of_cash_received
hi - i have made a transaction to my new landlord but unfortunately it shows on my end but not on the landlord's end. the numbers are correct. can you confirm when that will go through?,66,transfer_not_received_by_recipient
i keep checking my bank statements but i don't see a refund that i've requested from a seller. can you ensure that i receive the refund from the seller?,51,Refund_not_showing_up
i moved to a new city and need to change my address,30,edit_personal_details
my top-up failed to go through.,59,top_up_failed
i think my card payment has been stopped,53,reverted_card_payment?
why is a transaction still pending?,46,pending_cash_withdrawal
can you tell me how to tell where my funds come from?,70,verify_source_of_funds
how do i top up my account with a cash payment?,58,top_up_by_cash_or_cheque
my transaction needs to be canceled.,8,cancel_transfer
i want to op up my account by using bank transfer. how do i go about it?,65,transfer_into_account
my atm transaction was wrong,75,wrong_amount_of_cash_received
is it permissible to hold money in multiple currencies?,36,fiat_currency_support
when will i get my new card?,11,card_arrival
how do i activate my new card i just got?,0,activate_my_card
where is the option to top up with a cheque?,58,top_up_by_cash_or_cheque
is it possible to get a visa and mastercard from you?,73,visa_or_mastercard
"hi, can you tell me why my transfer keeps being rejected? i've been trying to send money to my friends this morning but failed every time and i have no idea why?",35,failed_transfer
i was charged too many times for one transaction.,63,transaction_charged_twice
would i be able to get an account for my child?,1,age_limit
i need to know which flat currencies are supported by you.,36,fiat_currency_support
do you guys accept mastercard or visa?,73,visa_or_mastercard
my card was confiscated by an atm. how do i get my card back?,18,card_swallowed
what can i do if my card details where stolen from my car? i think they used my card to buy gas.,22,compromised_card
what is the cost for an exchange fee?,31,exchange_charge
my source of funds need verification.,70,verify_source_of_funds
what is the reason a transfer shows as pending?,48,pending_transfer
i'm not certain my top-up went through yet.,47,pending_top_up
"money was taken out without my consent,",20,cash_withdrawal_not_recognised
"i tried using my card, but it doesn't work.",14,card_not_working
i've just been married and need to update my name,30,edit_personal_details
what may be the reason that my transfer did not go through?,35,failed_transfer
why is there a fee on my money transfer?,64,transfer_fee_charged
how can my account have money transferred into it?,65,transfer_into_account
can i change my pin if i want to?,21,change_pin
my last name has changed and i need to update my account details.,30,edit_personal_details
why do i see an extra £1 charge on my statement?,34,extra_charge_on_statement
how do i use a disposable virtual card?,37,get_disposable_virtual_card
what fee is included if i top up by card?,57,top_up_by_card_charge
could you tell me about the restrictions that are on the disposable cards?,29,disposable_card_limits
will i get a visa or mastercard?,73,visa_or_mastercard
i'd like to use my american express to place money into my account.,54,supported_cards_and_currencies
can it be delivered on a certain date?,12,card_delivery_estimate
what's the problem? i thought you offered crypto top up. this doesn't appear to be working at all. my money has now vanished from my account.,61,top_up_reverted
"i do not like this, i made a simple transfer but i have an additional charge for doing so.",64,transfer_fee_charged
top up not available in my wallet.,62,topping_up_by_card
i did not get as much cash as i requested at the atm.,75,wrong_amount_of_cash_received
please explain why the funds i added were returned to my account.,61,top_up_reverted
how long will it take for my id to verify?,68,unable_to_verify_identity
how do i get my refund back?,52,request_refund
why do you need all this information about my source of funds?,70,verify_source_of_funds
may i order another card?,39,getting_spare_card
where can i withdraw money from?,3,atm_support
i answered so many questions about my identity. why do you need this info?,74,why_verify_identity
how do i get my money back for something i bought?,52,request_refund
how do i get into my account and edit my details,30,edit_personal_details
why is it important to verify a top-up card?,71,verify_top_up
my phone is missing or stolen.,42,lost_or_stolen_phone
"i think that someone may be using my card, but i'm not sure,.",22,compromised_card
is there a fee for physical cards?,43,order_physical_card
how often can i top up my account?,60,top_up_limits
how do i check security settings on my card?,14,card_not_working
i received a message from a seller stating they hadn't received my money even though it definitely came out of my account. the money has now been deposited back into my account. please get this resolved as soon as possible.,53,reverted_card_payment?
i would like to get both mastercard and visa card from you if that's possible.,73,visa_or_mastercard
can i add funds with a card from the united states,54,supported_cards_and_currencies
i was trying to use my virtual card at a merchant and it was rejected. how can i fix this?,72,virtual_card_not_working
there is a withdrawal on my account that i don't remember initiating.,20,cash_withdrawal_not_recognised
today i was out eating and my card was declined. why's that?,14,card_not_working
something went wrong with my withdrawal. the amount of money isn't right.,75,wrong_amount_of_cash_received
unsupported transfer declined,27,declined_transfer
can you tell my why my funds transfer did not work properly?,35,failed_transfer
are there extra charges for exchanging currency?,31,exchange_charge
"if i exchange currencies frequently, is there a discount?",31,exchange_charge
i'm still waiting for the top-up!,47,pending_top_up
can i reactivate my pin?,49,pin_blocked
will i be charged a fee for a sepa transfer?,56,top_up_by_bank_transfer_charge
want to get a new card in china,9,card_about_to_expire
"i have a question about atm transactions. can i take money out of an atm when i'm traveling abroad? and, can i get the money in my home currancy?",76,wrong_exchange_rate_for_cash_withdrawal
why would my card payment not work?,25,declined_card_payment
i finished my transfer. i am having an issue with it still pending. it has been a long time and i'm growing impatient,48,pending_transfer
i want to delete my account.,55,terminate_account
when will a refund post to my account?,51,Refund_not_showing_up
i'm not sure where this charge came from.,16,card_payment_not_recognised
why is my card being declined when i try to do a top-up? how can this be immediately resolved?,59,top_up_failed
how can i get my money back for a payment i didnt make,28,direct_debit_payment_not_recognised
what should i do if i see a payment i didn't make?,16,card_payment_not_recognised
my phone has been stolen. how can i make sure no one uses my account from it?,42,lost_or_stolen_phone
i requested a refund from a merchant but don't see the money in my account. are you able to check with the merchant or process the refund manually?,51,Refund_not_showing_up
why isn't this accepting my identity?,68,unable_to_verify_identity
how much more do you charge for currency exchange?,31,exchange_charge
i need to know when a payment will actually go through. i completed a payment using my card but it is just showing as pending at this point and it has been a while ago.,45,pending_card_payment
"the atm at metro bank on high st. kensington didn't return my card, and the bank is now closed. how do i get back a card swallowed by an atm?",18,card_swallowed
my payment was reverted by the app,53,reverted_card_payment?
i want to use my account before identity verification,74,why_verify_identity
there is a missing transfer on my account,5,balance_not_updated_after_bank_transfer
i requested a refund from next because the dress i purchased had three arm holes. they said they sent the refund last wednesday which is nearly a week ago and i still don't have it. why not?,51,Refund_not_showing_up
i was charged an extra fee for a card payment. i was unaware of these fees beforehand.,15,card_payment_fee_charged
i expected a higher exchange rate when i withdrew money. can you tell me current exchange rates?,76,wrong_exchange_rate_for_cash_withdrawal
"i need some money transferred asap, how long does the process take?",67,transfer_timing
what do i do to get a disposable virtual card?,37,get_disposable_virtual_card
where do i go to reset the passcode?,44,passcode_forgotten
what are the steps to verify identity?,69,verify_my_identity
"if my cash withdrawal is still not showing, is something wrong?",46,pending_cash_withdrawal
whats the transfer process,65,transfer_into_account
my account isn't showing the refund,51,Refund_not_showing_up
when will my balance update after a transfer?,5,balance_not_updated_after_bank_transfer
can you tell me when the transfer will be completed?,48,pending_transfer
when can i expect my refund?,51,Refund_not_showing_up
do you offer a discount on multiple currency exchanges?,31,exchange_charge
i did not receive the correct amount for the exchange rate.,17,card_payment_wrong_exchange_rate
you operate in which countries?,24,country_support
my transfers are being declined. it has always worked for me but now it's declining my card. i've tried several times.,27,declined_transfer
"i have tried to submit a transfer a couple of times now, and for some reason, it continues to be unsuccessful. do you know why this may be?",7,beneficiary_not_allowed
someone might be using my card. what should i do?,22,compromised_card
how much can i top up?,60,top_up_limits
is it simple to transfer money using my credit card?,62,topping_up_by_card
there is a payment in the app that is not mine.,16,card_payment_not_recognised
how is my card payment still pending?,45,pending_card_payment
i want to set a new pin,21,change_pin
who can i speak with regarding a lost card?,41,lost_or_stolen_card
how come i didn't get a virtual card yet?,40,getting_virtual_card
the balance hasn't changed yet after depositing a cheque with some money.,6,balance_not_updated_after_cheque_or_cash_deposit
what are the steps to finishing up with this account?,55,terminate_account
how do i report a stolen card?,41,lost_or_stolen_card
what is this extra charge for a withdrawal?,19,cash_withdrawal_charge
why is my deposit still pending?,6,balance_not_updated_after_cheque_or_cash_deposit
"there is a pending payment on my account, what does this mean?",45,pending_card_payment
i was charged on my account that shouldn't be there.,28,direct_debit_payment_not_recognised
what is the limit to number of transactions i can do with a disposable card?,29,disposable_card_limits
i would like to delete my account.,55,terminate_account
why isn't my refund on my statement?,51,Refund_not_showing_up
when do i activate auto top-up?,4,automatic_top_up
how much does it cost to make transfers?,56,top_up_by_bank_transfer_charge
"help, i don't see my money i just added.",47,pending_top_up
how can i check on the status of my new card?,11,card_arrival
what is the process for transferring money into my account?,65,transfer_into_account
is there a way to set up an auto top-up?,4,automatic_top_up
my transfer has still not appeared.,5,balance_not_updated_after_bank_transfer
"i am wanting to refill my card, is there a charge?",57,top_up_by_card_charge
"i'm looking at my statement, and my refund is not on there.",51,Refund_not_showing_up
i went to use my new card today and the card was repeatedly declined. i would really like to use this card and need to know what to do about it.,25,declined_card_payment
"i just took some cash out of a cash machine in heathrow airport because i wanted to buy some new sunglasses for my holiday but you've added a fee to the withdrawal, what is this?",19,cash_withdrawal_charge
what is the limits on the number of disposable cards i can have?,29,disposable_card_limits
the exchange rate for me was wrong when i was abroad.,76,wrong_exchange_rate_for_cash_withdrawal
where can i reset the passcode?,44,passcode_forgotten
am i able to use my american express to add money to my account balance?,54,supported_cards_and_currencies
why is the cash withdraw i made shown as pending?,46,pending_cash_withdrawal
i ordered my card but it hasn't been delivered yet,11,card_arrival
are there any exchange fees,31,exchange_charge
"i am having a slight problem with my american express in apple play, can you help me fix the problem with top up?",2,apple_pay_or_google_pay
i think my top up did not work,59,top_up_failed
what are the sources for the funds in my account?,70,verify_source_of_funds
is there a maximum for top-ups?,60,top_up_limits
my actual card isn't functioning.,14,card_not_working
can i top up with a cheque?,58,top_up_by_cash_or_cheque
how can i transfer money from an outside bank?,65,transfer_into_account
my currencies needed to be exchanged often and i was wondering if there were any discounts available for this?,31,exchange_charge
can you please tell me why i cant get money from the atm?,26,declined_cash_withdrawal
what happens if i forget my pin?,49,pin_blocked
what cash stations take this card?,3,atm_support
is identity verification required for me to use my account?,74,why_verify_identity
where in the app do i go to make my new card show up?,13,card_linking
"if the atm only gave me 10 pounds instead of the 30 i requested, what do i do?",75,wrong_amount_of_cash_received
"can google pay be used for top up, please help?",2,apple_pay_or_google_pay
i'm not sure why my top up request was denied,59,top_up_failed
i live in the us can i still get a card?,24,country_support
"i need your help to check my account, please! my card keeps being declined at the atm, and i've already tried two different ones!",26,declined_cash_withdrawal
the atm won't give me my card back. i need it back now!,18,card_swallowed
i can't seem to make a standard bank transfer. i have tried at least five times already but none of them are going through. please tell me what is wrong?,35,failed_transfer
was there a number to track that i could get?,11,card_arrival
i notice there's a pending payment on my card.,45,pending_card_payment
i need to get hold of a physical card?,43,order_physical_card
i forgot the passcode on my app.,44,passcode_forgotten
how long do i wait for a transfer to take?,48,pending_transfer
why was the exchange rate so wrong when i bought something!,17,card_payment_wrong_exchange_rate
if my card payment isn't working what do i do?,25,declined_card_payment
i can't activate my card?,0,activate_my_card
was i charged extra for using my card?,15,card_payment_fee_charged
is there an alternative to a physical card?,40,getting_virtual_card
my card must have used my card as there are some transactions that i haven't done myself..,22,compromised_card
can i do a transfer with swift,56,top_up_by_bank_transfer_charge
can i transfer my salary if its in gbp?,50,receiving_money
can i use any currency to add money?,54,supported_cards_and_currencies
why did i only receive a partial amount of what i tried to withdraw?,75,wrong_amount_of_cash_received
i would like to revert a transaction i did this morning,8,cancel_transfer
"i am not a premium customer but i want a virtual card, how do i get it",29,disposable_card_limits
there is a withdrawal that isn't mind in the app.,20,cash_withdrawal_not_recognised
my card is stuck inside the atm.,18,card_swallowed
i need someone to assist me with explaining how much i can top-up.,60,top_up_limits
i believe i was charged for making a withdrawal after i went grocery shopping. are you guys charging for this now?,19,cash_withdrawal_charge
my atm got stuck and i'm not sure what to do.,18,card_swallowed
how do i get a card if i am in the usa,24,country_support
is there a fee for sending out more than one card?,39,getting_spare_card
how is my pin sent?,38,get_physical_card
will i be charged if someone needs to send me money?,56,top_up_by_bank_transfer_charge
do you know how i can verify that i did a top-up to my card?,71,verify_top_up
it will be fine to use at any establishment that accepts mastercard.,10,card_acceptance
where did this fee come from?,34,extra_charge_on_statement
i need the source of my funds verified. how do i do this?,70,verify_source_of_funds
"i froze my account, but how do i order a replacement card?",22,compromised_card
what transfer methods do you accept?,65,transfer_into_account
why wouldn't the contactless payment work when i tried to pay at the bus today?,23,contactless_not_working
why do you keep declining my payment?i tried several times already with this card and it is just not working.,25,declined_card_payment
where did my money come from?,70,verify_source_of_funds
why do we need to verify top-ups?,71,verify_top_up
i'm still waiting for my top-up to go through,47,pending_top_up
there was a direct debit from my account and i didn't authorise it,28,direct_debit_payment_not_recognised
does it cost to top up my card?,57,top_up_by_card_charge
why is my transfer not showing,5,balance_not_updated_after_bank_transfer
is there a disposable virtual card i can order?,37,get_disposable_virtual_card
do you support the eu?,24,country_support
what fiat currencies are supported?,36,fiat_currency_support
i got mugged yesterday and can't use the app.,42,lost_or_stolen_phone
how old do my kids have to be to use your service?,1,age_limit
can i use apple pay to top up?,2,apple_pay_or_google_pay
this company sucks! can you delete my account?,55,terminate_account
are your cards available in europe?,24,country_support
atm took my card,18,card_swallowed
can you tell me what are disposable cards for?,37,get_disposable_virtual_card
"how can i get my money back on an order. i haven't gotten the item yet, so i want to cancel the order. how?",52,request_refund
i would prefer a visa card,73,visa_or_mastercard
the top-up did not go through.,59,top_up_failed
i tried to get some money but the machine was not working .the transaction still seems in progress! can you please check what's going on.i don't want to be charged for money that i did not received.,46,pending_cash_withdrawal
what does it mean if my top-up has not gone through?,47,pending_top_up
i want a card. what is the procedure?,43,order_physical_card
my card isn't working at all. what happened?,14,card_not_working
where can i go to get my pin unblocked?,49,pin_blocked
i can't find my card and think it may have been stolen.,41,lost_or_stolen_card
i've made a bank transfer but the money doesn't seem to be in my account.,5,balance_not_updated_after_bank_transfer
i need my card delivered as soon as possible.,12,card_delivery_estimate
"the transfer keeps failing - i tried to transfer some money to friends this morning but it keeps getting rejected for some reason, i have no idea why",35,failed_transfer
can my children have their own account?,1,age_limit
i will be traveling and want money to be added automatically in certain intervals. is this possible?,4,automatic_top_up
i was retrieving money and my card wouldn't remove.,18,card_swallowed
where can i find your locations?,24,country_support
why isn't my money from a check deposit showing?,6,balance_not_updated_after_cheque_or_cash_deposit
i got topped up but the application reverted it.,61,top_up_reverted
how do i use contactless pay?,23,contactless_not_working
my top-up was reverted by the app.,61,top_up_reverted
i would like to know if i can top up with google pay.,2,apple_pay_or_google_pay
is there a transfer fee?,64,transfer_fee_charged
what do you think of the exchange rate?,32,exchange_rate
"please help me, as my topup amount has been reverted, i did it correctly. i think there is some defect in system.",61,top_up_reverted
"i would like to give another card to my daughter, how can i proceed?",39,getting_spare_card
"i need to transfer some money, can i use my credit card?",62,topping_up_by_card
im worried about fraud how do you protect my account,69,verify_my_identity
i've lost my card. what can i do about that?,41,lost_or_stolen_card
"my transfer is still pending, why?",48,pending_transfer
what does a disposable virtual card do?,37,get_disposable_virtual_card
i did a cash deposit to my account but my balance is still the same. what happened?,6,balance_not_updated_after_cheque_or_cash_deposit
how can i change my pin even though i'm out of the country in austria at the moment?,21,change_pin
my card needs to be activated asap,0,activate_my_card
i would like to change my personal details.,30,edit_personal_details
how much will it be in order to pay with a bank transfer using sepa?,56,top_up_by_bank_transfer_charge
"if i request that my funds be held, what currencies do you use?",36,fiat_currency_support
tell me how i can order my card.,43,order_physical_card
where are the atms that accept this card?,3,atm_support
will you accept my other card?,54,supported_cards_and_currencies
where is the virtual card located?,40,getting_virtual_card
can i top up from my apple watch?,2,apple_pay_or_google_pay
what is the strange cash withdrawal on my statement?,20,cash_withdrawal_not_recognised
are there charges for topping up us cards?,57,top_up_by_card_charge
"i'm out of money, can i add money with my bank?",65,transfer_into_account
what kind of security protects my money?,70,verify_source_of_funds
why was my cash withdrawal given the wrong exchange rate?,76,wrong_exchange_rate_for_cash_withdrawal
my card is stuck in the atm?,18,card_swallowed
can i request a refund,52,request_refund
will my other us credit card be accepted?,54,supported_cards_and_currencies
which foreign currencies can i get transferred into my account?,50,receiving_money
i need you to delete my account right now.,55,terminate_account
can i set the account to auto top-up?,4,automatic_top_up
"i'm not sure where my phone is, i think someone stole it or it's lost.",42,lost_or_stolen_phone
"hello, can you please inform me about international transfers? i am expecting a transfer i made from france two days ago and would like to know when it will arrive.",5,balance_not_updated_after_bank_transfer
where do i pay with my card?,10,card_acceptance
"so, the card pin?",38,get_physical_card
can another family member hold a card for this account in addition to mine?,39,getting_spare_card
how to i transfer my funds into my account?,65,transfer_into_account
please check the exchange rate for my payment last saturday. i believe i have been overcharged.,17,card_payment_wrong_exchange_rate
why was i charged extra when paying with card?,15,card_payment_fee_charged
transaction failed?,66,transfer_not_received_by_recipient
i have a duplicate payment showing up on the app. how do i stop myself being charged for the thing twice?,63,transaction_charged_twice
what are the charges for recieving sepa transfers?,56,top_up_by_bank_transfer_charge
i can't use the app because i got mugged yesterday and they took everything. please help.,42,lost_or_stolen_phone
i made a purchase and it says it's pending. what does that mean?,45,pending_card_payment
how can i change my tholepin ?,21,change_pin
why do i have a strange payment on my statement?,16,card_payment_not_recognised
my card hasn't came in the mail yet?,11,card_arrival
what are the steps to activate my card?,0,activate_my_card
can my job deposit my wages directly into the account.,50,receiving_money
"i need to verify a payment to my new landlord. i transferred the first rent payment a few days ago. while it shows on my side, the landlord is saying he hasn't received it yet. can you verify that it has processed?",66,transfer_not_received_by_recipient
i'd like to get another card,39,getting_spare_card
do i need anything for the identity check?,69,verify_my_identity
my app is showing a payment that i know i did not do. can you please cancel that transaction and credit my account please?,28,direct_debit_payment_not_recognised
why has a cash withdrawal charged me?,19,cash_withdrawal_charge
estimated time arrival for transfers?,67,transfer_timing
i've made a horrible mistake! i transferred money to the wrong account by accident! i entered one of the digits wrong. i need this cancelled immediately please.,8,cancel_transfer
i need a new card and i live in the united states.,24,country_support
my statement shows a strange direct debit.,28,direct_debit_payment_not_recognised
"there has been an unusual withdrawal from my account, can you help?",20,cash_withdrawal_not_recognised
why did you give me so little currency?,76,wrong_exchange_rate_for_cash_withdrawal
how long does it take for a new purchase to stop being considered pending?,45,pending_card_payment
can i have multiple currencies in my account?,36,fiat_currency_support
why is there a direct debit set up in my name?,28,direct_debit_payment_not_recognised
"new customer and filling gas today, it's not working, the thing shows pending half an hour!",47,pending_top_up
what do i have to do to get the contactless to work?,23,contactless_not_working
what currencies can my account be in?,36,fiat_currency_support
how long does it take for a bank transfer to show on my balance?,5,balance_not_updated_after_bank_transfer
i need it delivered on a certain date.,12,card_delivery_estimate
can i get a new pin number at any atm using my card?,21,change_pin
can i get a virtual card,37,get_disposable_virtual_card
will there be a charge for sending out more cards?,39,getting_spare_card
"i purchased something and the seller hasn't received the money yet, but it has been deducted from my account.",53,reverted_card_payment?
where can i find the source of my available money?,70,verify_source_of_funds
let me know when you charge for payments. i just checked the app and saw a fee that i wasn't warned about.,15,card_payment_fee_charged
my payment's stuck on pending.,45,pending_card_payment
something is wrong with my exchange rate charge,17,card_payment_wrong_exchange_rate
how many currencies can i have?,36,fiat_currency_support
can you please check why i am having this extra fee on my statement.,34,extra_charge_on_statement
how is an exchange rate calculated?,32,exchange_rate
are there topping up fees if i have to transfer?,56,top_up_by_bank_transfer_charge
i need to change my address in the personal details.,30,edit_personal_details
can i edit my personal details?,30,edit_personal_details
i understand that this is extremely late. after going over my transactions for the last couple of months i noticed a large charge that i'm sure i did not make. is there anyway i can still dispute this?,28,direct_debit_payment_not_recognised
"my card was used without my permission, what do i do?",22,compromised_card
"google pay and top up, i want it, can i get it?",2,apple_pay_or_google_pay
will i be charged for topping up by card?,57,top_up_by_card_charge
i checked my account today and it said i was out of money. how do i transfer money into my account?,65,transfer_into_account
do all atms accept this card?,3,atm_support
i just did a money transaction but its not showing they received it,66,transfer_not_received_by_recipient
i paid with a card and there is an extra charge. why?,15,card_payment_fee_charged
card payment has be declined.,53,reverted_card_payment?
"the wrong amount of cash came out of the atm today when i went to withdraw. when i looked at the app, it was showing it was much more.",75,wrong_amount_of_cash_received
i made a transfer and it doesnt' show up in my account.,5,balance_not_updated_after_bank_transfer
my identity hasn't been verified. can i use my account?,74,why_verify_identity
the money disappeared when i tried to use my card to top up.,62,topping_up_by_card
my phone is missing.,42,lost_or_stolen_phone
my card payment didn't go through.,25,declined_card_payment
"how long is a top up supposed to be pending, because an hour is too long! can you fix this to go through?",47,pending_top_up
what currencies do you accept for adding money to my account?,54,supported_cards_and_currencies
i recently purchased something and the seller says my money has not arrived yet. it was in eu's. how long does this take?,48,pending_transfer
how do i cancel a previous purchase,52,request_refund
it won't let me activate my card.,0,activate_my_card
i got less cash because of the exchange rate.,76,wrong_exchange_rate_for_cash_withdrawal
how long does it take to verify a person's identity?,68,unable_to_verify_identity
help me unblock my account. i entered the pin wrong too many times.,49,pin_blocked
how much is the exchange fee?,31,exchange_charge
i forgot my code to get into the app.,44,passcode_forgotten
i need someone to alert me as to what's going on. i had transferred an amount but the receiver is saying that the amount is somewhat less than what i sent over. i now have to make another transfer to make up the difference.,64,transfer_fee_charged
at what atm can i change my pin?,21,change_pin
how do i use a cheque to top up?,58,top_up_by_cash_or_cheque
do you offer refunds? i would like to return purchase.,52,request_refund
"out of the blue, my card stopped working.",14,card_not_working
is there a fee for exchanging currency?,31,exchange_charge
is there a way my new card can be renewed?,0,activate_my_card
do i receive the physical card for free,43,order_physical_card
"i have used my account abroad for a while without any fees, why am i being charged additional fees all of a sudden?",64,transfer_fee_charged
an extra pound was charged!,34,extra_charge_on_statement
good afternoon. i made a transfer from my uk bank account. i haven't seen anything on the account in the pass few hours. please check the account to make sure everything is fine.,5,balance_not_updated_after_bank_transfer
are there limits on the virtual cards?,29,disposable_card_limits
how long until my card will get here?,12,card_delivery_estimate
i see a direct debit transaction in my app that i didn't make.,28,direct_debit_payment_not_recognised
"i topped up recently and saw the money go through, but now it's just gone? what's going on",61,top_up_reverted
my credit card cancelled a payment for a purchase.,53,reverted_card_payment?
will i know which exchange rate i will get?,32,exchange_rate
why do i have an unexpected fee on my bill?,64,transfer_fee_charged
i am locked out from entering my pin.,49,pin_blocked
what do i need to do to verify my funds?,70,verify_source_of_funds
why am i being charged for transfers? are they not free?,64,transfer_fee_charged
are there any fees for adding money with an international card?,57,top_up_by_card_charge
since i just got married i need to change my name.,30,edit_personal_details
why i'm i being charged an extra pound,34,extra_charge_on_statement
a receiver made me aware that they did not receive the full transfer that i made. the amount was showing to be a bit less. i now have to make a second transfer just to make up the difference. can you reach out and let me know what's going on?,64,transfer_fee_charged
i transferred some funds but i don't see it,5,balance_not_updated_after_bank_transfer
do i have to go into the bank to change my pin?,21,change_pin
i have not received the completed transaction.,66,transfer_not_received_by_recipient
are there any top-up limits involved?,60,top_up_limits
i have not seen any changes in my account balance(s) after making a transfer.,48,pending_transfer
i cannot locate the verification code for my top-up card. please help me.,71,verify_top_up
could you please tell me why my purchases from this morning say payment is pending?,45,pending_card_payment
"my top-up failed, why?",59,top_up_failed
"i cannot find my phone, what should i do?",42,lost_or_stolen_phone
i think my top-up has failed.,59,top_up_failed
what are the cards and currencies that are supported?,54,supported_cards_and_currencies
is there a discount for multiple currency exchanges?,31,exchange_charge
i have been travelling overseas and i need to change my pin. can you tell me how this is done?,21,change_pin
i haven't received the cash from the check i deposited.,6,balance_not_updated_after_cheque_or_cash_deposit
why does my identity need to be verified?,74,why_verify_identity
what to do if my card is about to expire?,9,card_about_to_expire
today i used my card at a restaurant and it was declined. why?,14,card_not_working
why do you require identification documents,74,why_verify_identity
i've transferred money into my account but the balance is the same,5,balance_not_updated_after_bank_transfer
can i use check to deposit?,58,top_up_by_cash_or_cheque
machines make mistakes too! the atm gave me the wrong amount of money. too much!,75,wrong_amount_of_cash_received
i went to top up and it is no longer there. was it sent back?,61,top_up_reverted
why is my balance not updated?,5,balance_not_updated_after_bank_transfer
i sent a payment to the wrong account number - can that transaction be reversed? i am worried about accidentally giving my money away.,8,cancel_transfer
how do i use the app to exchange currencies?,33,exchange_via_app
i am still waiting for a money transfer to process.,48,pending_transfer
what do i do if there is a direct debit on my account that shouldn't be there?,28,direct_debit_payment_not_recognised
what do i need to do to change the address on my account?,30,edit_personal_details
my passcode is not being accepted,44,passcode_forgotten
how did you guys get your exchange rate?,32,exchange_rate
"looks like my card payment was duplicated. i went to pay at the store earlier, got declined once,second time it works. app still stays pending for one of the payments. can you please remove one of them as it's wrong and clearly was declined?",63,transaction_charged_twice
why are my purchases from this morning still pending?,45,pending_card_payment
why do transfers get declined?,27,declined_transfer
"im so mad right now. theres several charges that i think my x boyfriend made on my card. the companys on the website wouldn't refund me my money, they told me to contact my bank. do something please.",28,direct_debit_payment_not_recognised
i live in the eu - can i get a card?,24,country_support
i don't recognise a cash withdrawal,20,cash_withdrawal_not_recognised
can you tell me what i need to do for the identity check process?,69,verify_my_identity
do i need to wait for my card before i get pin,38,get_physical_card
"there was money taken out of my account, and i'm pretty sure i didn't do it.",20,cash_withdrawal_not_recognised
i want to open an account for my children,1,age_limit
can i change my pin without being physically present?,21,change_pin
what are the ways for others to transfer me money?,50,receiving_money
the exchange rate i was charged for a purchase was not right.,17,card_payment_wrong_exchange_rate
i would like to get a few more physical cards.,39,getting_spare_card
why am i being charged for transferring money?,64,transfer_fee_charged
extra charge during transfer,64,transfer_fee_charged
i want to return an item.,52,request_refund
can i transfer using swift?,56,top_up_by_bank_transfer_charge
will i receive all the money sent to my account by sepa transfer?,56,top_up_by_bank_transfer_charge
"i tried to take out some money from an atm earlier today and it was declined. looking on my screen now, i still see that it's pending for that amount. i didn't actually get that money, so i don't want it processed on my account.",46,pending_cash_withdrawal
what is the cost and time frame of getting a new card?,9,card_about_to_expire
can you tell me how to locate my pin?,38,get_physical_card
do you guys accept visa or mastercard?,73,visa_or_mastercard
i found my lost card in my jacket pocket this morning so i'd like to reactivate it please.,13,card_linking
what is the estimated wait time for transfers from the us?,67,transfer_timing
the atm machine would not give my card back,18,card_swallowed
i don't understand where this debit came from and want it removed.,28,direct_debit_payment_not_recognised
how would i top up with a cheque?,58,top_up_by_cash_or_cheque
why was i declined getting cash?,26,declined_cash_withdrawal
i keep trying to use my card to buy some things and you keep declining it. why? i've tried multiple times to make it go through but it won't.,25,declined_card_payment
when should i receive my refund,51,Refund_not_showing_up
why am i being asked to have an identity check,74,why_verify_identity
i'm not sure why my account has been refunded a payment for an item i've already received about 2 weeks ago. can you please tell me what is going on?,53,reverted_card_payment?
my money i added isn't on my card.,59,top_up_failed
why have i been charged a small fee to use my card?,15,card_payment_fee_charged
i broke my card,14,card_not_working
is there a money transfer fee?,64,transfer_fee_charged
i tried pulling out money at the atm and it gave me an incorrect amount back.,75,wrong_amount_of_cash_received
why was a charged a fee for using the card?,15,card_payment_fee_charged
why won't the machine accept my card anymore?,14,card_not_working
"i can't figure out why i haven't gotten my cash, when i already put the check in the bank.",6,balance_not_updated_after_cheque_or_cash_deposit
i see a duplicate payment.,63,transaction_charged_twice
when can i expect the transfer to arrive in my account?,67,transfer_timing
is there an auto top up feature?,4,automatic_top_up
"hi, i am trying to buy something online, but i think there is some issue in my card. as payment is reverted. please help me in this as i am facing the same issue from last two weeks.",53,reverted_card_payment?
i would like to know why my transfer was declined.,27,declined_transfer
my phone was stolen! what do i need to do?,42,lost_or_stolen_phone
"i'm waiting for a money transfer to show, still.",48,pending_transfer
i got a fee for an atm withdrawal.,19,cash_withdrawal_charge
i'm unhappy with the exchange rate your cash transactions.,76,wrong_exchange_rate_for_cash_withdrawal
what does a pending transaction mean?,45,pending_card_payment
what countries do you support?,24,country_support
how do i track the card you sent to me?,11,card_arrival
i forgot my pin number.,49,pin_blocked
my top-up was cancelled; will i receive a refund?,61,top_up_reverted
i have found my lost or stolen card. is there a way i can link the card with my account through my app again?,13,card_linking
how can i reset my pin?,21,change_pin
does it cost much or take long to get a new card? mine is about to expire.,9,card_about_to_expire
can i top up with cash,58,top_up_by_cash_or_cheque
there's been a transaction to the wrong account.,8,cancel_transfer
is american express supported for adding money into my account?,54,supported_cards_and_currencies
why is my atm withdrawal still pending?,46,pending_cash_withdrawal
how many top-ups can be approved?,60,top_up_limits
how do i go about getting an actual card?,43,order_physical_card
"what is this card payment, i do not recognize it.",16,card_payment_not_recognised
transfer declined.,27,declined_transfer
i did not receive all of my cash back,75,wrong_amount_of_cash_received
what countries can i use my card in,24,country_support
i've got to have one of those virtual cards.,40,getting_virtual_card
why did the atm swallow my card?,18,card_swallowed
can i change my pin on my phone?,21,change_pin
what are the fees of using an international card to add money?,57,top_up_by_card_charge
"hi, would you please activate my card?",0,activate_my_card
what is my card pin,38,get_physical_card
why does my statement show a $1 charge on my account?,34,extra_charge_on_statement
where do i go to see the source of my available money?,70,verify_source_of_funds
i made a cash deposit to my account but i don't see it,6,balance_not_updated_after_cheque_or_cash_deposit
i am unable to access my app due to forgetting my passcode.,44,passcode_forgotten
what atm accepts mastercard?,3,atm_support
how can i receive a virtual card?,40,getting_virtual_card
is there a way to see where my money originally came from?,70,verify_source_of_funds
can i receive payments in another currency?,50,receiving_money
i have been waiting for my card payment to be moved from pending status for an unusually long time. what is going on here and do you have an idea of when i can expect it to go through?,45,pending_card_payment
what is the process for activating my card and using it?,0,activate_my_card
i'm in china and really need a new card.,9,card_about_to_expire
your company is lame. shut down all my account services right now.,55,terminate_account
i sent a cheque a few days ago and i noticed that no money has been put on my account. can you please tell me the situation of my account?,6,balance_not_updated_after_cheque_or_cash_deposit
my cash withdrawal charged me the wrong exchange rate,76,wrong_exchange_rate_for_cash_withdrawal
how many days does a transfer from the us take?,67,transfer_timing
can you assist on apple watch top ups?,2,apple_pay_or_google_pay
show me where i can see the pin?,38,get_physical_card
i need to know what flat currencies you support for holding and exchange.,36,fiat_currency_support
are contactless payments enabled on my new card?,23,contactless_not_working
i don't understand where this charge came from.,16,card_payment_not_recognised
i transfered my balance a while back. why doesn't my account reflect this?,5,balance_not_updated_after_bank_transfer
my google pay top up isn't working. help.,2,apple_pay_or_google_pay
i need to reorder my virtual card!,40,getting_virtual_card
why am i getting double charged for multiple transactions?,63,transaction_charged_twice
how can i stop fraud on my account right now?,22,compromised_card
"when i withdrew my money, why was there an extra charge?",19,cash_withdrawal_charge
when will my deposit post to my account?,6,balance_not_updated_after_cheque_or_cash_deposit
can someone help me unblock my pin?,49,pin_blocked
i transferred some money and it didint arrive,66,transfer_not_received_by_recipient
"how do i see what fees i am supposed to be charged on my account? i've noticed fees on some transactions, but not on others. this is very confusing and i cannot find a pattern to what i am being charged?",15,card_payment_fee_charged
i need to order a new card.,43,order_physical_card
can i top up my account with google pay?,2,apple_pay_or_google_pay
can i choose when my card is delivered?,12,card_delivery_estimate
when will i get my card shipped to me?,12,card_delivery_estimate
after looking at the app i noticed a couple of payments i know i did not make. is it possible someone has accessed my card? what is actually going on?,16,card_payment_not_recognised
what do i need to do to get my new card which i have requested 2 weeks ago?,11,card_arrival
"i put money into my account in the form of a cheque, but my balance did not change.",6,balance_not_updated_after_cheque_or_cash_deposit
how come my disposable virtual card used to pay for a gym subscription got rejected?,72,virtual_card_not_working
how do i order a new card before it expires?,9,card_about_to_expire
can you assist me with unblocking my pin? i put it in wrong too many times.,49,pin_blocked
i tried to transfer money but it said it wasn't possible? i've done this before and it worked why isn't it working now?,7,beneficiary_not_allowed
my app was on the phone and i was mugged. what do i do?,42,lost_or_stolen_phone
what is the rate for exchange fees?,31,exchange_charge
can other people top up my account?,62,topping_up_by_card
there's a direct debit i wish to dispute,28,direct_debit_payment_not_recognised
i receive my salary in gbp. do i need to configure this somehwere?,50,receiving_money
why is there an identify check?,74,why_verify_identity
what do i do if i think someone has used my card?,22,compromised_card
is ordering a new card from china available?,9,card_about_to_expire
why is the exchange rate different than expected on my transaction?,76,wrong_exchange_rate_for_cash_withdrawal
i'm still waiting on a payment,45,pending_card_payment
can i see where my funds come from?,70,verify_source_of_funds
"card payment is still pending, why is that the case?",45,pending_card_payment
the app is not able to realize that it is me.,68,unable_to_verify_identity
i need another card for a member of my family. is this possible? how soon can i get one?,39,getting_spare_card
do you know where my card will be accepted?,10,card_acceptance
where do we mail the card?,43,order_physical_card
how to verify top up card?,71,verify_top_up
what should i do with my atm that got stuck?,18,card_swallowed
i need to know the process to transfer money into my account.,65,transfer_into_account
how do i create a disposable virtual card?,37,get_disposable_virtual_card
"in regards to top-ups, can i do them via google pay?",2,apple_pay_or_google_pay
what are the auto top-up policies?,4,automatic_top_up
i messed up and made a transaction using the wrong account.,8,cancel_transfer
i don't see a money transfer yet,48,pending_transfer
the app denied my top-up,59,top_up_failed
what countries can i use my account in?,24,country_support
i put some cash into my account but it's not displaying that on my balance.,6,balance_not_updated_after_cheque_or_cash_deposit
can you check why i wasn't able to top up?,59,top_up_failed
what currencies are used in your exchange?,36,fiat_currency_support
why is my withdrawal wrong? i took out $100 but only received $20.,75,wrong_amount_of_cash_received
i received my card but not my pin.,38,get_physical_card
i can't find any option to top up with a cheque?,58,top_up_by_cash_or_cheque
where is a mastercard atm?,3,atm_support
what do i need to do to verify my identity?,69,verify_my_identity
am i able to order a new card and have it sent to me in china?,9,card_about_to_expire
why is my transfer not done yet?,48,pending_transfer
how much do i have to pay if i want to transfer money?,64,transfer_fee_charged
"my card's expiring a month from now, should i place an order for the new card?",9,card_about_to_expire
please help my transfer go through,35,failed_transfer
i'm still waiting on my card to be delivered.,11,card_arrival
the rate applied to my purchase in a foreign currency was wrong.,17,card_payment_wrong_exchange_rate
how do i set my physical card pin?,38,get_physical_card
"on my disposable card, is there a transaction limit?",29,disposable_card_limits
hello. can you help figure out why the recent transfer from my uk bank account isn't showing up?,5,balance_not_updated_after_bank_transfer
my card is stolen. help!,41,lost_or_stolen_card
i recently bought something in foreign currency and i am unsure of the exchange rate. is this rate applied correctly?,17,card_payment_wrong_exchange_rate
where is my recent refund in the my statement?,51,Refund_not_showing_up
i can't find my card! can you help?,41,lost_or_stolen_card
why do you need so much id info from me?,74,why_verify_identity
"i need a refund and cancel a transaction on an item i purchased and i need it as soon as possible, please!",52,request_refund
what do you use disposable cards on?,37,get_disposable_virtual_card
what should i do if i see a withdrawal is pending?,46,pending_cash_withdrawal
trouble with my top up,59,top_up_failed
looks like my card payment was cancelled.,53,reverted_card_payment?
i should not have been charged a fee for cash withdrawal.,19,cash_withdrawal_charge
so i just put my top-up into the card and it hasn't changed.,47,pending_top_up
"for the identity check, what kind of documents do i need to have?",69,verify_my_identity
"my phone was stolen yesterday, can you help me with this?",42,lost_or_stolen_phone
"my card payment is just showing up as pending since forever, what's going on with that, when should it be going through?",45,pending_card_payment
still waiting on that card,11,card_arrival
i can't get google pay to work right.,2,apple_pay_or_google_pay
i need assistance with transferring funds to another account.,65,transfer_into_account
tell me more about getting a virtual disposable card.,37,get_disposable_virtual_card
"i don't find your services useful anymore, how do i delete my account?",55,terminate_account
"i really wanted to buy something online but seems the card is not working as the payment suddenly came back! what's going on here, i've been trying for a good week or two.",53,reverted_card_payment?
i already got my item but just got my money back,53,reverted_card_payment?
i didn't see any reason why my transfer was declined. what gives?,27,declined_transfer
"why is my transfer appearing as ""pending""?",48,pending_transfer
why do you need verification for my identity?,74,why_verify_identity
is there tracking info available?,11,card_arrival
why doesn't a return show up im my account from a purchase i made?,51,Refund_not_showing_up
"how long does it take for transfers to finish? i sent funds to my pal, and she says that she has not gotten anything.",66,transfer_not_received_by_recipient
what fiat currencies are supported for holding and exchange?,36,fiat_currency_support
"i want to give a second card for this account to my daughter, would this be possible?",39,getting_spare_card
my top up isn't in my wallet.,62,topping_up_by_card
"i ordered something, and now i have buyer's remorse. since what i ordered hasn't come yet, can you just cancel the payment since i already know i want a refund for it?",52,request_refund
is there a reason a payment is showing complete on my side but the person who is receiving it has not gotten it?,66,transfer_not_received_by_recipient
why is my top-up pending?,47,pending_top_up
i didn't receive the right amount of cash back,75,wrong_amount_of_cash_received
i tried activating my card and it didn't work,0,activate_my_card
"top up google pay, is it possible?",2,apple_pay_or_google_pay
"as i double checked that i have the correct account details that i submitted , they're right for sure. transfer is still pending so far.",48,pending_transfer
transaction refund missing from my statement.,51,Refund_not_showing_up
"in the app, i see a withdrawal i didn't make.",20,cash_withdrawal_not_recognised
are my contactless settings correct? i tried to use it today but it wasn't working.,23,contactless_not_working
from what countries can i use this product?,24,country_support
where are cards available to order?,43,order_physical_card
does your system support multiple currency.,36,fiat_currency_support
may i get my salary paid out in a different currency?,50,receiving_money
can i verify a top up?,71,verify_top_up
how much do you charge to top up us cards?,57,top_up_by_card_charge
why do i have a transaction showing multiple times?,63,transaction_charged_twice
is there a way to track my card?,11,card_arrival
how do i top up my google pay?,2,apple_pay_or_google_pay
how much do i have to pay for the exchange fee?,31,exchange_charge
"i accidentally entered in my retailers information, what should i do next",66,transfer_not_received_by_recipient
please explain why my top-up didn't go through.,59,top_up_failed
why hasn't my transfer been made?,35,failed_transfer
if my card was lost or stolen can i re-link it?,13,card_linking
i cannot activate my card.,0,activate_my_card
i wanted to know why i got an additional fee when i use my card.,15,card_payment_fee_charged
"after my checque or cash deposit, my balance didn't update.",6,balance_not_updated_after_cheque_or_cash_deposit
i made a payment but it was returned.,53,reverted_card_payment?
will this card work all over the world?,10,card_acceptance
why has my transfer not arrived yet?,66,transfer_not_received_by_recipient
what is the need to verify my identity?,74,why_verify_identity
"i have used my card online before and wasn't charged, why am i charged now",15,card_payment_fee_charged
is this where i order a virtual card?,40,getting_virtual_card
can i get money in my home currency at an atm? i'm on vacation and don't have cash with me. this is cause for a bit of concern. is it possible to withdraw here without additional cost?,76,wrong_exchange_rate_for_cash_withdrawal
"i was told to verify my identity, how do i do that?",69,verify_my_identity
can i dispute a payment even if i notice it several weeks after it was made?,28,direct_debit_payment_not_recognised
"i blocked my card by mistake, how do i unblock it?",49,pin_blocked
how can i access my account when i have lost my phone?,42,lost_or_stolen_phone
my transfer still says pending,48,pending_transfer
may i exchange currencies with this?,33,exchange_via_app
how do i unblock my card using the app?,14,card_not_working
i need to cancel a transaction immediately.,8,cancel_transfer
"my pin can't access my card, can you help?.",49,pin_blocked
my card has gone missing.,41,lost_or_stolen_card
what is your opinion on the exchange rate?,32,exchange_rate
how much are the rates of exchange?,32,exchange_rate
can i add a new currency to my account?,33,exchange_via_app
i tried to withdraw $100 but only got $20. what happened?,75,wrong_amount_of_cash_received
"could you refund my transaction, i paid it into the wrong account. i need to be able to pay it into the right account by tomorrow.",8,cancel_transfer
what fiat money can i used in the exchange and holding?,36,fiat_currency_support
how long will my transfer stay pending?,48,pending_transfer
"i tried using a check to update my balance, but it isn't work? is something wrong?",6,balance_not_updated_after_cheque_or_cash_deposit
the correct amount of cash was not received.,75,wrong_amount_of_cash_received
i can't get the atm to give me any cash,26,declined_cash_withdrawal
is there a reason my new card hasn't arrived?,11,card_arrival
i don't have a virtual card - how do i get one?,40,getting_virtual_card
there is a duplicate payment on my card. why?,63,transaction_charged_twice
what is the youngest age in order to have an account?,1,age_limit
i need to cancel a purchase that i made the other day.,52,request_refund
i didn't set up the direct debit i have,28,direct_debit_payment_not_recognised
how is the pin delivered?,38,get_physical_card
my top-up was revoked.,61,top_up_reverted
i returned an item but don't see it on my account?,51,Refund_not_showing_up
why do you keep declining my payment?i tried several times with this card and it is just not working.,25,declined_card_payment
it seems like my card payment didn't work.,25,declined_card_payment
how do i freeze my card? i think someone is using it to make a bunch of online transactions.,22,compromised_card
what do i do after my card expires?,9,card_about_to_expire
i am not recognizing a debit payment from my account.,28,direct_debit_payment_not_recognised
this fee shouldn't be there after i paid with a card.,15,card_payment_fee_charged
can you please explain to me why there is an extra €1 fee in my statement?,34,extra_charge_on_statement
"$1 extra has been charged on my statement, why is that?",34,extra_charge_on_statement
can you help me reset my password?,44,passcode_forgotten
my friend would like to send me money. what are the options available to them?,50,receiving_money
my address is incorrect on my file.,30,edit_personal_details
i don't know why my payment didn't work.,25,declined_card_payment
what are the steps i need to take to cancel a transaction?,8,cancel_transfer
so i just went to the atm to get some cash. i input that i needed 100 pounds but i only got 80. i have the receipt and i am in need of the extra money. how do i go about obtaining the missing amount?,75,wrong_amount_of_cash_received
i did a transfer to my account but it doesn't show up,5,balance_not_updated_after_bank_transfer
why hasn't my account updated?,6,balance_not_updated_after_cheque_or_cash_deposit
"i haven't received my card yet, how long does it normally take?",12,card_delivery_estimate
which one are you? visa or mastercard?,73,visa_or_mastercard
why isn't my pending transfer finished?,48,pending_transfer
i want a real card,43,order_physical_card
i did not receive the right amount of cash.,75,wrong_amount_of_cash_received
delete all of my account information and my account right now.,55,terminate_account
after i used my card i saw i was charged a fee for using it,15,card_payment_fee_charged
can someone assist me with activating my new card?,0,activate_my_card
could you tell me why my cash withdrawal was declined?,26,declined_cash_withdrawal
why isn't my cash deposit showing up in my account? i deposited it this morning.,6,balance_not_updated_after_cheque_or_cash_deposit
what steps are taken to transfer money into my account?,65,transfer_into_account
please help me with the activation of the new card.,0,activate_my_card
are cards available in the eu?,24,country_support
how do i use a check to top up?,58,top_up_by_cash_or_cheque
i have a new card and i want to activate it,0,activate_my_card
my top up is not working,59,top_up_failed
can i verify a top-up and what card is used?,71,verify_top_up
i've tried numerous times to submit a transfer of funds. why isn't it going through?,7,beneficiary_not_allowed
delete this account!,55,terminate_account
how can you transfer my salary to my correct currency?,50,receiving_money
can i only top-up digitally? or could i use cash?,58,top_up_by_cash_or_cheque
is there a limit to top-up amounts?,60,top_up_limits
where can i go to find out how to verify my identity?,69,verify_my_identity
i want my purchases cancelled.,52,request_refund
how do you get exchange rates,32,exchange_rate
can i change or hold different currency?,36,fiat_currency_support
my card hasn't arrived in the mail yet. i ordered it two weeks ago. what can i do?,11,card_arrival
my refund is still pending,51,Refund_not_showing_up
where do i get a disposable card,37,get_disposable_virtual_card
how do i reactivate my card?,13,card_linking
will i be charged if i use european bank card for top up?,57,top_up_by_card_charge
how long do card transactions take to clear?,45,pending_card_payment
i don't know where to look to find my pin.,38,get_physical_card
if i have a credit card with you how i get set up to link to it?,13,card_linking
how do i terminate my account.,55,terminate_account
how long does it actually take for a card payment to go through? there's one stuck since a couple of days already that doesn't seem to move,45,pending_card_payment
"it looks like someone else withdrew cash from my account, can you help?",20,cash_withdrawal_not_recognised
i've made a card payment a couple of days ago now but it looks like the money is stuck. how long does it typically take for the payment to go through?,45,pending_card_payment
set a new pin please.,21,change_pin
i need to change my data.,30,edit_personal_details
will my card be accepted all over the world?,10,card_acceptance
i want to get my hands on one of those virtual cards!,40,getting_virtual_card
why is my beneficiary not allowed?,7,beneficiary_not_allowed
why is my top-up showing as reverted?,61,top_up_reverted
where is my missing cheque i deposited?,6,balance_not_updated_after_cheque_or_cash_deposit
i asked for $100 cash but only got $20?,75,wrong_amount_of_cash_received
after taking over my card transactions i noticed that was charged twice for a restaurant purchased from earlier this week. can you please remove one of these transactions from my account since it is not accurate?,63,transaction_charged_twice
how can i exchange to eur?,36,fiat_currency_support
is it possible to change from usd to gbp with your app?,33,exchange_via_app
why wasn't my payment accepted by the app,53,reverted_card_payment?
"when using my card i was charged a fee for doing so, why?",15,card_payment_fee_charged
how much does it cost to get more cards?,39,getting_spare_card
is it possible for friends to top up my account?,62,topping_up_by_card
after going over my transactions for the last couple of months i noticed a pretty large charge that i know i did not make. i know it's been a while but can i still dispute this charge?,28,direct_debit_payment_not_recognised
what are interbanks current exchange rates?,32,exchange_rate
there is unexpected money in my account.,20,cash_withdrawal_not_recognised
i am not able to purchase anything online! i have been using my card on multiple sites over a period of two weeks and none of the payments have gone through. why is this happening?,53,reverted_card_payment?
how long dies it take for transfers to reflect on my balance,67,transfer_timing
where can i find top up by cash deposit?,58,top_up_by_cash_or_cheque
i can't see a transfer to my account i made.,5,balance_not_updated_after_bank_transfer
can you explain the transfer fee to me?,64,transfer_fee_charged
"i don't think the transaction has gone through, so can i cancel a transfer?",8,cancel_transfer
areas card is accpeted,10,card_acceptance
please help! i need a refund on a transaction on something i bought and i need the refund right away!,52,request_refund
the exchange rates are?,32,exchange_rate
why didnt my top up go through,61,top_up_reverted
"please help, the atm swallowed my card, what do i do?",18,card_swallowed
i don't have my card after 1 week. what are my next steps?,11,card_arrival
why did i not get all the cash i asked for?,75,wrong_amount_of_cash_received
would you be so kind as to activate my card? thanks,0,activate_my_card
is american express supported for adding funds?,54,supported_cards_and_currencies
i have made several unsuccessful attempts to make a transfer. i'm getting frustrated at getting error messages and it not going through.,7,beneficiary_not_allowed
what do i do after the atm takes my card.,18,card_swallowed
my transfer didn't work! help!,35,failed_transfer
i got less cash than what i specified at the atm.,75,wrong_amount_of_cash_received
what's my top-up verification code?,71,verify_top_up
why did i get a fee from the atm?,19,cash_withdrawal_charge
what services can i use to top up?,2,apple_pay_or_google_pay
i think i was wrongly charged in a recent transaction when i used my card.,15,card_payment_fee_charged
why am i charged a fee when using my debit or credit card?,15,card_payment_fee_charged
if i don't have much money in the account can i auto top-up?,4,automatic_top_up
hello. i just noticed i was charged two times for a restaurant i visited this week. can you reverse the additional charge?,63,transaction_charged_twice
"the day before yesterday, i performed a transfer within the country. it still has not completed. can you check on that? the account number is definitely correct, as i've checked.",66,transfer_not_received_by_recipient
which fiat currencies do you support?,36,fiat_currency_support
"my card is expiring soon, how do i order a new card?",9,card_about_to_expire
"my transfer is pending, why?",48,pending_transfer
i just had my card get declined at the atm! i need to get money out but i am unable to. why has this happened?,26,declined_cash_withdrawal
my top up didn't go through,59,top_up_failed
is my card usable anywhere?,10,card_acceptance
i deactivated my card but would like to reactivate it.,13,card_linking
cannot access my top up.,62,topping_up_by_card
how do i transfer funds from my american express into my account?,54,supported_cards_and_currencies
what is the disposable cards limit?,29,disposable_card_limits
what is the procedure for getting another card?,39,getting_spare_card
i'm having difficulties changing aud for gbp. how do i do this?,33,exchange_via_app
i was needing you to see if the exchange rate is correct from when i got cash,76,wrong_exchange_rate_for_cash_withdrawal
what is going on? i have checked over and over and the details of my account are right. why is my transfer still pending? it's 2018 not 1818. transfering money to another country can't be that hard.,48,pending_transfer
"my wallet was stolen, along with my cards. how do i put a freeze on my cards and order a new one?",41,lost_or_stolen_card
"i deposited a cheque with some money, but the balance hasn't changed.",6,balance_not_updated_after_cheque_or_cash_deposit
will you assess me more fees if i top up with an international card?,57,top_up_by_card_charge
where can i find information about where my money came from?,70,verify_source_of_funds
what are the restrictions on auto top-up?,4,automatic_top_up
now that i live in the us how can i get a card?,24,country_support
is it possible to receive a visa and a mastercard?,73,visa_or_mastercard
how come i was charged a transaction of $1?,34,extra_charge_on_statement
how old do i need to be?,1,age_limit
what caused my transfer to fail?,35,failed_transfer
why was a fee charged to me for transferring money?,64,transfer_fee_charged
how can i get a second card for my daughter?,39,getting_spare_card
i had transferred some money but the balance hasn't changed.,5,balance_not_updated_after_bank_transfer
is there a location near me that i can change my pin?,21,change_pin
currently my card is broken.,14,card_not_working
how long should my new card take to arrive?,11,card_arrival
is there a reason my payment is still pending?,45,pending_card_payment
can i still use the app if i switched phones?,42,lost_or_stolen_phone
"if there isn't much money left over, will it top-up automatically?",4,automatic_top_up
what is stopping my money from transferring?,35,failed_transfer
i topped off my card is that something you will charge me for?,57,top_up_by_card_charge
i need to track the card sent to me.,11,card_arrival
can i set up an automatic top-up for travel.,4,automatic_top_up
how do i make a currency exchange?,33,exchange_via_app
will you please help me get my card back?,18,card_swallowed
why is my exchange rate wrong?,17,card_payment_wrong_exchange_rate
at which atms can i use this card?,3,atm_support
how long do bank transfers take to clear,5,balance_not_updated_after_bank_transfer
why cant i transfer to my account?,7,beneficiary_not_allowed
why do you need to verify my identity?,74,why_verify_identity
"hello, i went ahead and checked my account details to be sure, and they are definitely correct. i've had a transfer pending for a while, and i can't understand why it hasn't gone through yet.",48,pending_transfer
can i choose a date for delivery?,12,card_delivery_estimate
are there any charges for top ups?,57,top_up_by_card_charge
i don't have a password.,44,passcode_forgotten
where do i go to edit my personal details on my account?,30,edit_personal_details
i would like to change my pin.,21,change_pin
why am i not seeing the check i deposited this morning in my account?,6,balance_not_updated_after_cheque_or_cash_deposit
can i put my old card back into the system? i just found it/,13,card_linking
how do i dispute a payment i didnt make,16,card_payment_not_recognised
i think that the exchange rate for the withdrawal of my cash is not right.,76,wrong_exchange_rate_for_cash_withdrawal
is there a top up limit for my account?,60,top_up_limits
why did i have to pay extra because i paid with card?,15,card_payment_fee_charged
can i track the card you sent to me?,11,card_arrival
with what currencies can i add money?,54,supported_cards_and_currencies
will i be able to open an account for my daughter,1,age_limit
what types of currencies do you accept?,54,supported_cards_and_currencies
"is there a top-up feature, if there isn't a lot of money left?",4,automatic_top_up
where is the card pin?,38,get_physical_card
how long does it take for a refund?,51,Refund_not_showing_up
why is my balance the same? i processed a transfer.,5,balance_not_updated_after_bank_transfer
how long does it take for deliver to the us?,12,card_delivery_estimate
i bought something overseas and the wrong exchange rate is on my statement.,17,card_payment_wrong_exchange_rate
why do you keep declining my payment? i tried several times already with this card and it's just not working,25,declined_card_payment
how do i transfer money from my bank account?,65,transfer_into_account
a transfer could not be completed.,35,failed_transfer
can i choose my card scheme?,73,visa_or_mastercard
how much will it cost me for a sepa transfer?,56,top_up_by_bank_transfer_charge
"i am calling because the atm didn't give me the right amount of cash, but my app shows the actual amount i wanted to withdraw. what should i do to get my money back?",75,wrong_amount_of_cash_received
so what items actually come with extra fees,15,card_payment_fee_charged
is there an age minimum?,1,age_limit
do transfers from europe take longer?,67,transfer_timing
why do i have to verify the top-up that i started?,71,verify_top_up
"everything seems fine with my account, so why did it decline my payment?",25,declined_card_payment
there's a card payment i didn't make,16,card_payment_not_recognised
tell me how to verify a top up.,71,verify_top_up
i believe my top up did not work.,59,top_up_failed
where can i find your exchange rates?,32,exchange_rate
"my salary is received in the form of gbp. is it necessary to configure this? if so, where is this done?",50,receiving_money
there is a record of payment i never submitted on the app.,16,card_payment_not_recognised
i can't recognise this direct debit payment.,28,direct_debit_payment_not_recognised
"i used my card to make a payment a while ago and its still pending, why is it taking so long?",45,pending_card_payment
this company is terrible! can you delete my account?,55,terminate_account
i do not understand why my pass-code is not working.,44,passcode_forgotten
what would the approximate delivery date be if i transferred something urgently to china?,67,transfer_timing
how do i transfer something faster than normal?,67,transfer_timing
how long do i wait for a transfer from the united states?,67,transfer_timing
oh my god i lost my card! what should i do?,41,lost_or_stolen_card
can you send me a new card and block my current one. i'm in spain and my wallet was stolen.,41,lost_or_stolen_card
"i tried to top-up, why didn't it work?",59,top_up_failed
why won't my top up go through?,61,top_up_reverted
"i would like to receive and use the card in europe, is that possible?",24,country_support
are there any limits to how many disposable cards i can use?,29,disposable_card_limits
how did you arrive at the rate of exchange? i thought that i would get more cash.,76,wrong_exchange_rate_for_cash_withdrawal
"help! i think someone has a copy of my card - i still have my card, but a five hundred pound cash withdrawal that i didn't authorize is shown on my account.",20,cash_withdrawal_not_recognised
disposable virtual card can be ordered where?,37,get_disposable_virtual_card
"i wanted to transfer money to another account, but now i don't have to so i'd like to cancel said transfer. how can i do that?",8,cancel_transfer
i'm not sure why the card payment didn't work.,25,declined_card_payment
"there was a transaction from two weeks ago from a business that i don't know. i'm fairly certain it wasn't me who made it, but is it an option to trace it to confirm?",28,direct_debit_payment_not_recognised
how do i get a physical card?,43,order_physical_card
the atm didn't give me the full requested amount,75,wrong_amount_of_cash_received
how do i find out what countries you service and what countries you do not?,24,country_support
how can i tell if there is a top-up limit?,60,top_up_limits
i was charged extra for a withdrawal,19,cash_withdrawal_charge
i don't see my top up in my wallet.,62,topping_up_by_card
can someone help with my passcode?,44,passcode_forgotten
i am not sure where my phone is.,42,lost_or_stolen_phone
can i choose between visa or mastercard?,73,visa_or_mastercard
what do i do if my verification failed,68,unable_to_verify_identity
where can i modify my information?,30,edit_personal_details
please help me figure out the reason for the odd withdrawal amount from my account?,20,cash_withdrawal_not_recognised
can i have my money refunded for an item,52,request_refund
why is the payment from my card still pending?,45,pending_card_payment
how do i go through the identity checks?,69,verify_my_identity
i was informed that transfers were free. i noticed i have a fee but why?,64,transfer_fee_charged
i can't get the top-up to work! what's going on here.,59,top_up_failed
are cards from the us accepted?,54,supported_cards_and_currencies
where is my cash deposit in my balance?,6,balance_not_updated_after_cheque_or_cash_deposit
i just deposited cash to my account and can't find it!,6,balance_not_updated_after_cheque_or_cash_deposit
what kind of atms would this card be accepted at?,3,atm_support
where is my money from this morning,6,balance_not_updated_after_cheque_or_cash_deposit
how do i get this damn virtual card to work?,72,virtual_card_not_working
why can i not do a transfer to a beneficiary?,7,beneficiary_not_allowed
what's the expected wait time to recieve my new card?,11,card_arrival
how old does one have to be to have an account with the bank?,1,age_limit
are money transfers free?,64,transfer_fee_charged
"i tried to get money out of the notting hill atm earlier, but wasn't able to. is my card working okay? it's the first time i tried using it.",26,declined_cash_withdrawal
could my daughter open an account?,1,age_limit
why am i being declined?,25,declined_card_payment
are there any specific atms that this card can be used at?,3,atm_support
i'd like to know how transferring my money into my account works.,65,transfer_into_account
i can't get money out of the atm,26,declined_cash_withdrawal
what happens if my card payment is cancelled?,53,reverted_card_payment?
can i let other people have access to my account in order to top up?,62,topping_up_by_card
what value can i get for my currency?,32,exchange_rate
how long do cheques take to post to your account?,6,balance_not_updated_after_cheque_or_cash_deposit
"with this app, will i be able to exchange currency?",33,exchange_via_app
it appears my top-up is still pending.,47,pending_top_up
how long will it take for my payment to go through?,45,pending_card_payment
i have multiple of the same transaction,63,transaction_charged_twice
how to change name on account,30,edit_personal_details
why isn't my card working?,14,card_not_working
my atm withdrawal is taking forever,46,pending_cash_withdrawal
i am having trouble withdrawing cash.,26,declined_cash_withdrawal
what are the top up fees for using an european bank card?,57,top_up_by_card_charge
is it possible to tell if my top up has reverted?,61,top_up_reverted
how many top-ups can i use?,60,top_up_limits
is there a fee for exchanging cash?,76,wrong_exchange_rate_for_cash_withdrawal
how long will it be before the person i sent money to is able to see it?,66,transfer_not_received_by_recipient
how much do i need to pay for a transfer?,56,top_up_by_bank_transfer_charge
why doesn't the app believe i am who i say i am?,68,unable_to_verify_identity
are there any discounts in exchanging currencies frequently?,31,exchange_charge
can my account have different types of currency in it.,36,fiat_currency_support
the atm ate my card; how do i get a new one?,18,card_swallowed
what is the payment in my account that i did not do?,16,card_payment_not_recognised
how do i top up using my card?,62,topping_up_by_card
why was the exchange rate wrong when i got cash,76,wrong_exchange_rate_for_cash_withdrawal
why haven't i gotten a virtual card yet?,40,getting_virtual_card
can i transfer my payroll to the bank?,50,receiving_money
"please delete my account, this company is not working for me!",55,terminate_account
there is a payment i don't recognize,16,card_payment_not_recognised
a false direct debit payment is showing in my app,28,direct_debit_payment_not_recognised
will i be able to get both a visa and a mastercard?,73,visa_or_mastercard
i've been trying to make a transfer and it doesn't seem to be working. (5 times) what is wrong with your system?,35,failed_transfer
someone may have made an error in figuring out the rate of exchange. i should have received more cash than i did on my most recent withdrawal.,76,wrong_exchange_rate_for_cash_withdrawal
how many days does it take until funds are in my account?,67,transfer_timing
how to exchange my currency,33,exchange_via_app
how do i report my card stolen?,41,lost_or_stolen_card
can my 8 year old grandson open an account at the bank?,1,age_limit
the app failed to verify my identity.,68,unable_to_verify_identity
why am i not allowed to verify my id?,68,unable_to_verify_identity
why hasn't my cash arrived from a deposited check?,6,balance_not_updated_after_cheque_or_cash_deposit
"i went to an atm to get cash, but the app says the withdrawal is still pending. how is that possible when i already have the cash with me?",46,pending_cash_withdrawal
what is the fee on my card payment?,15,card_payment_fee_charged
when i got cash the exchange rate was wrong,76,wrong_exchange_rate_for_cash_withdrawal
why am i getting charged more for using my card?,15,card_payment_fee_charged
why was there a fee when i pulled cash?,19,cash_withdrawal_charge
i transferred some cash and it didn't arrive,66,transfer_not_received_by_recipient
"soon my card will expire, how do i get a new one?",9,card_about_to_expire
what countries do you do business in?,24,country_support
there is unusual activity on my account and i believe someone took my card.,22,compromised_card
i still don't have a refund.,51,Refund_not_showing_up
"i can't figure out how to change gbp to aud, what do i do?",33,exchange_via_app
how can i reset my passcode?,44,passcode_forgotten
is auto top up available?,4,automatic_top_up
"i attempted to top-up with my card this morning, but the transaction was unsuccessful. i received the card two days ago and was successful using it previously. could you please help me?",59,top_up_failed
what do i do to unblock my pin?,49,pin_blocked
what is the reason my cash withdrawal is still pending?,46,pending_cash_withdrawal
which kind of documentation do i need for identity check?,69,verify_my_identity
will a cheque suffice?,58,top_up_by_cash_or_cheque
i am having trouble proving my identity.,68,unable_to_verify_identity
i haven't received my card and am worried it is lost.,11,card_arrival
when are cards delivered?,12,card_delivery_estimate
my transfer was declined. why did this happen?,27,declined_transfer
what are your policies for card transfers?,35,failed_transfer
"my card was refused, why?",25,declined_card_payment
do i have a choice for a mastercard?,73,visa_or_mastercard
what's the reason for needing to verify my identity?,74,why_verify_identity
can i use my account although my identity verification has yet to pass?,74,why_verify_identity
how much longer is it going to take to get my new card?,11,card_arrival
is it possible to get a physical card?,43,order_physical_card
where can i find the verification code on a top-up card?,71,verify_top_up
how do i go about ordering a new bank card?,9,card_about_to_expire
why does my transfer say it is pending?,48,pending_transfer
help. my card is broken.,14,card_not_working
how do i know where i can get money withdrawn?,3,atm_support
i think someone is using my card to make transactions i don't remember.,22,compromised_card
i used an atm and wanted to know why i was charged an extra fee.,19,cash_withdrawal_charge
how old do you need to be to use the banks services?,1,age_limit
i selected to withdrawal 30 pounds but only received 10. i'm still standing in front of the atm. the app shows i took out 30 pounds also. how do i fix this?,75,wrong_amount_of_cash_received
how long does transfers take?,5,balance_not_updated_after_bank_transfer
why did they charge me an extra $1?,34,extra_charge_on_statement
how long do i have to wait until the transferred money shows up?,5,balance_not_updated_after_bank_transfer
can i top up using an international card,57,top_up_by_card_charge
why was i charged a fee for transferring money,64,transfer_fee_charged
i happened to forget my password,44,passcode_forgotten
what is the charge for exchanging currency?,31,exchange_charge
"how can i request cash back? the atm just gave me the wrong amount, the app shows the amount that i've been actually charged though...",75,wrong_amount_of_cash_received
a transfer is pending.,48,pending_transfer
"hi, i want to inquire about my balance. some cash was deposited and it hasn't updated yet.",6,balance_not_updated_after_cheque_or_cash_deposit
where can i withdraw money from?,3,atm_support
what types of top-up methods do you accept?,58,top_up_by_cash_or_cheque
when did i get a $1 extra fee on my statement?,34,extra_charge_on_statement
"i'm trying to verify my top up card, how do i do that?",71,verify_top_up
what methods are available for my friend to send me money?,50,receiving_money
"around one or two weeks ago i purchased something but there's seems to be an issue. i have already received one of the items, but today the money was placed back into my account. what is happening?",53,reverted_card_payment?
my non-physical card will not work,72,virtual_card_not_working
am suspicious of my card's security,22,compromised_card
how do i open an account for my children?,1,age_limit
how do i link a card i already have?,13,card_linking
which outlets accept my card?,10,card_acceptance
"i would like use the bank transfer, but i don't understand the process, can you please explain, topping up?",65,transfer_into_account
in what increments can i top-up my card?,4,automatic_top_up
why hasn't my money transfer shown up yet?,5,balance_not_updated_after_bank_transfer
how long until my new card gets here?,11,card_arrival
can you send me the actual card?,43,order_physical_card
i would like a physical card sent to me.,43,order_physical_card
how do i track the card you sent me?,11,card_arrival
i can't recall my passcode and need to reset it.,44,passcode_forgotten
what is the amount of disposable cards i can have?,29,disposable_card_limits
is there a way to find an atm around me?,3,atm_support
how long after a failed topup will funds refurn to account,47,pending_top_up
what steps should i take before my card expires?,9,card_about_to_expire
"my entire gym bag, including my wallet, was stolen out of my locker today. everything in my wallet is gone - how do i block the card to make it can't be used?",41,lost_or_stolen_card
i'd like like to know where i can order a virtual card?,40,getting_virtual_card
can i have my card delivered on tuesday?,12,card_delivery_estimate
am i getting charged for making a payment?,15,card_payment_fee_charged
"i don't know what's wrong, my contactless stopped working. tried it in a few different places today and it didn't work in any of them.",23,contactless_not_working
where do my funds come from?,70,verify_source_of_funds
please cancel my last transaction.,8,cancel_transfer
the app won't identify me.,68,unable_to_verify_identity
i didn't get the right amount of cash because of the exchange rate.,76,wrong_exchange_rate_for_cash_withdrawal
i wish to cancel a transfer,8,cancel_transfer
can i create my own pin right away,38,get_physical_card
i don't recognize a debit payment that was made and would like to find out about the payment.,28,direct_debit_payment_not_recognised
"my pin is locked, how do i unlock it?",49,pin_blocked
are there atm fees?,19,cash_withdrawal_charge
"hello, i tried to top up with my card, but it didn't work. i just got it a couple days before and it works fine. what's the deal? can you check into this?",59,top_up_failed
is it possible to deposit money in gbp?,50,receiving_money
"when will i get a new card when i order it, and how much will it cost.",9,card_about_to_expire
do i need to do anything special for my friend to send money to my account?,50,receiving_money
am i able to get this shipped to china?,9,card_about_to_expire
i want a refund on the things i bought,52,request_refund
the passcode isn't working for me.,44,passcode_forgotten
i have some transactions on my account i did not make. can you cancel my card and prevent further use.,22,compromised_card
can i pick a new pin?,21,change_pin
how do i add my new card to the app?,13,card_linking
"i no longer have my phone with the app, what should i do?",42,lost_or_stolen_phone
what are exchange rates based on,32,exchange_rate
will i get a real card?,43,order_physical_card
what is the wait time until money reaches my account?,67,transfer_timing
what went wrong with my transfer?,27,declined_transfer
why has my card been charged an extra pound?,34,extra_charge_on_statement
who accepts my card?,10,card_acceptance
if i wanted to make a change from gbp to aud what is the process?,33,exchange_via_app
what exchange rate do you use?,32,exchange_rate
how do i change my information?,30,edit_personal_details
my cash withdrawal isnt showing on my account,46,pending_cash_withdrawal
i need my refund as soon as possible. what else do i have to do?,51,Refund_not_showing_up
"i used my card to top up, but now i don't see the money in my account.",62,topping_up_by_card
i used the wrong account number!,8,cancel_transfer
i did a transfer but the balance is the same.,5,balance_not_updated_after_bank_transfer
my cash transaction isn't showing on my account,66,transfer_not_received_by_recipient
i have foreign currency i would like to change how much will it cost me?,31,exchange_charge
will it automatically top-up or do i need to do that manually if there isn't much cash left?,4,automatic_top_up
why are the payments being declined on my new card? i tried several times to use my new card to pay for my gas at the shell station in my neighborhood. i am very distressed about my new card not working.,25,declined_card_payment
"i live in the us, how long will it take for delivery?",12,card_delivery_estimate
is there anything to do because my phone was stolen?,42,lost_or_stolen_phone
i'd like to have extra cards. will i have to pay for that?,39,getting_spare_card
"as advised by you, i requested seller to refund my money. a week has passed but i haven't got any update from seller. please track the refund with the seller.",51,Refund_not_showing_up
there is a mysterious debit transaction on my statement,28,direct_debit_payment_not_recognised
i placed a cheque but the funds aren't there,6,balance_not_updated_after_cheque_or_cash_deposit
where can i go to update my personal profile?,30,edit_personal_details
this isn't fair! i thought transfers could be made for free. i just made a purchase online from abroad and now see some strange fee that i've never seen before.,64,transfer_fee_charged
a cash withdrawal has been done that i didn't do.,20,cash_withdrawal_not_recognised
why can i not choose the card i want?,73,visa_or_mastercard
is it possible to cancel my transfer?,8,cancel_transfer
can you explain the disposable cards to me?,37,get_disposable_virtual_card
i was declined when i tried to take out cash!,26,declined_cash_withdrawal
why is there a $1 charge on my statement?,34,extra_charge_on_statement
my card never arrived.,11,card_arrival
can i get more cards just incase?,39,getting_spare_card
how will i know when i get my refund?,51,Refund_not_showing_up
"i checked my statement and saw a charge of one pound, where is this charge coming from?",34,extra_charge_on_statement
a transaction to a friend still hasn't shown up.,66,transfer_not_received_by_recipient
my payment was terminated,53,reverted_card_payment?
why couldn't i complete a transfer?,35,failed_transfer
what can i do if my passcode won't work?,44,passcode_forgotten
my top up was denied in the app.,59,top_up_failed
how many incorrect attempts cause card to be blocked?,49,pin_blocked
my google pay seems to be acting up.,2,apple_pay_or_google_pay
can it be delivered by a specific date?,12,card_delivery_estimate
"why do i get charged additional fees on some payments, but not others?",15,card_payment_fee_charged
"please help me, its urgent. someone has withdrawn money from my account as few hours before my wallet has been. now i want to stop withdrawal of more money.",20,cash_withdrawal_not_recognised
what are the benefits of a disposable card?,37,get_disposable_virtual_card
why am i being charged twice?,63,transaction_charged_twice
"i am worried about the amount of my cheque, which should be credited to my account few days before. as i have already sent you the cheque.",6,balance_not_updated_after_cheque_or_cash_deposit
can i use google pay to top up?,2,apple_pay_or_google_pay
i would like to get both a visa and mastercard?,73,visa_or_mastercard
"while abroad i got cash, and a wrong exchange rate was applied.",76,wrong_exchange_rate_for_cash_withdrawal
my top up is not showing up in my wallet!,62,topping_up_by_card
the exchange rate looks wrong on a holiday purchase,17,card_payment_wrong_exchange_rate
"i dont recognise some of these transactions, i think someone has my card details",22,compromised_card
i needed cash from the atm but i couldn't get it.,26,declined_cash_withdrawal
my top up is pending still,47,pending_top_up
i made a cash deposit a few days ago and it's still not reflected in my account. do you know what might have happened?,6,balance_not_updated_after_cheque_or_cash_deposit
i am not comfortable verifying my indentity.,74,why_verify_identity
where is this card accepted?,10,card_acceptance
my virtual card isn't working.,72,virtual_card_not_working
what is the maximum transactions for one disposable card?,29,disposable_card_limits
what are the age limits for your service?,1,age_limit
when will my cash withdrawal show/,46,pending_cash_withdrawal
can i open up an account for my child?,1,age_limit
i can't get any money from my account.,26,declined_cash_withdrawal
am i permitted to have a spare card?,39,getting_spare_card
why would a transfer to a beneficiary not go through?,7,beneficiary_not_allowed
i think there has been a mistake with my transfer,27,declined_transfer
i couldn't get cash at the atm,26,declined_cash_withdrawal
what kind of cards an currency do you support?,54,supported_cards_and_currencies
how do i find my top-up card's verification code?,71,verify_top_up
can i use this account to receive my salary?,50,receiving_money
is my pin recorded anywhere?,38,get_physical_card
i want this amount reversed out of my account.,52,request_refund
"i recently got a new place while i'm staying abroad and have been using this account to manage payments, but suddenly i am seeing fees increase. where are these additional fees coming from?",64,transfer_fee_charged
it seems someone used my card! there are a few transactions from a small town in the middle of nowhere that i definitely have not made! please prevent them from using it immediately!,22,compromised_card
what can i do about a direct debit transaction on my card that i didn't make?,28,direct_debit_payment_not_recognised
there was an error in exchange rate for my cash withdrawal,76,wrong_exchange_rate_for_cash_withdrawal
can i add funds directly from my apple watch?,2,apple_pay_or_google_pay
can i deposit my salary to this account?,50,receiving_money
when will i get my refund?,51,Refund_not_showing_up
i think the currency exchange that's been applied is wrong.,17,card_payment_wrong_exchange_rate
the refund isn't appearing in my account,51,Refund_not_showing_up
"i noticed my card payment was cancelled, can you tell me why?",53,reverted_card_payment?
why was there an extra charge when i transferred money?,64,transfer_fee_charged
i tried to use my card today in the restaurant but it didn't work and just got declined. what's wrong?,14,card_not_working
"i thought i lost my card but i found it today, so i would like to reactivate it.",13,card_linking
why do you charge fees on card payments?,15,card_payment_fee_charged
why is there a charge for $1 on my account?,34,extra_charge_on_statement
how long will a transfer from china take? i need to transfer something from there.,67,transfer_timing
there is a charge i dont recognize,16,card_payment_not_recognised
"hi, i just topped up my phone and the money was deducted but it seems to have deducted the same amount again! please help!",61,top_up_reverted
is there a top up fee for transfer?,56,top_up_by_bank_transfer_charge
can i edit my details?,30,edit_personal_details
can i use a bank transfer to refill my account?,65,transfer_into_account
i didn't get the money i transferred,5,balance_not_updated_after_bank_transfer
"transfers can take up to one day to process before departing for the beneficiary accounts. please confirm that you've entered your account details correctly. sepa transfers can take up to two working days, while swift transfers can take up to five working days.",48,pending_transfer
"i'm looking in the app and can't find my pin, where should i look?",38,get_physical_card
i see money go out that i didn't withdraw.,20,cash_withdrawal_not_recognised
"i'd lke my card reactivated, i was thinking it was misplaced but i discovered when i woke up that i had left it in my coat.",13,card_linking
"hi, i am experiencing problems while trying to top-up with my card. i have never experienced any problems doing this before. could you please help me?",59,top_up_failed
my phone is gone,42,lost_or_stolen_phone
the atm at metro bank on high st. kensington swallowed my card. how do i get it back?,18,card_swallowed
the atm gave me less cash than requested,75,wrong_amount_of_cash_received
my card payment did not work.,25,declined_card_payment
i would like to reactivate my card.,13,card_linking
why did you revert my top up?,61,top_up_reverted
your exchange rate was off. i was charged extra on my payment that i made last saturday.,17,card_payment_wrong_exchange_rate
what is the number of transactions for one disposable card?,29,disposable_card_limits
the atm sucked my card in.,18,card_swallowed
my transaction from earlier needs to be reversed.,8,cancel_transfer
"hello, is there any way to double check my card? i have never had issues with withdraws in the past, but this morning on the way to work it was unexpectedly declined.",26,declined_cash_withdrawal
i transferred some money but it hasn't arrived.,66,transfer_not_received_by_recipient
"i requested a refund from a merchant several days ago, but don't see anything showing up in my account yet. can you check on your end to see if the money has reached you guys?",51,Refund_not_showing_up
everything was stolen from me. i can't use the app. please advise.,42,lost_or_stolen_phone
where is my virtual card located?,40,getting_virtual_card
"if i need a pin for my card, where is it located?",38,get_physical_card
what is the max amount of disposable cards i'm allowed.,29,disposable_card_limits
"hello, i tried to take out some money out of the atm, but it's still showing that it's pending? i really don't want to be charged for this.",46,pending_cash_withdrawal
"i tired to move my money, but my transfer was declined.",27,declined_transfer
i am still waiting to find out the status of my refund. i have made previous attempts to find out what the status is to no avail. will you please look into this for me?,51,Refund_not_showing_up
why hasn't my transaction completed?,66,transfer_not_received_by_recipient
can i receive a refund for my item?,52,request_refund
will you charge me for topping up with a european card?,57,top_up_by_card_charge
"i just recently got a new beach condo in bora bora, and to furnish it i used this account a lot from overseas. it's upsetting, being a long-time customer of yours, that i saw extra fees on my account from my currency transfer. is this what i should expect from you in the future?",64,transfer_fee_charged
when will my transfer process?,5,balance_not_updated_after_bank_transfer
how do i delete my account now,55,terminate_account
is there an option to top up a with cheque?,58,top_up_by_cash_or_cheque
how do you find the exchange rate?,32,exchange_rate
"hearing about your verification results from us may take anywhere from 10 minutes to approximately one hour. if this verification has in fact, failed, double-check to make sure that your images are clear. also make sure that your document photos have no blur or glare. they need to be readable. you must also be 18 years of age or older and be a resident of switzerland or the european economic area to open an account.",68,unable_to_verify_identity
how do i transfer money from one bank account to another?,65,transfer_into_account
i am seeing in the app a some cash withdrawal that does not belong to me,20,cash_withdrawal_not_recognised
my card won't let me withdraw money.,26,declined_cash_withdrawal
why is there a fee for using my card?,15,card_payment_fee_charged
why do i see a random withdrawal in my app?,20,cash_withdrawal_not_recognised
how can i tell what the limit is to top-ups?,60,top_up_limits
what do i need to do to get my salary through this?,50,receiving_money
my refund isn't going fast enough.,51,Refund_not_showing_up
i am having trouble transferring money to a beneficiery.,7,beneficiary_not_allowed
is there a fee to top up by bank transfers?,56,top_up_by_bank_transfer_charge
i'm attempting to top-up my account but it has been pending for an hour.,47,pending_top_up
it seems my top up is reverted?,61,top_up_reverted
i'm confused as to why my top-up did not go through.,59,top_up_failed
my transfer is pending too long.,5,balance_not_updated_after_bank_transfer
i want a refund on a direct debit.,28,direct_debit_payment_not_recognised
how much is it to buy another card? i was hoping to buy another one.,39,getting_spare_card
what's the top-up limit?,60,top_up_limits
are there any atm's near me that accept this card?,3,atm_support
"my bank card has expired, how can i get a new physical card?",9,card_about_to_expire
i don't have my card in 1 week. should i be worried?,11,card_arrival
i need another card,39,getting_spare_card
how can the recipient see my money transaction?,66,transfer_not_received_by_recipient
i was charged for something i didn't expect,64,transfer_fee_charged
does it matter which card i use,73,visa_or_mastercard
how long does it take for funds to come through the us to my account?,67,transfer_timing
why won't my transfer go through?,35,failed_transfer
what do i do to get ahold of my own card?,43,order_physical_card
when my card expires what happens to my account?,9,card_about_to_expire
let me know when applying extra charges for payments. i just checked the app and saw a fee that i wasn't warned about.,15,card_payment_fee_charged
how can i verify my source of funds?,70,verify_source_of_funds
i would like to exchange currency what types are there?,33,exchange_via_app
i need help making this transfer. i keep getting an error. i'm trying to purchase a flat but i need my mortgage payment to go through first. can you help?,35,failed_transfer
how can i unblock a blocked pin number for my account?,49,pin_blocked
can i add money in intervals to my account? i will be traveling.,4,automatic_top_up
i requested a refund but can't see it.,51,Refund_not_showing_up
what does it mean when it says that i have a payment that is pending?,45,pending_card_payment
my new pin needs to be set.,21,change_pin
how much to exchange currencies?,31,exchange_charge
how do i activate my new card,0,activate_my_card
why couldn't i get cash in the atm?,26,declined_cash_withdrawal
i tried doing an in country transfer earlier this week. i thought it would be there by now but i still don't see the money. can you check the status on my transfer?,66,transfer_not_received_by_recipient
for topping-up is there a charge?,56,top_up_by_bank_transfer_charge
i want to close my account due to poor customer service.,55,terminate_account
which atms allow me to change my pin?,21,change_pin
i moved. i need to update my details.,30,edit_personal_details
the conversion value for my card payments is incorrect.,17,card_payment_wrong_exchange_rate
how do i edit the personal details on my account?,30,edit_personal_details
when the time is right will this automatically replenish my balance?,4,automatic_top_up
what will i be charged for a physical card?,43,order_physical_card
are there any hindrances to using a disposable virtual card?,29,disposable_card_limits
is there a charge for cash withdrawals? i always thought it was free.,19,cash_withdrawal_charge
i am unsuccessfully trying to make a transfer can you help?,35,failed_transfer
the day before yesterday i transferred funds to another account within the country. the funds have not yet arrived. i double and triple checked the account number and it was correct. why hasn't the transfer been completed yet?,66,transfer_not_received_by_recipient
my card payment is being declined and i've tried several times.,25,declined_card_payment
i can't seem to get my virtual card to work.,72,virtual_card_not_working
help! i need to cancel a transaction.,8,cancel_transfer
"hi, i have withdrawn cash from the atm on holiday and i guess withdrawal amount has been overcharged. i did it as i was not aware of these charges.",76,wrong_exchange_rate_for_cash_withdrawal
what is going on? my top-up is still pending. i use your system all the time but now it is just showing as pending.,47,pending_top_up
the app doesn't show the card i received.,13,card_linking
what countries can i use your services?,24,country_support
how can i exchange gbp for aud?,33,exchange_via_app
my transfer didn't complete. why can't i access funds?,35,failed_transfer
how long do transfers take to show up in my account?,5,balance_not_updated_after_bank_transfer
when will my deposit be processed?,6,balance_not_updated_after_cheque_or_cash_deposit
"if i started the bank transfer from europe, how long will the process take to complete?",67,transfer_timing
is there a fee for adding funds with a credit card?,57,top_up_by_card_charge
how can i get a disposable virtual card?,37,get_disposable_virtual_card
"do any of your machines provide cash from my home country? i don't have any money on me and i'm on holiday so i'm concerned. also, will i be charged anything to do this?",76,wrong_exchange_rate_for_cash_withdrawal
"hello, i have a question concerning an unfamiliar fee that i notice on my account. i see that you guys charge for atm withdrawal. never notice this fee until now. can you please explain?",19,cash_withdrawal_charge
it kept my cash,75,wrong_amount_of_cash_received
i was wrongfully charged one pound.,34,extra_charge_on_statement
i see cash withdrawal activity in the app that is not mine.,20,cash_withdrawal_not_recognised
a percentage fee was charged to my withdrawal.,19,cash_withdrawal_charge
"suddenly, my card won't work.",14,card_not_working
help me terminate and close my account.,55,terminate_account
is there a foreign currencies charge?,31,exchange_charge
how many disposable cards can i have at one time?,29,disposable_card_limits
what do i do if i accidentally broke my card?,14,card_not_working
"the transfer keeps failing , i tried to transfer some money to friends this morning but it keeps getting rejected for some reason, would you please check the issue?",35,failed_transfer
my funds are not transferring to my bank. why is this not working?,7,beneficiary_not_allowed
help me close my account.,55,terminate_account
"my top up keeps showing pending? how long will things be like this? days, weeks, months? i need the money quite urgently for an important coffee purchase, can you please let me know when top up will work?",47,pending_top_up
how do i cancel my card? there are charges on my account that i didn't make.,20,cash_withdrawal_not_recognised
can you help me transfer money into my friend's bank account? i tried to do it but it keeps rejecting me. i need to get the money in there asap. i have enough and all the account info is correct.,35,failed_transfer
"hey, i got charged extra for some reason when i purchased an app. is this a hidden fee or something? i don't think it's very cool.",34,extra_charge_on_statement
how can i withdraw money?,3,atm_support
i want to get a disposable virtual card.,37,get_disposable_virtual_card
"someone has stolen my phone, what should i do?",42,lost_or_stolen_phone
how come i can see an extra charge for my transfer?,64,transfer_fee_charged
when will my transfer finish pending?,48,pending_transfer
is there a limit for the amount i can top up?,60,top_up_limits
can you tell me how to change my pin?,21,change_pin
my billing address changed and i need to update my information.,30,edit_personal_details
"i made a bank transfer earlier from my uk account. i don't see it yet, can you check the status?",5,balance_not_updated_after_bank_transfer
a transfer to an account was not allowed,7,beneficiary_not_allowed
what is the disposable card for?,37,get_disposable_virtual_card
my pin isn't working.,49,pin_blocked
my virtual car is not working.,72,virtual_card_not_working
i couldn't transfer to an account.,7,beneficiary_not_allowed
what is delivery speed to the united states?,12,card_delivery_estimate
can i get both a visa and a mastercard from you?,73,visa_or_mastercard
"could you please check one of my transfer which i made few hours ago from my uk bank account, as its not showing yet.",5,balance_not_updated_after_bank_transfer
is it possible to get a refund?,52,request_refund
why did my top-up not go through?,61,top_up_reverted
"i am trying to exchange aud for gbp, how do i do that?",33,exchange_via_app
may i change my pin?,21,change_pin
what countries are supported?,24,country_support
is there any way for you to find my card?,41,lost_or_stolen_card
can you tell me the limit for top ups?,60,top_up_limits
what is your shipping policies for cards?,12,card_delivery_estimate
"i deposited a cheque, why isn't my balance showing that i did?",6,balance_not_updated_after_cheque_or_cash_deposit
i tried to use the atm today but it would not accept my card.,26,declined_cash_withdrawal
why have my top ups been canceled?,61,top_up_reverted
where can the cards be delivered?,43,order_physical_card
will i be sent a new card before mine expires?,9,card_about_to_expire
"my card has not arrived yet, where is it?",11,card_arrival
i noticed my transfer was declined.,27,declined_transfer
how many payments can i make using a virtual card?,29,disposable_card_limits
why didnt a transfer to my account process,7,beneficiary_not_allowed
do you have an option for auto top up?,4,automatic_top_up
it looks like my card payment might have been reverted.,53,reverted_card_payment?
why am i to verify the top-ups?,71,verify_top_up
what happens when my card expires?,9,card_about_to_expire
tell me how to delete my account.,55,terminate_account
the nfc payment wouldn't work on the bus today. help?,23,contactless_not_working
how long will it take for my transaction to be completed?,66,transfer_not_received_by_recipient
do you offer multiple cards for the same account?,39,getting_spare_card
"i've just moved address from a place in durham to a place in walton-on-the-naze. i have a new landlord at my new house and they haven't got my payment but i know i sent it on time, can you check they got it please?",66,transfer_not_received_by_recipient
i made an online purchase and the order has not shown up. give me my money back.,52,request_refund
"my phone was stolen, what do i do?",42,lost_or_stolen_phone
i know i have enough funds in my account but my card payment hasn't worked for some reason. what do i do?,25,declined_card_payment
why did i get a message saying that my transfer is not possible? i have done this before no problem. please fix.,7,beneficiary_not_allowed
can i make a withdraw if i am out of country from with out any fees at an atm?,76,wrong_exchange_rate_for_cash_withdrawal
i want to use bank transfer for topping up my account. how is it handled?,65,transfer_into_account
my statement has not shown my refund.,51,Refund_not_showing_up
"i deposited money in the form of a cheque, but my balance has not increased.",6,balance_not_updated_after_cheque_or_cash_deposit
"i think a card payment i made was cancelled, can you check?",53,reverted_card_payment?
"i found my card, i would like to reactivate it.",13,card_linking
why didn't i receive all the cash i requested?,75,wrong_amount_of_cash_received
"hi, i am facing issue with my card payment while shopping online as payment is getting reverted. i am struggling with this issue around two weeks. please advise.",53,reverted_card_payment?
"after i got my cash, i found out my exchange rate was wrong.",76,wrong_exchange_rate_for_cash_withdrawal
can i select my card scheme or do you choose it for me?,73,visa_or_mastercard
someone besides me might be using my card.,22,compromised_card
what is the fastest that i can make a transfer?,67,transfer_timing
what identification is required to activate my card?,0,activate_my_card
"hello there, i tried using crypto top up today but it's not working for me, might it be due to the kind of bank i'm using or the country that i'm from?money is also missing from my account",61,top_up_reverted
was my transaction reverted with my card?,53,reverted_card_payment?
why am i not able to verify my id?,68,unable_to_verify_identity
"i was out today looking forward to paying with my new card, but the payment just kept getting declined. this is really sad, what's going on?",25,declined_card_payment
i did a bank transfer and my balance isn't current.,5,balance_not_updated_after_bank_transfer
when can i order a disposable virtual card?,37,get_disposable_virtual_card
how do i get a refund for a direct debit payment i didn't make,28,direct_debit_payment_not_recognised
how to exchange currencies,33,exchange_via_app
how do i set-up my pin for the new card?,38,get_physical_card
i need to update my personal details,30,edit_personal_details
when will i get my card?,11,card_arrival
why can't i find my pin?,38,get_physical_card
what is the delivery time to the us?,12,card_delivery_estimate
"hi, i tried topping up for the first time today (i'm a new customer), and the transaction has shown as pending for the last half an hour. can you fix it?",47,pending_top_up
how do i apply for a refund?,52,request_refund
is it possible to obtain both a visa and a mastercard from you?,73,visa_or_mastercard
will there be any extra fees for european bank card for top up?,57,top_up_by_card_charge
why hasn't my balance been updated? i've deposited a few cheques some days ago!,6,balance_not_updated_after_cheque_or_cash_deposit
"if i lost my phone at the hotel, can i still use the app?",42,lost_or_stolen_phone
there is a €1 fee on my account i didn't authorize,34,extra_charge_on_statement
why is my transfer still pending after all this time?,48,pending_transfer
"i've got a weird problem: i purchased something a week or maybe it was two weeks ago, and the funds have come back into my account! can you explain this?",53,reverted_card_payment?
my card appears to have never arrived?,11,card_arrival
is there a reason why there is an extra £1 charge on my account?,34,extra_charge_on_statement
what countries can i travel to and have access to their currencies?,36,fiat_currency_support
i would like a refund on the extra pound i was charged.,34,extra_charge_on_statement
why was my top up reverted?,61,top_up_reverted
my credit card did not go through. can you see if it has insufficient funds?,59,top_up_failed
"how do i know what my account is set to, i am paid in gbp?",50,receiving_money
my contactless payments don't work.,23,contactless_not_working
what other currencies are available to change to?,33,exchange_via_app
is there a way to modify my details?,30,edit_personal_details
"i tried to get money out of an atm in notting hill earlier, but it didn't work. is my card actually working? it's the first time i tried using it",26,declined_cash_withdrawal
unusual direct deposit,28,direct_debit_payment_not_recognised
unhappy with service need to delete account,55,terminate_account
how do i reset my pin?,49,pin_blocked
my card was declined at a restaurant today and i don't know what the problem is.,14,card_not_working
i need to cancel my card that got stolen a little while ago. someone has already taken some money out and i don't want them to take anymore. can you please do that?,20,cash_withdrawal_not_recognised
"if you send me more cards, are there any charges?",39,getting_spare_card
i wanted to purchase something online but the payment was returned back to me. this has been going on for a couple of weeks. please tell me what is going on here?,53,reverted_card_payment?
i want to know how to transfer money with my credit card,62,topping_up_by_card
can someone please help assist me by explaining to me why my pass-code is not working?,44,passcode_forgotten
why was my top up cancelled?,61,top_up_reverted
can you tell me how to top up on my card?,62,topping_up_by_card
i want to get a visa,73,visa_or_mastercard
how much does it cost to add money,57,top_up_by_card_charge
i need to top up by card.,62,topping_up_by_card
i believe i got a wrong exchange rate when i got cash.,76,wrong_exchange_rate_for_cash_withdrawal
do you support all fiat currencies?,36,fiat_currency_support
i was charged a fee with my cash withdrawal that i shouldn't have been charged.,19,cash_withdrawal_charge
how do i re-order a damaged card?,14,card_not_working
i cannot find my refund on my statement.,51,Refund_not_showing_up
i cannot use my pin.,49,pin_blocked
besides usd what other currencies can i have?,36,fiat_currency_support
is there a reason my transfer failed?,35,failed_transfer
i can still see money in my account after making a payment,5,balance_not_updated_after_bank_transfer
"the company is no good, please terminate my account.",55,terminate_account
why isn't the transfer i made to a friend showing?,66,transfer_not_received_by_recipient
please tell me the limit to topping-up.,60,top_up_limits
does my pin come with my card?,38,get_physical_card
how can i check the exchange rate applied to my transaction?,17,card_payment_wrong_exchange_rate
do i have to manually top up once i'm too low?,4,automatic_top_up
how come my cash withdrawal came with an unnecessary fee?!,19,cash_withdrawal_charge
i don't think the charges made when i had currency exchanged are right.,17,card_payment_wrong_exchange_rate
is there a way to revert my transaction from this morning?,8,cancel_transfer
how do i go about getting a refund?,52,request_refund
i don't recognize a charge on my statement.,16,card_payment_not_recognised
is there a cost to receive money?,56,top_up_by_bank_transfer_charge
i need urgent help. i realize i sent my payment to the wrong account number. i made a typo. please cancel the transfer immediately. i cannot do anything from the app.,8,cancel_transfer
my withdrawals were going smooth until i got declined today. what is going on?,26,declined_cash_withdrawal
why was my transaction charged an extra fee when paying with my card?,15,card_payment_fee_charged
explain the payment that was declined!,25,declined_card_payment
"i can't find my card, it is lost.",41,lost_or_stolen_card
i have cash deposit to my account but it is experiencing a problem,6,balance_not_updated_after_cheque_or_cash_deposit
"i just transferred some money into my account and do not see it updated yet, can you assist?",5,balance_not_updated_after_bank_transfer
i was at the atm trying to made a withdraw and i was declined.,26,declined_cash_withdrawal
can i exchange usd for gbp in your app?,33,exchange_via_app
my identity verification is not working.,68,unable_to_verify_identity
why can't i verify my id?,68,unable_to_verify_identity
there is an atm withdrawl in the app i don't recognize.,20,cash_withdrawal_not_recognised
why has my card payment been declined?,25,declined_card_payment
"if there isn't a lot of money left, will it automatically top-up money?",4,automatic_top_up
card refund is not showing up in my statement.,51,Refund_not_showing_up
what countries have access to this service.,24,country_support
why do i need to verify my identity?,74,why_verify_identity
"hi, please help me, as i have transferred some amount but receiver did not get the same amount. he received a bit less. due to this again i need to transfer the difference. i have transferred money but beneficiary's account is credited with less amount. now i have transfer the difference of the amount. i think there is some issue, could you please look into this.",64,transfer_fee_charged
"hi, i'm in progress of purchasing a flat and am trying to make to make a payment. an error is appearing, and i need assistance.",35,failed_transfer
"i locked myself out of my account, how do i unblock my pin?",49,pin_blocked
is there a limit for top up?,60,top_up_limits
what are the steps for my friend to send me money?,50,receiving_money
what is the limit on auto top?,4,automatic_top_up
why is there an extra charge on my statement.,34,extra_charge_on_statement
"how do i reset my pin, i can't seem to use my card?",49,pin_blocked
i updated by balance with a cheque yesterday but it isn't showing on my account. did something go wrong?,6,balance_not_updated_after_cheque_or_cash_deposit
your exchange rates are coming from where?,32,exchange_rate
"i bought something, but the exchange rate looks wrong.",17,card_payment_wrong_exchange_rate
"i transferred some money recently and saw a fee on my account, what's that for?",64,transfer_fee_charged
is it possible for a friend to personally send me a payment?,50,receiving_money
is it possible to get both mastercard and visa card from you?,73,visa_or_mastercard
how can i change my pin? help.,21,change_pin
how can i change currency type?,33,exchange_via_app
cash deposit to my account has shown a red flag.,6,balance_not_updated_after_cheque_or_cash_deposit
i ordered my card 2 weeks ago and it still isn't here? what do i do?,11,card_arrival
why am i seeing a transfer fee on my bank statement?,64,transfer_fee_charged
does it cost extra to exchange currencies?,31,exchange_charge
why would my top up be cancelled?,61,top_up_reverted
the atm ate my card.,18,card_swallowed
"i see my top-up was canceled, but why?",61,top_up_reverted
where can i have a virtual card,40,getting_virtual_card
how do i change my card pin?,21,change_pin
can i change my pin through the app?,21,change_pin
do you support direct deposits from my employer?,50,receiving_money
"i just finished sending money, but it's not logging on the recipient side.",66,transfer_not_received_by_recipient
is it possible to purchase more physical cards with my account?,39,getting_spare_card
does it cost me to add cash?,56,top_up_by_bank_transfer_charge
why isn't my card working? i was pumped to use my new card but it keeps getting declined. help please.,25,declined_card_payment
"why won't you take my transfer, i keep getting an error message.",7,beneficiary_not_allowed
how can i change the currency i'm exchanging from aud to gbp?,33,exchange_via_app
you accepts my card?,10,card_acceptance
need to report a change of address.,30,edit_personal_details
the card payment didn't work,53,reverted_card_payment?
i don't recognize this payment,16,card_payment_not_recognised
when do i get charged a fee for using the card?,15,card_payment_fee_charged
why did my top up get pulled back out?,61,top_up_reverted
can i reset my pin?,21,change_pin
"i tried to withdraw money, but was unable to. still says that the transaction is pending? will this money disappear??",46,pending_cash_withdrawal
what's the right way to activate my card?,0,activate_my_card
how do i top up my card?,65,transfer_into_account
a transfer has to be cancelled.,8,cancel_transfer
"i was overcharged at an atm while on vacation. i needed cash so i had to use it, but your charges are outregous and i wish i would have known beforehand.",76,wrong_exchange_rate_for_cash_withdrawal
is it possible to have both a visa and a mastercard from you?,73,visa_or_mastercard
"how do i close my account, since i'm dissatisfied?",55,terminate_account
how do i get a new expiration date?,9,card_about_to_expire
how much does it cost to add money to my card,57,top_up_by_card_charge
"i have been waiting for my transfer, shouldn't it be here already?",67,transfer_timing
i don't think i made this charge on my debit statement.,28,direct_debit_payment_not_recognised
i'm unsure of a withdrawl in my statement.,20,cash_withdrawal_not_recognised
i just completed a bank transfer and the balance didn't update,5,balance_not_updated_after_bank_transfer
is there a limit on the number of times i can use a disposable card?,29,disposable_card_limits
i withdrew cash and was charged,19,cash_withdrawal_charge
is the bank the only place i can change my pin>,21,change_pin
how can i link my bank to my top up account?,65,transfer_into_account
how do i stop fraud to my card?,22,compromised_card
"the activation process did not work, please help?",0,activate_my_card
i can see an extra 1£ charge on my app. why did you charge me extra?,34,extra_charge_on_statement
i see i was charged $1 for a transaction.,34,extra_charge_on_statement
what is the fee for a foreign currency exchange?,31,exchange_charge
what exchange rate is it?,32,exchange_rate
my identity can't be verified for some reason,68,unable_to_verify_identity
can i hold more than one currency?,36,fiat_currency_support
i would like to track the card you sent to me.,11,card_arrival
why am i being charged a fee for transferring money?,64,transfer_fee_charged
the exchange rate on my payment doesn't look right,17,card_payment_wrong_exchange_rate
i'm suddenly getting an error while attempting a transfer that it isn't possible. why? i've done it before.,7,beneficiary_not_allowed
where do i go to get my new card linked?,13,card_linking
i was charged for the same thing twice,63,transaction_charged_twice
i need my card asap!,12,card_delivery_estimate
is there a discount for frequently exchanging currencies?,31,exchange_charge
